cash_start_dt,cash_end_dt,duration_trading_days,underlying_start_p,underlying_end_p,underlying_return_pct,Config,Asset
2014-04-16,2014-05-20,23,10.657999992370604,9.697999954223633,-9.007318810604005,C0_Baseline,NOW
2014-07-14,2014-07-15,1,11.510000228881836,11.20400047302246,-2.658555601862953,C0_Baseline,NOW
2014-12-09,2014-12-18,7,12.406000137329102,13.616000175476074,9.753345355092625,C0_Baseline,NOW
2015-02-02,2015-02-03,1,14.597999572753906,14.529999732971191,-0.4658161513419383,C0_Baseline,NOW
2015-03-02,2015-03-03,1,15.288000106811523,15.09000015258789,-1.2951331295151844,C0_Baseline,NOW
2015-04-14,2015-04-15,1,16.040000915527344,16.149999618530273,0.6857774110003115,C0_Baseline,NOW
2015-07-02,2015-07-15,8,14.906000137329102,15.515999794006348,4.092309479788772,C0_Baseline,NOW
2015-08-07,2015-10-08,43,15.390000343322754,14.604000091552734,-5.107213997633475,C0_Baseline,NOW
2016-01-14,2016-02-18,23,15.642000198364258,10.85200023651123,-30.62268188919941,C0_Baseline,NOW
2016-05-12,2016-05-13,1,13.494000434875488,13.48799991607666,-0.04446804954385265,C0_Baseline,NOW
2016-06-22,2016-06-23,1,14.383999824523926,15.03600025177002,4.5328172636269715,C0_Baseline,NOW
2016-08-23,2016-08-26,3,14.52400016784668,14.699999809265137,1.2117849035012138,C0_Baseline,NOW
2016-09-14,2016-09-20,4,14.51200008392334,15.055999755859377,3.748619547891884,C0_Baseline,NOW
2016-11-02,2016-11-03,1,16.917999267578125,16.775999069213867,-0.8393439207459292,C0_Baseline,NOW
2017-05-18,2017-05-19,1,19.79400062561035,19.86000061035156,0.33343428642623,C0_Baseline,NOW
2017-06-06,2017-06-07,1,21.573999404907227,21.63800048828125,0.29665840891543616,C0_Baseline,NOW
2017-07-14,2017-07-17,1,22.076000213623047,22.0,-0.3442662297862605,C0_Baseline,NOW
2017-09-05,2017-09-06,1,23.229999542236328,22.93600082397461,-1.2655993286920908,C0_Baseline,NOW
2017-10-10,2017-10-11,1,24.191999435424805,24.13599967956543,-0.2314804777044327,C0_Baseline,NOW
2018-01-19,2018-01-22,1,28.45400047302246,28.780000686645508,1.1457095951486018,C0_Baseline,NOW
2018-02-14,2018-02-15,1,29.54800033569336,30.507999420166016,3.2489477242661247,C0_Baseline,NOW
2018-02-27,2018-02-28,1,32.667999267578125,32.20199966430664,-1.4264712064383236,C0_Baseline,NOW
2018-03-14,2018-03-15,1,35.06800079345703,34.76599884033203,-0.8611895354506418,C0_Baseline,NOW
2018-04-12,2018-04-13,1,33.7140007019043,33.380001068115234,-0.990685254895296,C0_Baseline,NOW
2018-05-09,2018-05-10,1,36.007999420166016,35.79600143432617,-0.5887524696001739,C0_Baseline,NOW
2018-06-08,2018-06-11,1,35.63800048828125,36.01599884033203,1.0606609430152443,C0_Baseline,NOW
2018-07-16,2018-07-17,1,37.81600189208984,38.2400016784668,1.1212179108380318,C0_Baseline,NOW
2018-08-31,2018-09-04,1,39.27199935913086,40.05199813842773,1.9861448157095567,C0_Baseline,NOW
2019-01-02,2019-01-03,1,35.66400146484375,33.82400131225586,-5.159264459995311,C0_Baseline,NOW
2019-02-07,2019-02-08,1,45.391998291015625,45.71200180053711,0.7049777969013147,C0_Baseline,NOW
2019-03-05,2019-03-06,1,47.20000076293945,46.62200164794922,-1.2245743763717656,C0_Baseline,NOW
2019-04-02,2019-04-03,1,49.36399841308594,49.428001403808594,0.12965519970053652,C0_Baseline,NOW
2019-05-01,2019-05-02,1,54.08000183105469,52.53400039672852,-2.858730366089586,C0_Baseline,NOW
2019-05-29,2019-05-30,1,52.8380012512207,52.52000045776367,-0.6018410725740398,C0_Baseline,NOW
2019-07-01,2019-07-02,1,56.70199966430664,57.6619987487793,1.6930603685163619,C0_Baseline,NOW
2019-07-15,2019-07-16,1,60.220001220703125,59.09999847412109,-1.8598517500477747,C0_Baseline,NOW
2020-03-12,2020-05-04,36,52.42399978637695,70.9280014038086,35.29681385020939,C0_Baseline,NOW
2020-05-07,2020-05-08,1,76.36599731445312,75.4520034790039,-1.1968596857128129,C0_Baseline,NOW
2020-06-02,2020-06-03,1,78.58000183105469,77.61799621582031,-1.2242372013462999,C0_Baseline,NOW
2020-07-06,2020-07-07,1,83.28800201416016,82.3479995727539,-1.128616869986191,C0_Baseline,NOW
2020-07-29,2020-07-30,1,89.14199829101562,86.27999877929688,-3.2106073081011504,C0_Baseline,NOW
2020-08-28,2020-08-31,1,97.5739974975586,96.40399932861328,-1.199088075667482,C0_Baseline,NOW
2020-09-24,2020-09-25,1,92.02400207519533,95.99400329589844,4.314093205226083,C0_Baseline,NOW
2020-10-13,2020-10-14,1,103.66000366210938,103.37799835205078,-0.2720483311748855,C0_Baseline,NOW
2020-11-10,2020-11-16,4,96.25599670410156,100.45600128173828,4.36336926679785,C0_Baseline,NOW
2020-12-10,2020-12-11,1,107.5999984741211,107.47200012207033,-0.11895757794230077,C0_Baseline,NOW
2021-02-04,2021-02-05,1,117.7959976196289,117.9459991455078,0.12734008702337826,C0_Baseline,NOW
2021-09-08,2021-09-09,1,130.75999450683594,130.03799438476562,-0.5521567393707465,C0_Baseline,NOW
2021-10-21,2021-10-22,1,137.26800537109375,137.3300018310547,0.04516453764541469,C0_Baseline,NOW
2022-03-02,2022-03-22,14,117.41200256347656,117.73200225830078,0.27254427812967164,C0_Baseline,NOW
2022-04-06,2022-04-29,16,105.58999633789062,95.62000274658205,-9.442176282878496,C0_Baseline,NOW
2022-05-19,2022-05-23,2,85.35199737548828,86.02400207519531,0.7873333025244705,C0_Baseline,NOW
2022-06-17,2022-06-28,6,88.75800323486328,94.68800354003906,6.68108800226652,C0_Baseline,NOW
2022-07-01,2022-07-05,1,96.87200164794922,99.18599700927734,2.3887143054374085,C0_Baseline,NOW
2022-07-25,2022-08-08,10,88.0,98.98999786376952,12.488633936101724,C0_Baseline,NOW
2022-08-25,2022-09-08,9,93.20600128173828,90.15399932861328,-3.274469359434878,C0_Baseline,NOW
2022-09-16,2022-10-04,12,85.16000366210938,82.30999755859375,-3.3466486389827286,C0_Baseline,NOW
2022-10-27,2022-11-01,3,83.13400268554688,83.71199798583984,0.6952573936313728,C0_Baseline,NOW
2022-11-22,2022-11-28,3,80.05599975585938,80.38600158691406,0.4122137404580153,C0_Baseline,NOW
2022-12-16,2022-12-19,1,78.8740005493164,76.45999908447266,-3.060579466023639,C0_Baseline,NOW
2023-01-06,2023-01-18,7,73.30599975585938,83.23999786376953,13.551412082223363,C0_Baseline,NOW
2023-02-27,2023-02-28,1,85.71399688720703,86.43399810791016,0.8400042546733537,C0_Baseline,NOW
2023-03-23,2023-04-05,9,88.09400177001953,93.46600341796876,6.0980333961596145,C0_Baseline,NOW
2023-05-22,2023-05-23,1,102.27799987792967,100.02799987792967,-2.19988658625062,C0_Baseline,NOW
2023-06-07,2023-06-08,1,105.66400146484376,107.06800079345705,1.3287395036619127,C0_Baseline,NOW
2023-07-05,2023-07-06,1,113.1520004272461,111.16600036621094,-1.7551612464086346,C0_Baseline,NOW
2023-08-03,2023-08-04,1,112.08000183105467,110.32599639892578,-1.564958425654575,C0_Baseline,NOW
2023-09-01,2023-09-05,1,118.1760025024414,119.43199920654295,1.0628187428116809,C0_Baseline,NOW
2023-10-26,2023-11-02,5,110.19000244140624,119.88600158691406,8.799345612741677,C0_Baseline,NOW
2023-11-16,2023-11-17,1,130.45599365234375,130.8719940185547,0.31888175818088504,C0_Baseline,NOW
2023-12-14,2023-12-15,1,136.0780029296875,139.6479949951172,2.623489460875119,C0_Baseline,NOW
2024-01-10,2024-01-11,1,142.86000061035156,145.29200744628906,1.7023707304683282,C0_Baseline,NOW
2024-01-29,2024-01-30,1,157.447998046875,157.14599609375,-0.19181060214883697,C0_Baseline,NOW
2024-02-28,2024-02-29,1,151.95799255371094,154.26800537109375,1.520165394766134,C0_Baseline,NOW
2024-05-31,2024-06-24,15,131.38600158691406,147.91799926757812,12.58276945868382,C0_Baseline,NOW
2024-11-11,2024-11-12,1,207.20199584960932,209.6580047607422,1.1853210684879125,C0_Baseline,NOW
2024-12-06,2024-12-09,1,224.8679962158203,224.0959930419922,-0.34331393831925455,C0_Baseline,NOW
2025-01-07,2025-01-08,1,210.8300018310547,209.8159942626953,-0.48095980626701035,C0_Baseline,NOW
2025-04-09,2025-04-10,1,165.19000244140625,156.697998046875,-5.140749602896463,C0_Baseline,NOW
2025-04-11,2025-04-29,11,157.13400268554688,188.572006225586,20.00712958541008,C0_Baseline,NOW
2025-06-18,2025-06-20,1,196.4160003662109,194.2819976806641,-1.086470899299468,C0_Baseline,NOW
2025-07-16,2025-09-18,45,193.3939971923828,189.54800415039065,-1.988682739809279,C0_Baseline,NOW
2025-09-26,2025-10-01,3,187.1999969482422,182.48599243164065,-2.518164846928326,C0_Baseline,NOW
2025-11-03,2025-12-02,20,182.7680053710937,164.87600708007812,-9.789458638938202,C0_Baseline,NOW
2025-12-19,2026-01-26,23,155.30999755859375,136.33999633789062,-12.214282093170672,C0_Baseline,NOW
2026-02-04,2026-02-17,8,111.06999969482422,105.91000366210938,-4.645715356885245,C0_Baseline,NOW
2026-03-23,2026-04-17,18,110.9499969482422,96.66000366210938,-12.879669832527405,C0_Baseline,NOW
2026-05-07,2026-05-21,10,93.58999633789062,99.69000244140624,6.517797138801656,C0_Baseline,NOW
2026-06-10,2026-06-11,1,106.05999755859376,103.08000183105467,-2.8097263776503167,C0_Baseline,NOW
2026-07-01,2026-07-07,3,105.8000030517578,110.7300033569336,4.659735503754209,C0_Baseline,NOW
2026-07-22,2026-07-30,6,95.45999908447266,110.06999969482422,15.304840509607754,C0_Baseline,NOW
2014-04-16,2014-05-20,23,10.657999992370604,9.697999954223633,-9.007318810604005,C1_Score_Decouple,NOW
2014-07-14,2014-07-15,1,11.510000228881836,11.20400047302246,-2.658555601862953,C1_Score_Decouple,NOW
2014-12-09,2014-12-18,7,12.406000137329102,13.616000175476074,9.753345355092625,C1_Score_Decouple,NOW
2015-02-06,2015-02-09,1,14.98799991607666,14.576000213623049,-2.7488637894352133,C1_Score_Decouple,NOW
2015-03-19,2015-03-20,1,16.091999053955078,15.87600040435791,-1.342273566341529,C1_Score_Decouple,NOW
2015-04-14,2015-04-15,1,16.040000915527344,16.149999618530273,0.6857774110003115,C1_Score_Decouple,NOW
2015-07-02,2015-07-15,8,14.906000137329102,15.515999794006348,4.092309479788772,C1_Score_Decouple,NOW
2015-08-07,2015-10-08,43,15.390000343322754,14.604000091552734,-5.107213997633475,C1_Score_Decouple,NOW
2016-01-14,2016-02-18,23,15.642000198364258,10.85200023651123,-30.62268188919941,C1_Score_Decouple,NOW
2016-05-12,2016-05-13,1,13.494000434875488,13.48799991607666,-0.04446804954385265,C1_Score_Decouple,NOW
2016-06-22,2016-06-23,1,14.383999824523926,15.03600025177002,4.5328172636269715,C1_Score_Decouple,NOW
2016-08-23,2016-08-26,3,14.52400016784668,14.699999809265137,1.2117849035012138,C1_Score_Decouple,NOW
2016-09-14,2016-09-20,4,14.51200008392334,15.055999755859377,3.748619547891884,C1_Score_Decouple,NOW
2016-11-02,2016-11-03,1,16.917999267578125,16.775999069213867,-0.8393439207459292,C1_Score_Decouple,NOW
2017-05-31,2017-06-01,1,20.93000030517578,21.302000045776367,1.7773518164192006,C1_Score_Decouple,NOW
2017-06-28,2017-06-29,1,21.761999130249023,21.16399955749512,-2.7479073460796513,C1_Score_Decouple,NOW
2017-09-05,2017-09-06,1,23.229999542236328,22.93600082397461,-1.2655993286920908,C1_Score_Decouple,NOW
2017-10-10,2017-10-11,1,24.191999435424805,24.13599967956543,-0.2314804777044327,C1_Score_Decouple,NOW
2018-01-19,2018-01-22,1,28.45400047302246,28.780000686645508,1.1457095951486018,C1_Score_Decouple,NOW
2018-02-14,2018-02-15,1,29.54800033569336,30.507999420166016,3.2489477242661247,C1_Score_Decouple,NOW
2018-02-27,2018-02-28,1,32.667999267578125,32.20199966430664,-1.4264712064383236,C1_Score_Decouple,NOW
2018-03-14,2018-03-15,1,35.06800079345703,34.76599884033203,-0.8611895354506418,C1_Score_Decouple,NOW
2018-04-12,2018-04-13,1,33.7140007019043,33.380001068115234,-0.990685254895296,C1_Score_Decouple,NOW
2018-05-09,2018-05-10,1,36.007999420166016,35.79600143432617,-0.5887524696001739,C1_Score_Decouple,NOW
2018-06-08,2018-06-11,1,35.63800048828125,36.01599884033203,1.0606609430152443,C1_Score_Decouple,NOW
2018-07-16,2018-07-17,1,37.81600189208984,38.2400016784668,1.1212179108380318,C1_Score_Decouple,NOW
2018-08-31,2018-09-04,1,39.27199935913086,40.05199813842773,1.9861448157095567,C1_Score_Decouple,NOW
2019-01-02,2019-01-03,1,35.66400146484375,33.82400131225586,-5.159264459995311,C1_Score_Decouple,NOW
2019-02-07,2019-02-08,1,45.391998291015625,45.71200180053711,0.7049777969013147,C1_Score_Decouple,NOW
2019-03-05,2019-03-06,1,47.20000076293945,46.62200164794922,-1.2245743763717656,C1_Score_Decouple,NOW
2019-04-02,2019-04-03,1,49.36399841308594,49.428001403808594,0.12965519970053652,C1_Score_Decouple,NOW
2019-05-01,2019-05-02,1,54.08000183105469,52.53400039672852,-2.858730366089586,C1_Score_Decouple,NOW
2019-05-29,2019-05-30,1,52.8380012512207,52.52000045776367,-0.6018410725740398,C1_Score_Decouple,NOW
2019-07-01,2019-07-02,1,56.70199966430664,57.6619987487793,1.6930603685163619,C1_Score_Decouple,NOW
2019-07-15,2019-07-16,1,60.220001220703125,59.09999847412109,-1.8598517500477747,C1_Score_Decouple,NOW
2020-03-12,2020-05-04,36,52.42399978637695,70.9280014038086,35.29681385020939,C1_Score_Decouple,NOW
2020-05-07,2020-05-08,1,76.36599731445312,75.4520034790039,-1.1968596857128129,C1_Score_Decouple,NOW
2020-06-02,2020-06-03,1,78.58000183105469,77.61799621582031,-1.2242372013462999,C1_Score_Decouple,NOW
2020-07-06,2020-07-07,1,83.28800201416016,82.3479995727539,-1.128616869986191,C1_Score_Decouple,NOW
2020-07-29,2020-07-30,1,89.14199829101562,86.27999877929688,-3.2106073081011504,C1_Score_Decouple,NOW
2020-08-28,2020-08-31,1,97.5739974975586,96.40399932861328,-1.199088075667482,C1_Score_Decouple,NOW
2020-09-24,2020-09-25,1,92.02400207519533,95.99400329589844,4.314093205226083,C1_Score_Decouple,NOW
2020-10-13,2020-10-14,1,103.66000366210938,103.37799835205078,-0.2720483311748855,C1_Score_Decouple,NOW
2020-11-10,2020-11-16,4,96.25599670410156,100.45600128173828,4.36336926679785,C1_Score_Decouple,NOW
2020-12-10,2020-12-11,1,107.5999984741211,107.47200012207033,-0.11895757794230077,C1_Score_Decouple,NOW
2021-02-04,2021-02-05,1,117.7959976196289,117.9459991455078,0.12734008702337826,C1_Score_Decouple,NOW
2021-09-08,2021-09-09,1,130.75999450683594,130.03799438476562,-0.5521567393707465,C1_Score_Decouple,NOW
2021-10-21,2021-10-22,1,137.26800537109375,137.3300018310547,0.04516453764541469,C1_Score_Decouple,NOW
2022-03-02,2022-03-22,14,117.41200256347656,117.73200225830078,0.27254427812967164,C1_Score_Decouple,NOW
2022-04-06,2022-04-29,16,105.58999633789062,95.62000274658205,-9.442176282878496,C1_Score_Decouple,NOW
2022-05-19,2022-05-23,2,85.35199737548828,86.02400207519531,0.7873333025244705,C1_Score_Decouple,NOW
2022-06-17,2022-06-28,6,88.75800323486328,94.68800354003906,6.68108800226652,C1_Score_Decouple,NOW
2022-07-01,2022-07-05,1,96.87200164794922,99.18599700927734,2.3887143054374085,C1_Score_Decouple,NOW
2022-07-25,2022-08-08,10,88.0,98.98999786376952,12.488633936101724,C1_Score_Decouple,NOW
2022-08-25,2022-09-08,9,93.20600128173828,90.15399932861328,-3.274469359434878,C1_Score_Decouple,NOW
2022-09-16,2022-10-04,12,85.16000366210938,82.30999755859375,-3.3466486389827286,C1_Score_Decouple,NOW
2022-10-27,2022-11-01,3,83.13400268554688,83.71199798583984,0.6952573936313728,C1_Score_Decouple,NOW
2022-11-22,2022-11-28,3,80.05599975585938,80.38600158691406,0.4122137404580153,C1_Score_Decouple,NOW
2022-12-16,2022-12-19,1,78.8740005493164,76.45999908447266,-3.060579466023639,C1_Score_Decouple,NOW
2023-01-06,2023-01-18,7,73.30599975585938,83.23999786376953,13.551412082223363,C1_Score_Decouple,NOW
2023-02-27,2023-02-28,1,85.71399688720703,86.43399810791016,0.8400042546733537,C1_Score_Decouple,NOW
2023-03-23,2023-04-05,9,88.09400177001953,93.46600341796876,6.0980333961596145,C1_Score_Decouple,NOW
2023-06-01,2023-06-02,1,108.59200286865234,109.63600158691406,0.9613955822552508,C1_Score_Decouple,NOW
2023-06-30,2023-07-03,1,112.3939971923828,112.5739974975586,0.16015117325856126,C1_Score_Decouple,NOW
2023-07-27,2023-07-28,1,111.97799682617188,113.90799713134766,1.723553162119699,C1_Score_Decouple,NOW
2023-09-01,2023-09-05,1,118.1760025024414,119.43199920654295,1.0628187428116809,C1_Score_Decouple,NOW
2023-10-26,2023-11-02,5,110.19000244140624,119.88600158691406,8.799345612741677,C1_Score_Decouple,NOW
2023-11-16,2023-11-17,1,130.45599365234375,130.8719940185547,0.31888175818088504,C1_Score_Decouple,NOW
2023-12-14,2023-12-15,1,136.0780029296875,139.6479949951172,2.623489460875119,C1_Score_Decouple,NOW
2024-01-10,2024-01-11,1,142.86000061035156,145.29200744628906,1.7023707304683282,C1_Score_Decouple,NOW
2024-01-29,2024-01-30,1,157.447998046875,157.14599609375,-0.19181060214883697,C1_Score_Decouple,NOW
2024-02-28,2024-02-29,1,151.95799255371094,154.26800537109375,1.520165394766134,C1_Score_Decouple,NOW
2024-05-31,2024-06-24,15,131.38600158691406,147.91799926757812,12.58276945868382,C1_Score_Decouple,NOW
2024-11-11,2024-11-12,1,207.20199584960932,209.6580047607422,1.1853210684879125,C1_Score_Decouple,NOW
2024-12-06,2024-12-09,1,224.8679962158203,224.0959930419922,-0.34331393831925455,C1_Score_Decouple,NOW
2025-01-07,2025-01-08,1,210.8300018310547,209.8159942626953,-0.48095980626701035,C1_Score_Decouple,NOW
2025-04-09,2025-04-10,1,165.19000244140625,156.697998046875,-5.140749602896463,C1_Score_Decouple,NOW
2025-04-11,2025-04-29,11,157.13400268554688,188.572006225586,20.00712958541008,C1_Score_Decouple,NOW
2025-06-18,2025-06-20,1,196.4160003662109,194.2819976806641,-1.086470899299468,C1_Score_Decouple,NOW
2025-07-16,2025-09-18,45,193.3939971923828,189.54800415039065,-1.988682739809279,C1_Score_Decouple,NOW
2025-09-26,2025-10-01,3,187.1999969482422,182.48599243164065,-2.518164846928326,C1_Score_Decouple,NOW
2025-11-03,2025-12-02,20,182.7680053710937,164.87600708007812,-9.789458638938202,C1_Score_Decouple,NOW
2025-12-19,2026-01-26,23,155.30999755859375,136.33999633789062,-12.214282093170672,C1_Score_Decouple,NOW
2026-02-04,2026-02-17,8,111.06999969482422,105.91000366210938,-4.645715356885245,C1_Score_Decouple,NOW
2026-03-23,2026-04-17,18,110.9499969482422,96.66000366210938,-12.879669832527405,C1_Score_Decouple,NOW
2026-05-07,2026-05-21,10,93.58999633789062,99.69000244140624,6.517797138801656,C1_Score_Decouple,NOW
2026-06-10,2026-06-11,1,106.05999755859376,103.08000183105467,-2.8097263776503167,C1_Score_Decouple,NOW
2026-07-01,2026-07-07,3,105.8000030517578,110.7300033569336,4.659735503754209,C1_Score_Decouple,NOW
2026-07-22,2026-07-30,6,95.45999908447266,110.06999969482422,15.304840509607754,C1_Score_Decouple,NOW
2014-04-16,2014-05-05,12,10.657999992370604,10.444000244140623,-2.0078790428145012,C2_Panic_Latch,NOW
2014-07-14,2014-07-15,1,11.510000228881836,11.20400047302246,-2.658555601862953,C2_Panic_Latch,NOW
2014-12-09,2014-12-18,7,12.406000137329102,13.616000175476074,9.753345355092625,C2_Panic_Latch,NOW
2015-02-02,2015-02-03,1,14.597999572753906,14.529999732971191,-0.4658161513419383,C2_Panic_Latch,NOW
2015-03-02,2015-03-03,1,15.288000106811523,15.09000015258789,-1.2951331295151844,C2_Panic_Latch,NOW
2015-04-14,2015-04-15,1,16.040000915527344,16.149999618530273,0.6857774110003115,C2_Panic_Latch,NOW
2015-07-02,2015-07-15,8,14.906000137329102,15.515999794006348,4.092309479788772,C2_Panic_Latch,NOW
2015-08-07,2015-10-08,43,15.390000343322754,14.604000091552734,-5.107213997633475,C2_Panic_Latch,NOW
2016-01-14,2016-02-18,23,15.642000198364258,10.85200023651123,-30.62268188919941,C2_Panic_Latch,NOW
2016-05-12,2016-05-13,1,13.494000434875488,13.48799991607666,-0.04446804954385265,C2_Panic_Latch,NOW
2016-06-22,2016-06-23,1,14.383999824523926,15.03600025177002,4.5328172636269715,C2_Panic_Latch,NOW
2016-08-23,2016-08-26,3,14.52400016784668,14.699999809265137,1.2117849035012138,C2_Panic_Latch,NOW
2016-09-14,2016-09-20,4,14.51200008392334,15.055999755859377,3.748619547891884,C2_Panic_Latch,NOW
2016-11-02,2016-11-03,1,16.917999267578125,16.775999069213867,-0.8393439207459292,C2_Panic_Latch,NOW
2017-05-18,2017-05-19,1,19.79400062561035,19.86000061035156,0.33343428642623,C2_Panic_Latch,NOW
2017-06-06,2017-06-07,1,21.573999404907227,21.63800048828125,0.29665840891543616,C2_Panic_Latch,NOW
2017-07-14,2017-07-17,1,22.076000213623047,22.0,-0.3442662297862605,C2_Panic_Latch,NOW
2017-09-05,2017-09-06,1,23.229999542236328,22.93600082397461,-1.2655993286920908,C2_Panic_Latch,NOW
2017-10-10,2017-10-11,1,24.191999435424805,24.13599967956543,-0.2314804777044327,C2_Panic_Latch,NOW
2018-01-19,2018-01-22,1,28.45400047302246,28.780000686645508,1.1457095951486018,C2_Panic_Latch,NOW
2018-02-14,2018-02-15,1,29.54800033569336,30.507999420166016,3.2489477242661247,C2_Panic_Latch,NOW
2018-02-27,2018-02-28,1,32.667999267578125,32.20199966430664,-1.4264712064383236,C2_Panic_Latch,NOW
2018-03-14,2018-03-15,1,35.06800079345703,34.76599884033203,-0.8611895354506418,C2_Panic_Latch,NOW
2018-04-12,2018-04-13,1,33.7140007019043,33.380001068115234,-0.990685254895296,C2_Panic_Latch,NOW
2018-05-09,2018-05-10,1,36.007999420166016,35.79600143432617,-0.5887524696001739,C2_Panic_Latch,NOW
2018-06-08,2018-06-11,1,35.63800048828125,36.01599884033203,1.0606609430152443,C2_Panic_Latch,NOW
2018-07-16,2018-07-17,1,37.81600189208984,38.2400016784668,1.1212179108380318,C2_Panic_Latch,NOW
2018-08-31,2018-09-04,1,39.27199935913086,40.05199813842773,1.9861448157095567,C2_Panic_Latch,NOW
2019-01-02,2019-01-03,1,35.66400146484375,33.82400131225586,-5.159264459995311,C2_Panic_Latch,NOW
2019-02-07,2019-02-08,1,45.391998291015625,45.71200180053711,0.7049777969013147,C2_Panic_Latch,NOW
2019-03-05,2019-03-06,1,47.20000076293945,46.62200164794922,-1.2245743763717656,C2_Panic_Latch,NOW
2019-04-02,2019-04-03,1,49.36399841308594,49.428001403808594,0.12965519970053652,C2_Panic_Latch,NOW
2019-05-01,2019-05-02,1,54.08000183105469,52.53400039672852,-2.858730366089586,C2_Panic_Latch,NOW
2019-05-29,2019-05-30,1,52.8380012512207,52.52000045776367,-0.6018410725740398,C2_Panic_Latch,NOW
2019-07-01,2019-07-02,1,56.70199966430664,57.6619987487793,1.6930603685163619,C2_Panic_Latch,NOW
2019-07-15,2019-07-16,1,60.220001220703125,59.09999847412109,-1.8598517500477747,C2_Panic_Latch,NOW
2020-03-12,2020-04-09,20,52.42399978637695,55.61199951171875,6.081183691310481,C2_Panic_Latch,NOW
2020-05-07,2020-05-08,1,76.36599731445312,75.4520034790039,-1.1968596857128129,C2_Panic_Latch,NOW
2020-06-02,2020-06-03,1,78.58000183105469,77.61799621582031,-1.2242372013462999,C2_Panic_Latch,NOW
2020-07-06,2020-07-07,1,83.28800201416016,82.3479995727539,-1.128616869986191,C2_Panic_Latch,NOW
2020-07-29,2020-07-30,1,89.14199829101562,86.27999877929688,-3.2106073081011504,C2_Panic_Latch,NOW
2020-08-28,2020-08-31,1,97.5739974975586,96.40399932861328,-1.199088075667482,C2_Panic_Latch,NOW
2020-09-24,2020-09-25,1,92.02400207519533,95.99400329589844,4.314093205226083,C2_Panic_Latch,NOW
2020-10-13,2020-10-14,1,103.66000366210938,103.37799835205078,-0.2720483311748855,C2_Panic_Latch,NOW
2020-11-10,2020-11-16,4,96.25599670410156,100.45600128173828,4.36336926679785,C2_Panic_Latch,NOW
2020-12-10,2020-12-11,1,107.5999984741211,107.47200012207033,-0.11895757794230077,C2_Panic_Latch,NOW
2021-02-04,2021-02-05,1,117.7959976196289,117.9459991455078,0.12734008702337826,C2_Panic_Latch,NOW
2021-09-08,2021-09-09,1,130.75999450683594,130.03799438476562,-0.5521567393707465,C2_Panic_Latch,NOW
2021-10-21,2021-10-22,1,137.26800537109375,137.3300018310547,0.04516453764541469,C2_Panic_Latch,NOW
2022-03-02,2022-03-17,11,117.41200256347656,113.33599853515624,-3.4715394843186607,C2_Panic_Latch,NOW
2022-04-06,2022-04-29,16,105.58999633789062,95.62000274658205,-9.442176282878496,C2_Panic_Latch,NOW
2022-05-19,2022-05-23,2,85.35199737548828,86.02400207519531,0.7873333025244705,C2_Panic_Latch,NOW
2022-06-17,2022-06-24,4,88.75800323486328,100.81800079345705,13.587504359107433,C2_Panic_Latch,NOW
2022-07-01,2022-07-05,1,96.87200164794922,99.18599700927734,2.3887143054374085,C2_Panic_Latch,NOW
2022-07-25,2022-08-08,10,88.0,98.98999786376952,12.488633936101724,C2_Panic_Latch,NOW
2022-08-25,2022-09-08,9,93.20600128173828,90.15399932861328,-3.274469359434878,C2_Panic_Latch,NOW
2022-09-16,2022-10-04,12,85.16000366210938,82.30999755859375,-3.3466486389827286,C2_Panic_Latch,NOW
2022-10-27,2022-11-01,3,83.13400268554688,83.71199798583984,0.6952573936313728,C2_Panic_Latch,NOW
2022-11-22,2022-11-28,3,80.05599975585938,80.38600158691406,0.4122137404580153,C2_Panic_Latch,NOW
2022-12-16,2022-12-19,1,78.8740005493164,76.45999908447266,-3.060579466023639,C2_Panic_Latch,NOW
2023-01-06,2023-01-18,7,73.30599975585938,83.23999786376953,13.551412082223363,C2_Panic_Latch,NOW
2023-02-27,2023-02-28,1,85.71399688720703,86.43399810791016,0.8400042546733537,C2_Panic_Latch,NOW
2023-03-23,2023-04-05,9,88.09400177001953,93.46600341796876,6.0980333961596145,C2_Panic_Latch,NOW
2023-05-22,2023-05-23,1,102.27799987792967,100.02799987792967,-2.19988658625062,C2_Panic_Latch,NOW
2023-06-07,2023-06-08,1,105.66400146484376,107.06800079345705,1.3287395036619127,C2_Panic_Latch,NOW
2023-07-05,2023-07-06,1,113.1520004272461,111.16600036621094,-1.7551612464086346,C2_Panic_Latch,NOW
2023-08-03,2023-08-04,1,112.08000183105467,110.32599639892578,-1.564958425654575,C2_Panic_Latch,NOW
2023-09-01,2023-09-05,1,118.1760025024414,119.43199920654295,1.0628187428116809,C2_Panic_Latch,NOW
2023-10-26,2023-11-02,5,110.19000244140624,119.88600158691406,8.799345612741677,C2_Panic_Latch,NOW
2023-11-16,2023-11-17,1,130.45599365234375,130.8719940185547,0.31888175818088504,C2_Panic_Latch,NOW
2023-12-14,2023-12-15,1,136.0780029296875,139.6479949951172,2.623489460875119,C2_Panic_Latch,NOW
2024-01-10,2024-01-11,1,142.86000061035156,145.29200744628906,1.7023707304683282,C2_Panic_Latch,NOW
2024-01-29,2024-01-30,1,157.447998046875,157.14599609375,-0.19181060214883697,C2_Panic_Latch,NOW
2024-02-28,2024-02-29,1,151.95799255371094,154.26800537109375,1.520165394766134,C2_Panic_Latch,NOW
2024-05-31,2024-06-24,15,131.38600158691406,147.91799926757812,12.58276945868382,C2_Panic_Latch,NOW
2024-11-11,2024-11-12,1,207.20199584960932,209.6580047607422,1.1853210684879125,C2_Panic_Latch,NOW
2024-12-06,2024-12-09,1,224.8679962158203,224.0959930419922,-0.34331393831925455,C2_Panic_Latch,NOW
2025-01-07,2025-01-08,1,210.8300018310547,209.8159942626953,-0.48095980626701035,C2_Panic_Latch,NOW
2025-04-09,2025-04-10,1,165.19000244140625,156.697998046875,-5.140749602896463,C2_Panic_Latch,NOW
2025-04-11,2025-04-28,10,157.13400268554688,187.48199462890625,19.313446755436576,C2_Panic_Latch,NOW
2025-06-18,2025-06-20,1,196.4160003662109,194.2819976806641,-1.086470899299468,C2_Panic_Latch,NOW
2025-07-16,2025-08-19,24,193.3939971923828,177.3560028076172,-8.292912198723256,C2_Panic_Latch,NOW
2025-08-20,2025-09-04,10,178.0500030517578,179.71200561523438,0.9334470850828521,C2_Panic_Latch,NOW
2025-09-26,2025-10-01,3,187.1999969482422,182.48599243164065,-2.518164846928326,C2_Panic_Latch,NOW
2025-11-03,2025-12-02,20,182.7680053710937,164.87600708007812,-9.789458638938202,C2_Panic_Latch,NOW
2025-12-19,2026-01-26,23,155.30999755859375,136.33999633789062,-12.214282093170672,C2_Panic_Latch,NOW
2026-02-04,2026-02-17,8,111.06999969482422,105.91000366210938,-4.645715356885245,C2_Panic_Latch,NOW
2026-03-23,2026-04-17,18,110.9499969482422,96.66000366210938,-12.879669832527405,C2_Panic_Latch,NOW
2026-05-07,2026-05-21,10,93.58999633789062,99.69000244140624,6.517797138801656,C2_Panic_Latch,NOW
2026-06-10,2026-06-11,1,106.05999755859376,103.08000183105467,-2.8097263776503167,C2_Panic_Latch,NOW
2026-07-01,2026-07-07,3,105.8000030517578,110.7300033569336,4.659735503754209,C2_Panic_Latch,NOW
2026-07-22,2026-07-30,6,95.45999908447266,110.06999969482422,15.304840509607754,C2_Panic_Latch,NOW
2014-04-16,2014-05-20,23,10.657999992370604,9.697999954223633,-9.007318810604005,C3_Reentry_Handshake,NOW
2014-07-14,2014-07-15,1,11.510000228881836,11.20400047302246,-2.658555601862953,C3_Reentry_Handshake,NOW
2014-12-09,2014-12-18,7,12.406000137329102,13.616000175476074,9.753345355092625,C3_Reentry_Handshake,NOW
2015-02-02,2015-02-17,10,14.597999572753906,15.37600040435791,5.3295030440751985,C3_Reentry_Handshake,NOW
2015-03-02,2015-03-18,12,15.288000106811523,16.010000228881836,4.72265905956285,C3_Reentry_Handshake,NOW
2015-04-02,2015-04-06,1,15.223999977111816,15.64799976348877,2.7850747964687743,C3_Reentry_Handshake,NOW
2015-04-14,2015-05-15,23,16.040000915527344,15.142000198364258,-5.598507892189622,C3_Reentry_Handshake,NOW
2015-07-02,2015-07-15,8,14.906000137329102,15.515999794006348,4.092309479788772,C3_Reentry_Handshake,NOW
2015-08-07,2015-10-08,43,15.390000343322754,14.604000091552734,-5.107213997633475,C3_Reentry_Handshake,NOW
2016-01-14,2016-02-18,23,15.642000198364258,10.85200023651123,-30.62268188919941,C3_Reentry_Handshake,NOW
2016-05-12,2016-05-17,3,13.494000434875488,13.899999618530272,3.0087384805877964,C3_Reentry_Handshake,NOW
2016-06-22,2016-06-24,2,14.383999824523926,14.065999984741213,-2.210788679519732,C3_Reentry_Handshake,NOW
2016-06-28,2016-07-25,18,13.026000022888184,14.711999893188477,12.94334306262703,C3_Reentry_Handshake,NOW
2016-08-23,2016-08-26,3,14.52400016784668,14.699999809265137,1.2117849035012138,C3_Reentry_Handshake,NOW
2016-09-14,2016-09-22,6,14.51200008392334,15.583999633789062,7.386986932651024,C3_Reentry_Handshake,NOW
2016-11-02,2017-01-09,45,16.917999267578125,16.399999618530273,-3.0618256973243456,C3_Reentry_Handshake,NOW
2017-05-18,2017-06-02,10,19.79400062561035,21.459999084472656,8.416683874945232,C3_Reentry_Handshake,NOW
2017-06-06,2017-07-12,25,21.573999404907227,22.45199966430664,4.069714858709526,C3_Reentry_Handshake,NOW
2017-07-14,2017-08-07,16,22.076000213623047,21.75200080871582,-1.467654474415557,C3_Reentry_Handshake,NOW
2017-09-05,2017-10-04,21,23.229999542236328,23.61199951171875,1.6444252131295873,C3_Reentry_Handshake,NOW
2017-10-10,2017-10-25,11,24.191999435424805,24.92399978637696,3.0257951721025322,C3_Reentry_Handshake,NOW
2018-01-19,2018-02-02,10,28.45400047302246,29.95199966430664,5.264634731079198,C3_Reentry_Handshake,NOW
2018-02-09,2018-02-12,1,29.03199958801269,29.44799995422364,1.4329029075307465,C3_Reentry_Handshake,NOW
2018-02-14,2018-03-05,12,29.54800033569336,33.65999984741211,13.916337704760148,C3_Reentry_Handshake,NOW
2018-03-14,2018-04-18,24,35.06800079345703,34.86000061035156,-0.5931338496612482,C3_Reentry_Handshake,NOW
2018-04-25,2018-05-08,9,31.600000381469727,35.20600128173828,11.41139511625803,C3_Reentry_Handshake,NOW
2018-05-09,2018-05-18,7,36.007999420166016,34.78799819946289,-3.3881394144320955,C3_Reentry_Handshake,NOW
2018-06-08,2018-07-06,19,35.63800048828125,36.43199920654297,2.227955293178716,C3_Reentry_Handshake,NOW
2018-07-16,2018-08-24,29,37.81600189208984,38.71200180053711,2.3693671028578343,C3_Reentry_Handshake,NOW
2018-08-31,2018-11-30,63,39.27199935913086,37.05400085449219,-5.647786058345869,C3_Reentry_Handshake,NOW
2018-12-18,2019-01-02,9,34.7140007019043,35.66400146484375,2.7366501807074606,C3_Reentry_Handshake,NOW
2019-02-07,2019-02-25,11,45.391998291015625,47.400001525878906,4.423694286357784,C3_Reentry_Handshake,NOW
2019-03-05,2019-03-21,12,47.20000076293945,50.18999862670898,6.334741134405264,C3_Reentry_Handshake,NOW
2019-04-02,2019-04-23,14,49.36399841308594,48.709999084472656,-1.324850801469745,C3_Reentry_Handshake,NOW
2019-05-01,2019-05-17,12,54.08000183105469,54.59799957275391,0.9578360284037062,C3_Reentry_Handshake,NOW
2019-05-29,2019-06-19,15,52.8380012512207,57.10200119018555,8.069949350830779,C3_Reentry_Handshake,NOW
2019-07-01,2019-09-05,46,56.70199966430664,53.92399978637695,-4.899297898445037,C3_Reentry_Handshake,NOW
2019-09-10,2019-10-14,24,50.63600158691406,53.88800048828125,6.422305868257193,C3_Reentry_Handshake,NOW
2020-03-12,2020-05-21,49,52.42399978637695,76.72799682617188,46.3604401396908,C3_Reentry_Handshake,NOW
2020-06-02,2020-06-23,15,78.58000183105469,80.18800354003906,2.046324346544995,C3_Reentry_Handshake,NOW
2020-07-06,2020-07-21,11,83.28800201416016,87.44400024414062,4.989912267644371,C3_Reentry_Handshake,NOW
2020-07-29,2020-08-21,17,89.14199829101562,89.88400268554688,0.8323847442917762,C3_Reentry_Handshake,NOW
2020-08-28,2020-10-06,26,97.5739974975586,98.30799865722656,0.7522507824754584,C3_Reentry_Handshake,NOW
2020-10-13,2020-11-06,18,103.66000366210938,107.03600311279295,3.256800435477509,C3_Reentry_Handshake,NOW
2020-11-10,2020-11-16,4,96.25599670410156,100.45600128173828,4.36336926679785,C3_Reentry_Handshake,NOW
2020-12-10,2021-01-29,33,107.5999984741211,108.63200378417967,0.9591127552913371,C3_Reentry_Handshake,NOW
2021-02-04,2021-04-05,40,117.7959976196289,102.8040008544922,-12.727085018242178,C3_Reentry_Handshake,NOW
2021-09-08,2021-10-14,26,130.75999450683594,130.6060028076172,-0.11776667611491796,C3_Reentry_Handshake,NOW
2021-10-21,2021-11-05,11,137.26800537109375,138.40199279785156,0.8261119724819797,C3_Reentry_Handshake,NOW
2022-03-02,2022-03-23,15,117.41200256347656,113.59200286865234,-3.2535001630340212,C3_Reentry_Handshake,NOW
2022-04-06,2022-04-29,16,105.58999633789062,95.62000274658205,-9.442176282878496,C3_Reentry_Handshake,NOW
2022-05-10,2022-05-23,9,86.46399688720703,86.02400207519531,-0.5088763275490208,C3_Reentry_Handshake,NOW
2022-06-17,2022-06-30,8,88.75800323486328,95.10399627685548,7.149769948294147,C3_Reentry_Handshake,NOW
2022-07-01,2022-07-05,1,96.87200164794922,99.18599700927734,2.3887143054374085,C3_Reentry_Handshake,NOW
2022-07-13,2022-07-21,6,84.55400085449219,92.05799865722656,8.87479921340198,C3_Reentry_Handshake,NOW
2022-07-25,2022-08-08,10,88.0,98.98999786376952,12.488633936101724,C3_Reentry_Handshake,NOW
2022-08-23,2022-09-08,11,91.9980010986328,90.15399932861328,-2.0043932998528176,C3_Reentry_Handshake,NOW
2022-09-16,2022-10-04,12,85.16000366210938,82.30999755859375,-3.3466486389827286,C3_Reentry_Handshake,NOW
2022-10-11,2022-10-24,9,74.26000213623047,73.31199645996094,-1.2766033517349065,C3_Reentry_Handshake,NOW
2022-10-27,2022-11-01,3,83.13400268554688,83.71199798583984,0.6952573936313728,C3_Reentry_Handshake,NOW
2022-11-03,2022-11-15,8,77.11199951171875,83.89600372314453,8.797598628466135,C3_Reentry_Handshake,NOW
2022-11-22,2022-12-01,6,80.05599975585938,85.12000274658203,6.32557585460922,C3_Reentry_Handshake,NOW
2022-12-06,2022-12-13,5,77.83000183105469,83.23400115966797,6.94333701847229,C3_Reentry_Handshake,NOW
2022-12-16,2022-12-30,9,78.8740005493164,77.65399932861328,-1.546772335885654,C3_Reentry_Handshake,NOW
2023-01-06,2023-01-18,7,73.30599975585938,83.23999786376953,13.551412082223363,C3_Reentry_Handshake,NOW
2023-02-27,2023-02-28,1,85.71399688720703,86.43399810791016,0.8400042546733537,C3_Reentry_Handshake,NOW
2023-03-23,2023-04-05,9,88.09400177001953,93.46600341796876,6.0980333961596145,C3_Reentry_Handshake,NOW
2023-05-22,2023-06-06,10,102.27799987792967,111.16000366210938,8.684178215041854,C3_Reentry_Handshake,NOW
2023-06-07,2023-07-14,25,105.66400146484376,116.07599639892578,9.853871507550533,C3_Reentry_Handshake,NOW
2023-08-03,2023-08-23,14,112.08000183105467,113.5999984741211,1.3561711440347834,C3_Reentry_Handshake,NOW
2023-09-01,2023-10-10,26,118.1760025024414,111.66000366210938,-5.513808812578016,C3_Reentry_Handshake,NOW
2023-10-26,2023-11-02,5,110.19000244140624,119.88600158691406,8.799345612741677,C3_Reentry_Handshake,NOW
2023-11-16,2023-12-01,10,130.45599365234375,138.1580047607422,5.9039151002320125,C3_Reentry_Handshake,NOW
2023-12-14,2024-01-12,19,136.0780029296875,145.83599853515625,7.170883901427315,C3_Reentry_Handshake,NOW
2024-01-29,2024-02-12,10,157.447998046875,157.47000122070312,0.013974883200213364,C3_Reentry_Handshake,NOW
2024-02-22,2024-02-23,1,153.8419952392578,154.19400024414062,0.22880943810912494,C3_Reentry_Handshake,NOW
2024-02-28,2024-03-21,16,151.95799255371094,154.63600158691406,1.7623350955077655,C3_Reentry_Handshake,NOW
2024-05-31,2024-06-24,15,131.38600158691406,147.91799926757812,12.58276945868382,C3_Reentry_Handshake,NOW
2024-11-11,2024-11-25,10,207.20199584960932,210.54200744628903,1.6119591816595977,C3_Reentry_Handshake,NOW
2024-12-06,2025-01-21,28,224.8679962158203,219.3699951171875,-2.4449904793726303,C3_Reentry_Handshake,NOW
2025-01-31,2025-04-10,48,203.67599487304688,156.697998046875,-23.065063143770917,C3_Reentry_Handshake,NOW
2025-04-11,2025-04-30,12,157.13400268554688,191.0019989013672,21.553575697805016,C3_Reentry_Handshake,NOW
2025-06-18,2025-06-24,3,196.4160003662109,199.26400756835932,1.4499873721277274,C3_Reentry_Handshake,NOW
2025-07-16,2025-09-18,45,193.3939971923828,189.54800415039065,-1.988682739809279,C3_Reentry_Handshake,NOW
2025-09-26,2025-10-24,20,187.1999969482422,186.03399658203125,-0.6228634536427466,C3_Reentry_Handshake,NOW
2025-11-03,2025-12-02,20,182.7680053710937,164.87600708007812,-9.789458638938202,C3_Reentry_Handshake,NOW
2025-12-16,2026-01-26,26,156.2239990234375,136.33999633789062,-12.727879717484239,C3_Reentry_Handshake,NOW
2026-02-04,2026-02-17,8,111.06999969482422,105.91000366210938,-4.645715356885245,C3_Reentry_Handshake,NOW
2026-03-23,2026-04-17,18,110.9499969482422,96.66000366210938,-12.879669832527405,C3_Reentry_Handshake,NOW
2026-04-24,2026-05-05,7,90.16999816894533,92.01000213623048,2.040594437894595,C3_Reentry_Handshake,NOW
2026-05-07,2026-05-21,10,93.58999633789062,99.69000244140624,6.517797138801656,C3_Reentry_Handshake,NOW
2026-06-10,2026-06-16,4,106.05999755859376,101.33000183105467,-4.459735844257364,C3_Reentry_Handshake,NOW
2026-06-18,2026-06-29,6,95.04000091552734,99.97000122070312,5.187289833422479,C3_Reentry_Handshake,NOW
2026-07-01,2026-07-07,3,105.8000030517578,110.7300033569336,4.659735503754209,C3_Reentry_Handshake,NOW
2026-07-15,2026-07-16,1,104.7300033569336,104.01000213623048,-0.6874832403559199,C3_Reentry_Handshake,NOW
2026-07-22,2026-07-30,6,95.45999908447266,110.06999969482422,15.304840509607754,C3_Reentry_Handshake,NOW
2014-04-16,2014-05-05,12,10.657999992370604,10.444000244140623,-2.0078790428145012,C4_Score_Latch,NOW
2014-07-14,2014-07-15,1,11.510000228881836,11.20400047302246,-2.658555601862953,C4_Score_Latch,NOW
2014-12-09,2014-12-18,7,12.406000137329102,13.616000175476074,9.753345355092625,C4_Score_Latch,NOW
2015-02-06,2015-02-09,1,14.98799991607666,14.576000213623049,-2.7488637894352133,C4_Score_Latch,NOW
2015-03-19,2015-03-20,1,16.091999053955078,15.87600040435791,-1.342273566341529,C4_Score_Latch,NOW
2015-04-14,2015-04-15,1,16.040000915527344,16.149999618530273,0.6857774110003115,C4_Score_Latch,NOW
2015-07-02,2015-07-15,8,14.906000137329102,15.515999794006348,4.092309479788772,C4_Score_Latch,NOW
2015-08-07,2015-10-08,43,15.390000343322754,14.604000091552734,-5.107213997633475,C4_Score_Latch,NOW
2016-01-14,2016-02-18,23,15.642000198364258,10.85200023651123,-30.62268188919941,C4_Score_Latch,NOW
2016-05-12,2016-05-13,1,13.494000434875488,13.48799991607666,-0.04446804954385265,C4_Score_Latch,NOW
2016-06-22,2016-06-23,1,14.383999824523926,15.03600025177002,4.5328172636269715,C4_Score_Latch,NOW
2016-08-23,2016-08-26,3,14.52400016784668,14.699999809265137,1.2117849035012138,C4_Score_Latch,NOW
2016-09-14,2016-09-20,4,14.51200008392334,15.055999755859377,3.748619547891884,C4_Score_Latch,NOW
2016-11-02,2016-11-03,1,16.917999267578125,16.775999069213867,-0.8393439207459292,C4_Score_Latch,NOW
2017-05-31,2017-06-01,1,20.93000030517578,21.302000045776367,1.7773518164192006,C4_Score_Latch,NOW
2017-06-28,2017-06-29,1,21.761999130249023,21.16399955749512,-2.7479073460796513,C4_Score_Latch,NOW
2017-09-05,2017-09-06,1,23.229999542236328,22.93600082397461,-1.2655993286920908,C4_Score_Latch,NOW
2017-10-10,2017-10-11,1,24.191999435424805,24.13599967956543,-0.2314804777044327,C4_Score_Latch,NOW
2018-01-19,2018-01-22,1,28.45400047302246,28.780000686645508,1.1457095951486018,C4_Score_Latch,NOW
2018-02-14,2018-02-15,1,29.54800033569336,30.507999420166016,3.2489477242661247,C4_Score_Latch,NOW
2018-02-27,2018-02-28,1,32.667999267578125,32.20199966430664,-1.4264712064383236,C4_Score_Latch,NOW
2018-03-14,2018-03-15,1,35.06800079345703,34.76599884033203,-0.8611895354506418,C4_Score_Latch,NOW
2018-04-12,2018-04-13,1,33.7140007019043,33.380001068115234,-0.990685254895296,C4_Score_Latch,NOW
2018-05-09,2018-05-10,1,36.007999420166016,35.79600143432617,-0.5887524696001739,C4_Score_Latch,NOW
2018-06-08,2018-06-11,1,35.63800048828125,36.01599884033203,1.0606609430152443,C4_Score_Latch,NOW
2018-07-16,2018-07-17,1,37.81600189208984,38.2400016784668,1.1212179108380318,C4_Score_Latch,NOW
2018-08-31,2018-09-04,1,39.27199935913086,40.05199813842773,1.9861448157095567,C4_Score_Latch,NOW
2019-01-02,2019-01-03,1,35.66400146484375,33.82400131225586,-5.159264459995311,C4_Score_Latch,NOW
2019-02-07,2019-02-08,1,45.391998291015625,45.71200180053711,0.7049777969013147,C4_Score_Latch,NOW
2019-03-05,2019-03-06,1,47.20000076293945,46.62200164794922,-1.2245743763717656,C4_Score_Latch,NOW
2019-04-02,2019-04-03,1,49.36399841308594,49.428001403808594,0.12965519970053652,C4_Score_Latch,NOW
2019-05-01,2019-05-02,1,54.08000183105469,52.53400039672852,-2.858730366089586,C4_Score_Latch,NOW
2019-05-29,2019-05-30,1,52.8380012512207,52.52000045776367,-0.6018410725740398,C4_Score_Latch,NOW
2019-07-01,2019-07-02,1,56.70199966430664,57.6619987487793,1.6930603685163619,C4_Score_Latch,NOW
2019-07-15,2019-07-16,1,60.220001220703125,59.09999847412109,-1.8598517500477747,C4_Score_Latch,NOW
2020-03-12,2020-04-09,20,52.42399978637695,55.61199951171875,6.081183691310481,C4_Score_Latch,NOW
2020-05-07,2020-05-08,1,76.36599731445312,75.4520034790039,-1.1968596857128129,C4_Score_Latch,NOW
2020-06-02,2020-06-03,1,78.58000183105469,77.61799621582031,-1.2242372013462999,C4_Score_Latch,NOW
2020-07-06,2020-07-07,1,83.28800201416016,82.3479995727539,-1.128616869986191,C4_Score_Latch,NOW
2020-07-29,2020-07-30,1,89.14199829101562,86.27999877929688,-3.2106073081011504,C4_Score_Latch,NOW
2020-08-28,2020-08-31,1,97.5739974975586,96.40399932861328,-1.199088075667482,C4_Score_Latch,NOW
2020-09-24,2020-09-25,1,92.02400207519533,95.99400329589844,4.314093205226083,C4_Score_Latch,NOW
2020-10-13,2020-10-14,1,103.66000366210938,103.37799835205078,-0.2720483311748855,C4_Score_Latch,NOW
2020-11-10,2020-11-16,4,96.25599670410156,100.45600128173828,4.36336926679785,C4_Score_Latch,NOW
2020-12-10,2020-12-11,1,107.5999984741211,107.47200012207033,-0.11895757794230077,C4_Score_Latch,NOW
2021-02-04,2021-02-05,1,117.7959976196289,117.9459991455078,0.12734008702337826,C4_Score_Latch,NOW
2021-09-08,2021-09-09,1,130.75999450683594,130.03799438476562,-0.5521567393707465,C4_Score_Latch,NOW
2021-10-21,2021-10-22,1,137.26800537109375,137.3300018310547,0.04516453764541469,C4_Score_Latch,NOW
2022-03-02,2022-03-17,11,117.41200256347656,113.33599853515624,-3.4715394843186607,C4_Score_Latch,NOW
2022-04-06,2022-04-29,16,105.58999633789062,95.62000274658205,-9.442176282878496,C4_Score_Latch,NOW
2022-05-19,2022-05-23,2,85.35199737548828,86.02400207519531,0.7873333025244705,C4_Score_Latch,NOW
2022-06-17,2022-06-24,4,88.75800323486328,100.81800079345705,13.587504359107433,C4_Score_Latch,NOW
2022-07-01,2022-07-05,1,96.87200164794922,99.18599700927734,2.3887143054374085,C4_Score_Latch,NOW
2022-07-25,2022-08-08,10,88.0,98.98999786376952,12.488633936101724,C4_Score_Latch,NOW
2022-08-25,2022-09-08,9,93.20600128173828,90.15399932861328,-3.274469359434878,C4_Score_Latch,NOW
2022-09-16,2022-10-04,12,85.16000366210938,82.30999755859375,-3.3466486389827286,C4_Score_Latch,NOW
2022-10-27,2022-11-01,3,83.13400268554688,83.71199798583984,0.6952573936313728,C4_Score_Latch,NOW
2022-11-22,2022-11-28,3,80.05599975585938,80.38600158691406,0.4122137404580153,C4_Score_Latch,NOW
2022-12-16,2022-12-19,1,78.8740005493164,76.45999908447266,-3.060579466023639,C4_Score_Latch,NOW
2023-01-06,2023-01-18,7,73.30599975585938,83.23999786376953,13.551412082223363,C4_Score_Latch,NOW
2023-02-27,2023-02-28,1,85.71399688720703,86.43399810791016,0.8400042546733537,C4_Score_Latch,NOW
2023-03-23,2023-04-05,9,88.09400177001953,93.46600341796876,6.0980333961596145,C4_Score_Latch,NOW
2023-06-01,2023-06-02,1,108.59200286865234,109.63600158691406,0.9613955822552508,C4_Score_Latch,NOW
2023-06-30,2023-07-03,1,112.3939971923828,112.5739974975586,0.16015117325856126,C4_Score_Latch,NOW
2023-07-27,2023-07-28,1,111.97799682617188,113.90799713134766,1.723553162119699,C4_Score_Latch,NOW
2023-09-01,2023-09-05,1,118.1760025024414,119.43199920654295,1.0628187428116809,C4_Score_Latch,NOW
2023-10-26,2023-11-02,5,110.19000244140624,119.88600158691406,8.799345612741677,C4_Score_Latch,NOW
2023-11-16,2023-11-17,1,130.45599365234375,130.8719940185547,0.31888175818088504,C4_Score_Latch,NOW
2023-12-14,2023-12-15,1,136.0780029296875,139.6479949951172,2.623489460875119,C4_Score_Latch,NOW
2024-01-10,2024-01-11,1,142.86000061035156,145.29200744628906,1.7023707304683282,C4_Score_Latch,NOW
2024-01-29,2024-01-30,1,157.447998046875,157.14599609375,-0.19181060214883697,C4_Score_Latch,NOW
2024-02-28,2024-02-29,1,151.95799255371094,154.26800537109375,1.520165394766134,C4_Score_Latch,NOW
2024-05-31,2024-06-24,15,131.38600158691406,147.91799926757812,12.58276945868382,C4_Score_Latch,NOW
2024-11-11,2024-11-12,1,207.20199584960932,209.6580047607422,1.1853210684879125,C4_Score_Latch,NOW
2024-12-06,2024-12-09,1,224.8679962158203,224.0959930419922,-0.34331393831925455,C4_Score_Latch,NOW
2025-01-07,2025-01-08,1,210.8300018310547,209.8159942626953,-0.48095980626701035,C4_Score_Latch,NOW
2025-04-09,2025-04-10,1,165.19000244140625,156.697998046875,-5.140749602896463,C4_Score_Latch,NOW
2025-04-11,2025-04-28,10,157.13400268554688,187.48199462890625,19.313446755436576,C4_Score_Latch,NOW
2025-06-18,2025-06-20,1,196.4160003662109,194.2819976806641,-1.086470899299468,C4_Score_Latch,NOW
2025-07-16,2025-08-19,24,193.3939971923828,177.3560028076172,-8.292912198723256,C4_Score_Latch,NOW
2025-08-20,2025-09-04,10,178.0500030517578,179.71200561523438,0.9334470850828521,C4_Score_Latch,NOW
2025-09-26,2025-10-01,3,187.1999969482422,182.48599243164065,-2.518164846928326,C4_Score_Latch,NOW
2025-11-03,2025-12-02,20,182.7680053710937,164.87600708007812,-9.789458638938202,C4_Score_Latch,NOW
2025-12-19,2026-01-26,23,155.30999755859375,136.33999633789062,-12.214282093170672,C4_Score_Latch,NOW
2026-02-04,2026-02-17,8,111.06999969482422,105.91000366210938,-4.645715356885245,C4_Score_Latch,NOW
2026-03-23,2026-04-17,18,110.9499969482422,96.66000366210938,-12.879669832527405,C4_Score_Latch,NOW
2026-05-07,2026-05-21,10,93.58999633789062,99.69000244140624,6.517797138801656,C4_Score_Latch,NOW
2026-06-10,2026-06-11,1,106.05999755859376,103.08000183105467,-2.8097263776503167,C4_Score_Latch,NOW
2026-07-01,2026-07-07,3,105.8000030517578,110.7300033569336,4.659735503754209,C4_Score_Latch,NOW
2026-07-22,2026-07-30,6,95.45999908447266,110.06999969482422,15.304840509607754,C4_Score_Latch,NOW
2014-04-16,2014-05-20,23,10.657999992370604,9.697999954223633,-9.007318810604005,C5_Score_Reentry,NOW
2014-07-14,2014-07-15,1,11.510000228881836,11.20400047302246,-2.658555601862953,C5_Score_Reentry,NOW
2014-12-09,2014-12-18,7,12.406000137329102,13.616000175476074,9.753345355092625,C5_Score_Reentry,NOW
2015-02-06,2015-02-23,10,14.98799991607666,15.734000205993652,4.977317147678963,C5_Score_Reentry,NOW
2015-03-05,2015-03-06,1,14.9399995803833,14.812000274658203,-0.8567557518084863,C5_Score_Reentry,NOW
2015-03-19,2015-04-09,14,16.091999053955078,16.347999572753906,1.5908559150449895,C5_Score_Reentry,NOW
2015-04-14,2015-05-15,23,16.040000915527344,15.142000198364258,-5.598507892189622,C5_Score_Reentry,NOW
2015-07-02,2015-07-15,8,14.906000137329102,15.515999794006348,4.092309479788772,C5_Score_Reentry,NOW
2015-08-07,2015-10-08,43,15.390000343322754,14.604000091552734,-5.107213997633475,C5_Score_Reentry,NOW
2016-01-14,2016-02-18,23,15.642000198364258,10.85200023651123,-30.62268188919941,C5_Score_Reentry,NOW
2016-05-12,2016-05-17,3,13.494000434875488,13.899999618530272,3.0087384805877964,C5_Score_Reentry,NOW
2016-06-22,2016-06-24,2,14.383999824523926,14.065999984741213,-2.210788679519732,C5_Score_Reentry,NOW
2016-06-28,2016-07-25,18,13.026000022888184,14.711999893188477,12.94334306262703,C5_Score_Reentry,NOW
2016-08-23,2016-08-26,3,14.52400016784668,14.699999809265137,1.2117849035012138,C5_Score_Reentry,NOW
2016-09-14,2016-09-22,6,14.51200008392334,15.583999633789062,7.386986932651024,C5_Score_Reentry,NOW
2016-11-02,2017-01-09,45,16.917999267578125,16.399999618530273,-3.0618256973243456,C5_Score_Reentry,NOW
2017-05-31,2017-07-12,29,20.93000030517578,22.45199966430664,7.271855408212699,C5_Score_Reentry,NOW
2017-09-05,2017-10-04,21,23.229999542236328,23.61199951171875,1.6444252131295873,C5_Score_Reentry,NOW
2017-10-10,2017-10-25,11,24.191999435424805,24.92399978637696,3.0257951721025322,C5_Score_Reentry,NOW
2018-01-19,2018-02-02,10,28.45400047302246,29.95199966430664,5.264634731079198,C5_Score_Reentry,NOW
2018-02-09,2018-02-12,1,29.03199958801269,29.44799995422364,1.4329029075307465,C5_Score_Reentry,NOW
2018-02-14,2018-03-05,12,29.54800033569336,33.65999984741211,13.916337704760148,C5_Score_Reentry,NOW
2018-03-14,2018-04-18,24,35.06800079345703,34.86000061035156,-0.5931338496612482,C5_Score_Reentry,NOW
2018-04-25,2018-05-08,9,31.600000381469727,35.20600128173828,11.41139511625803,C5_Score_Reentry,NOW
2018-05-09,2018-05-18,7,36.007999420166016,34.78799819946289,-3.3881394144320955,C5_Score_Reentry,NOW
2018-06-08,2018-07-06,19,35.63800048828125,36.43199920654297,2.227955293178716,C5_Score_Reentry,NOW
2018-07-16,2018-08-24,29,37.81600189208984,38.71200180053711,2.3693671028578343,C5_Score_Reentry,NOW
2018-08-31,2018-11-30,63,39.27199935913086,37.05400085449219,-5.647786058345869,C5_Score_Reentry,NOW
2018-12-18,2019-01-02,9,34.7140007019043,35.66400146484375,2.7366501807074606,C5_Score_Reentry,NOW
2019-02-07,2019-02-25,11,45.391998291015625,47.400001525878906,4.423694286357784,C5_Score_Reentry,NOW
2019-03-05,2019-03-21,12,47.20000076293945,50.18999862670898,6.334741134405264,C5_Score_Reentry,NOW
2019-04-02,2019-04-23,14,49.36399841308594,48.709999084472656,-1.324850801469745,C5_Score_Reentry,NOW
2019-05-01,2019-05-17,12,54.08000183105469,54.59799957275391,0.9578360284037062,C5_Score_Reentry,NOW
2019-05-29,2019-06-19,15,52.8380012512207,57.10200119018555,8.069949350830779,C5_Score_Reentry,NOW
2019-07-01,2019-09-05,46,56.70199966430664,53.92399978637695,-4.899297898445037,C5_Score_Reentry,NOW
2019-09-10,2019-10-14,24,50.63600158691406,53.88800048828125,6.422305868257193,C5_Score_Reentry,NOW
2020-03-12,2020-05-21,49,52.42399978637695,76.72799682617188,46.3604401396908,C5_Score_Reentry,NOW
2020-06-02,2020-06-23,15,78.58000183105469,80.18800354003906,2.046324346544995,C5_Score_Reentry,NOW
2020-07-06,2020-07-21,11,83.28800201416016,87.44400024414062,4.989912267644371,C5_Score_Reentry,NOW
2020-07-29,2020-08-21,17,89.14199829101562,89.88400268554688,0.8323847442917762,C5_Score_Reentry,NOW
2020-08-28,2020-10-06,26,97.5739974975586,98.30799865722656,0.7522507824754584,C5_Score_Reentry,NOW
2020-10-13,2020-11-06,18,103.66000366210938,107.03600311279295,3.256800435477509,C5_Score_Reentry,NOW
2020-11-10,2020-11-16,4,96.25599670410156,100.45600128173828,4.36336926679785,C5_Score_Reentry,NOW
2020-12-10,2021-01-29,33,107.5999984741211,108.63200378417967,0.9591127552913371,C5_Score_Reentry,NOW
2021-02-04,2021-04-05,40,117.7959976196289,102.8040008544922,-12.727085018242178,C5_Score_Reentry,NOW
2021-09-08,2021-10-14,26,130.75999450683594,130.6060028076172,-0.11776667611491796,C5_Score_Reentry,NOW
2021-10-21,2021-11-05,11,137.26800537109375,138.40199279785156,0.8261119724819797,C5_Score_Reentry,NOW
2022-03-02,2022-03-23,15,117.41200256347656,113.59200286865234,-3.2535001630340212,C5_Score_Reentry,NOW
2022-04-06,2022-04-29,16,105.58999633789062,95.62000274658205,-9.442176282878496,C5_Score_Reentry,NOW
2022-05-10,2022-05-23,9,86.46399688720703,86.02400207519531,-0.5088763275490208,C5_Score_Reentry,NOW
2022-06-17,2022-06-30,8,88.75800323486328,95.10399627685548,7.149769948294147,C5_Score_Reentry,NOW
2022-07-01,2022-07-05,1,96.87200164794922,99.18599700927734,2.3887143054374085,C5_Score_Reentry,NOW
2022-07-13,2022-07-21,6,84.55400085449219,92.05799865722656,8.87479921340198,C5_Score_Reentry,NOW
2022-07-25,2022-08-08,10,88.0,98.98999786376952,12.488633936101724,C5_Score_Reentry,NOW
2022-08-23,2022-09-08,11,91.9980010986328,90.15399932861328,-2.0043932998528176,C5_Score_Reentry,NOW
2022-09-16,2022-10-04,12,85.16000366210938,82.30999755859375,-3.3466486389827286,C5_Score_Reentry,NOW
2022-10-11,2022-10-24,9,74.26000213623047,73.31199645996094,-1.2766033517349065,C5_Score_Reentry,NOW
2022-10-27,2022-11-01,3,83.13400268554688,83.71199798583984,0.6952573936313728,C5_Score_Reentry,NOW
2022-11-03,2022-11-15,8,77.11199951171875,83.89600372314453,8.797598628466135,C5_Score_Reentry,NOW
2022-11-22,2022-12-01,6,80.05599975585938,85.12000274658203,6.32557585460922,C5_Score_Reentry,NOW
2022-12-06,2022-12-13,5,77.83000183105469,83.23400115966797,6.94333701847229,C5_Score_Reentry,NOW
2022-12-16,2022-12-30,9,78.8740005493164,77.65399932861328,-1.546772335885654,C5_Score_Reentry,NOW
2023-01-06,2023-01-18,7,73.30599975585938,83.23999786376953,13.551412082223363,C5_Score_Reentry,NOW
2023-02-27,2023-02-28,1,85.71399688720703,86.43399810791016,0.8400042546733537,C5_Score_Reentry,NOW
2023-03-23,2023-04-05,9,88.09400177001953,93.46600341796876,6.0980333961596145,C5_Score_Reentry,NOW
2023-06-01,2023-06-15,10,108.59200286865234,114.8740005493164,5.784954245905626,C5_Score_Reentry,NOW
2023-06-26,2023-06-27,1,107.59400177001952,107.99199676513672,0.3699044450153548,C5_Score_Reentry,NOW
2023-06-30,2023-07-18,11,112.3939971923828,119.4260025024414,6.256566618964579,C5_Score_Reentry,NOW
2023-07-27,2023-08-23,19,111.97799682617188,113.5999984741211,1.448500324994311,C5_Score_Reentry,NOW
2023-09-01,2023-10-10,26,118.1760025024414,111.66000366210938,-5.513808812578016,C5_Score_Reentry,NOW
2023-10-26,2023-11-02,5,110.19000244140624,119.88600158691406,8.799345612741677,C5_Score_Reentry,NOW
2023-11-16,2023-12-01,10,130.45599365234375,138.1580047607422,5.9039151002320125,C5_Score_Reentry,NOW
2023-12-14,2024-01-12,19,136.0780029296875,145.83599853515625,7.170883901427315,C5_Score_Reentry,NOW
2024-01-29,2024-02-12,10,157.447998046875,157.47000122070312,0.013974883200213364,C5_Score_Reentry,NOW
2024-02-22,2024-02-23,1,153.8419952392578,154.19400024414062,0.22880943810912494,C5_Score_Reentry,NOW
2024-02-28,2024-03-21,16,151.95799255371094,154.63600158691406,1.7623350955077655,C5_Score_Reentry,NOW
2024-05-31,2024-06-24,15,131.38600158691406,147.91799926757812,12.58276945868382,C5_Score_Reentry,NOW
2024-11-11,2024-11-25,10,207.20199584960932,210.54200744628903,1.6119591816595977,C5_Score_Reentry,NOW
2024-12-06,2025-01-21,28,224.8679962158203,219.3699951171875,-2.4449904793726303,C5_Score_Reentry,NOW
2025-01-31,2025-04-10,48,203.67599487304688,156.697998046875,-23.065063143770917,C5_Score_Reentry,NOW
2025-04-11,2025-04-30,12,157.13400268554688,191.0019989013672,21.553575697805016,C5_Score_Reentry,NOW
2025-06-18,2025-06-24,3,196.4160003662109,199.26400756835932,1.4499873721277274,C5_Score_Reentry,NOW
2025-07-16,2025-09-18,45,193.3939971923828,189.54800415039065,-1.988682739809279,C5_Score_Reentry,NOW
2025-09-26,2025-10-24,20,187.1999969482422,186.03399658203125,-0.6228634536427466,C5_Score_Reentry,NOW
2025-11-03,2025-12-02,20,182.7680053710937,164.87600708007812,-9.789458638938202,C5_Score_Reentry,NOW
2025-12-16,2026-01-26,26,156.2239990234375,136.33999633789062,-12.727879717484239,C5_Score_Reentry,NOW
2026-02-04,2026-02-17,8,111.06999969482422,105.91000366210938,-4.645715356885245,C5_Score_Reentry,NOW
2026-03-23,2026-04-17,18,110.9499969482422,96.66000366210938,-12.879669832527405,C5_Score_Reentry,NOW
2026-04-24,2026-05-05,7,90.16999816894533,92.01000213623048,2.040594437894595,C5_Score_Reentry,NOW
2026-05-07,2026-05-21,10,93.58999633789062,99.69000244140624,6.517797138801656,C5_Score_Reentry,NOW
2026-06-10,2026-06-16,4,106.05999755859376,101.33000183105467,-4.459735844257364,C5_Score_Reentry,NOW
2026-06-18,2026-06-29,6,95.04000091552734,99.97000122070312,5.187289833422479,C5_Score_Reentry,NOW
2026-07-01,2026-07-07,3,105.8000030517578,110.7300033569336,4.659735503754209,C5_Score_Reentry,NOW
2026-07-15,2026-07-16,1,104.7300033569336,104.01000213623048,-0.6874832403559199,C5_Score_Reentry,NOW
2026-07-22,2026-07-30,6,95.45999908447266,110.06999969482422,15.304840509607754,C5_Score_Reentry,NOW
2014-04-16,2014-05-05,12,10.657999992370604,10.444000244140623,-2.0078790428145012,C6_Latch_Reentry,NOW
2014-07-14,2014-07-15,1,11.510000228881836,11.20400047302246,-2.658555601862953,C6_Latch_Reentry,NOW
2014-12-09,2014-12-18,7,12.406000137329102,13.616000175476074,9.753345355092625,C6_Latch_Reentry,NOW
2015-02-02,2015-02-17,10,14.597999572753906,15.37600040435791,5.3295030440751985,C6_Latch_Reentry,NOW
2015-03-02,2015-03-18,12,15.288000106811523,16.010000228881836,4.72265905956285,C6_Latch_Reentry,NOW
2015-04-02,2015-04-06,1,15.223999977111816,15.64799976348877,2.7850747964687743,C6_Latch_Reentry,NOW
2015-04-14,2015-05-15,23,16.040000915527344,15.142000198364258,-5.598507892189622,C6_Latch_Reentry,NOW
2015-07-02,2015-07-15,8,14.906000137329102,15.515999794006348,4.092309479788772,C6_Latch_Reentry,NOW
2015-08-07,2015-10-08,43,15.390000343322754,14.604000091552734,-5.107213997633475,C6_Latch_Reentry,NOW
2016-01-14,2016-02-18,23,15.642000198364258,10.85200023651123,-30.62268188919941,C6_Latch_Reentry,NOW
2016-05-12,2016-05-17,3,13.494000434875488,13.899999618530272,3.0087384805877964,C6_Latch_Reentry,NOW
2016-06-22,2016-06-24,2,14.383999824523926,14.065999984741213,-2.210788679519732,C6_Latch_Reentry,NOW
2016-06-28,2016-07-11,8,13.026000022888184,13.770000457763672,5.711656944328219,C6_Latch_Reentry,NOW
2016-08-23,2016-08-26,3,14.52400016784668,14.699999809265137,1.2117849035012138,C6_Latch_Reentry,NOW
2016-09-14,2016-09-22,6,14.51200008392334,15.583999633789062,7.386986932651024,C6_Latch_Reentry,NOW
2016-11-02,2017-01-09,45,16.917999267578125,16.399999618530273,-3.0618256973243456,C6_Latch_Reentry,NOW
2017-05-18,2017-06-02,10,19.79400062561035,21.459999084472656,8.416683874945232,C6_Latch_Reentry,NOW
2017-06-06,2017-07-12,25,21.573999404907227,22.45199966430664,4.069714858709526,C6_Latch_Reentry,NOW
2017-07-14,2017-08-07,16,22.076000213623047,21.75200080871582,-1.467654474415557,C6_Latch_Reentry,NOW
2017-09-05,2017-10-04,21,23.229999542236328,23.61199951171875,1.6444252131295873,C6_Latch_Reentry,NOW
2017-10-10,2017-10-25,11,24.191999435424805,24.92399978637696,3.0257951721025322,C6_Latch_Reentry,NOW
2018-01-19,2018-02-02,10,28.45400047302246,29.95199966430664,5.264634731079198,C6_Latch_Reentry,NOW
2018-02-09,2018-02-12,1,29.03199958801269,29.44799995422364,1.4329029075307465,C6_Latch_Reentry,NOW
2018-02-14,2018-03-05,12,29.54800033569336,33.65999984741211,13.916337704760148,C6_Latch_Reentry,NOW
2018-03-14,2018-04-18,24,35.06800079345703,34.86000061035156,-0.5931338496612482,C6_Latch_Reentry,NOW
2018-04-25,2018-05-08,9,31.600000381469727,35.20600128173828,11.41139511625803,C6_Latch_Reentry,NOW
2018-05-09,2018-05-18,7,36.007999420166016,34.78799819946289,-3.3881394144320955,C6_Latch_Reentry,NOW
2018-06-08,2018-07-06,19,35.63800048828125,36.43199920654297,2.227955293178716,C6_Latch_Reentry,NOW
2018-07-16,2018-08-24,29,37.81600189208984,38.71200180053711,2.3693671028578343,C6_Latch_Reentry,NOW
2018-08-31,2018-11-27,60,39.27199935913086,33.14799880981445,-15.593808945947025,C6_Latch_Reentry,NOW
2019-01-02,2019-01-03,1,35.66400146484375,33.82400131225586,-5.159264459995311,C6_Latch_Reentry,NOW
2019-02-07,2019-02-25,11,45.391998291015625,47.400001525878906,4.423694286357784,C6_Latch_Reentry,NOW
2019-03-05,2019-03-21,12,47.20000076293945,50.18999862670898,6.334741134405264,C6_Latch_Reentry,NOW
2019-04-02,2019-04-23,14,49.36399841308594,48.709999084472656,-1.324850801469745,C6_Latch_Reentry,NOW
2019-05-01,2019-05-17,12,54.08000183105469,54.59799957275391,0.9578360284037062,C6_Latch_Reentry,NOW
2019-05-29,2019-06-19,15,52.8380012512207,57.10200119018555,8.069949350830779,C6_Latch_Reentry,NOW
2019-07-01,2019-09-05,46,56.70199966430664,53.92399978637695,-4.899297898445037,C6_Latch_Reentry,NOW
2019-09-10,2019-10-14,24,50.63600158691406,53.88800048828125,6.422305868257193,C6_Latch_Reentry,NOW
2020-03-12,2020-04-09,20,52.42399978637695,55.61199951171875,6.081183691310481,C6_Latch_Reentry,NOW
2020-05-07,2020-05-21,10,76.36599731445312,76.72799682617188,0.474032323873334,C6_Latch_Reentry,NOW
2020-06-02,2020-06-23,15,78.58000183105469,80.18800354003906,2.046324346544995,C6_Latch_Reentry,NOW
2020-07-06,2020-07-21,11,83.28800201416016,87.44400024414062,4.989912267644371,C6_Latch_Reentry,NOW
2020-07-29,2020-08-21,17,89.14199829101562,89.88400268554688,0.8323847442917762,C6_Latch_Reentry,NOW
2020-08-28,2020-10-06,26,97.5739974975586,98.30799865722656,0.7522507824754584,C6_Latch_Reentry,NOW
2020-10-13,2020-11-06,18,103.66000366210938,107.03600311279295,3.256800435477509,C6_Latch_Reentry,NOW
2020-11-10,2020-11-16,4,96.25599670410156,100.45600128173828,4.36336926679785,C6_Latch_Reentry,NOW
2020-12-10,2021-01-29,33,107.5999984741211,108.63200378417967,0.9591127552913371,C6_Latch_Reentry,NOW
2021-02-04,2021-04-05,40,117.7959976196289,102.8040008544922,-12.727085018242178,C6_Latch_Reentry,NOW
2021-09-08,2021-10-14,26,130.75999450683594,130.6060028076172,-0.11776667611491796,C6_Latch_Reentry,NOW
2021-10-21,2021-11-05,11,137.26800537109375,138.40199279785156,0.8261119724819797,C6_Latch_Reentry,NOW
2022-03-02,2022-03-17,11,117.41200256347656,113.33599853515624,-3.4715394843186607,C6_Latch_Reentry,NOW
2022-04-06,2022-04-29,16,105.58999633789062,95.62000274658205,-9.442176282878496,C6_Latch_Reentry,NOW
2022-05-10,2022-05-23,9,86.46399688720703,86.02400207519531,-0.5088763275490208,C6_Latch_Reentry,NOW
2022-06-17,2022-06-24,4,88.75800323486328,100.81800079345705,13.587504359107433,C6_Latch_Reentry,NOW
2022-06-29,2022-06-30,1,95.55799865722656,95.10399627685548,-0.47510662294175793,C6_Latch_Reentry,NOW
2022-07-01,2022-07-05,1,96.87200164794922,99.18599700927734,2.3887143054374085,C6_Latch_Reentry,NOW
2022-07-13,2022-07-21,6,84.55400085449219,92.05799865722656,8.87479921340198,C6_Latch_Reentry,NOW
2022-07-25,2022-08-08,10,88.0,98.98999786376952,12.488633936101724,C6_Latch_Reentry,NOW
2022-08-23,2022-09-08,11,91.9980010986328,90.15399932861328,-2.0043932998528176,C6_Latch_Reentry,NOW
2022-09-16,2022-10-04,12,85.16000366210938,82.30999755859375,-3.3466486389827286,C6_Latch_Reentry,NOW
2022-10-11,2022-10-24,9,74.26000213623047,73.31199645996094,-1.2766033517349065,C6_Latch_Reentry,NOW
2022-10-27,2022-11-01,3,83.13400268554688,83.71199798583984,0.6952573936313728,C6_Latch_Reentry,NOW
2022-11-03,2022-11-11,6,77.11199951171875,81.98200225830078,6.315492760425613,C6_Latch_Reentry,NOW
2022-11-22,2022-12-01,6,80.05599975585938,85.12000274658203,6.32557585460922,C6_Latch_Reentry,NOW
2022-12-06,2022-12-13,5,77.83000183105469,83.23400115966797,6.94333701847229,C6_Latch_Reentry,NOW
2022-12-16,2022-12-30,9,78.8740005493164,77.65399932861328,-1.546772335885654,C6_Latch_Reentry,NOW
2023-01-06,2023-01-18,7,73.30599975585938,83.23999786376953,13.551412082223363,C6_Latch_Reentry,NOW
2023-02-27,2023-02-28,1,85.71399688720703,86.43399810791016,0.8400042546733537,C6_Latch_Reentry,NOW
2023-03-23,2023-04-05,9,88.09400177001953,93.46600341796876,6.0980333961596145,C6_Latch_Reentry,NOW
2023-05-22,2023-06-06,10,102.27799987792967,111.16000366210938,8.684178215041854,C6_Latch_Reentry,NOW
2023-06-07,2023-07-14,25,105.66400146484376,116.07599639892578,9.853871507550533,C6_Latch_Reentry,NOW
2023-08-03,2023-08-23,14,112.08000183105467,113.5999984741211,1.3561711440347834,C6_Latch_Reentry,NOW
2023-09-01,2023-10-10,26,118.1760025024414,111.66000366210938,-5.513808812578016,C6_Latch_Reentry,NOW
2023-10-26,2023-11-02,5,110.19000244140624,119.88600158691406,8.799345612741677,C6_Latch_Reentry,NOW
2023-11-16,2023-12-01,10,130.45599365234375,138.1580047607422,5.9039151002320125,C6_Latch_Reentry,NOW
2023-12-14,2024-01-12,19,136.0780029296875,145.83599853515625,7.170883901427315,C6_Latch_Reentry,NOW
2024-01-29,2024-02-12,10,157.447998046875,157.47000122070312,0.013974883200213364,C6_Latch_Reentry,NOW
2024-02-22,2024-02-23,1,153.8419952392578,154.19400024414062,0.22880943810912494,C6_Latch_Reentry,NOW
2024-02-28,2024-03-21,16,151.95799255371094,154.63600158691406,1.7623350955077655,C6_Latch_Reentry,NOW
2024-05-31,2024-06-24,15,131.38600158691406,147.91799926757812,12.58276945868382,C6_Latch_Reentry,NOW
2024-11-11,2024-11-25,10,207.20199584960932,210.54200744628903,1.6119591816595977,C6_Latch_Reentry,NOW
2024-12-06,2025-01-21,28,224.8679962158203,219.3699951171875,-2.4449904793726303,C6_Latch_Reentry,NOW
2025-01-31,2025-03-20,33,203.67599487304688,164.82400512695312,-19.075389699365676,C6_Latch_Reentry,NOW
2025-04-09,2025-04-10,1,165.19000244140625,156.697998046875,-5.140749602896463,C6_Latch_Reentry,NOW
2025-04-11,2025-04-28,10,157.13400268554688,187.48199462890625,19.313446755436576,C6_Latch_Reentry,NOW
2025-06-18,2025-06-24,3,196.4160003662109,199.26400756835932,1.4499873721277274,C6_Latch_Reentry,NOW
2025-07-16,2025-08-19,24,193.3939971923828,177.3560028076172,-8.292912198723256,C6_Latch_Reentry,NOW
2025-08-20,2025-09-04,10,178.0500030517578,179.71200561523438,0.9334470850828521,C6_Latch_Reentry,NOW
2025-09-26,2025-10-24,20,187.1999969482422,186.03399658203125,-0.6228634536427466,C6_Latch_Reentry,NOW
2025-11-03,2025-12-02,20,182.7680053710937,164.87600708007812,-9.789458638938202,C6_Latch_Reentry,NOW
2025-12-16,2026-01-26,26,156.2239990234375,136.33999633789062,-12.727879717484239,C6_Latch_Reentry,NOW
2026-02-04,2026-02-17,8,111.06999969482422,105.91000366210938,-4.645715356885245,C6_Latch_Reentry,NOW
2026-03-23,2026-04-17,18,110.9499969482422,96.66000366210938,-12.879669832527405,C6_Latch_Reentry,NOW
2026-04-24,2026-05-05,7,90.16999816894533,92.01000213623048,2.040594437894595,C6_Latch_Reentry,NOW
2026-05-07,2026-05-21,10,93.58999633789062,99.69000244140624,6.517797138801656,C6_Latch_Reentry,NOW
2026-06-10,2026-06-16,4,106.05999755859376,101.33000183105467,-4.459735844257364,C6_Latch_Reentry,NOW
2026-06-18,2026-06-29,6,95.04000091552734,99.97000122070312,5.187289833422479,C6_Latch_Reentry,NOW
2026-07-01,2026-07-07,3,105.8000030517578,110.7300033569336,4.659735503754209,C6_Latch_Reentry,NOW
2026-07-15,2026-07-16,1,104.7300033569336,104.01000213623048,-0.6874832403559199,C6_Latch_Reentry,NOW
2026-07-22,2026-07-30,6,95.45999908447266,110.06999969482422,15.304840509607754,C6_Latch_Reentry,NOW
2014-04-16,2014-05-05,12,10.657999992370604,10.444000244140623,-2.0078790428145012,C7_Full_Candidate,NOW
2014-07-14,2014-07-15,1,11.510000228881836,11.20400047302246,-2.658555601862953,C7_Full_Candidate,NOW
2014-12-09,2014-12-18,7,12.406000137329102,13.616000175476074,9.753345355092625,C7_Full_Candidate,NOW
2015-02-06,2015-02-23,10,14.98799991607666,15.734000205993652,4.977317147678963,C7_Full_Candidate,NOW
2015-03-05,2015-03-06,1,14.9399995803833,14.812000274658203,-0.8567557518084863,C7_Full_Candidate,NOW
2015-03-19,2015-04-09,14,16.091999053955078,16.347999572753906,1.5908559150449895,C7_Full_Candidate,NOW
2015-04-14,2015-05-15,23,16.040000915527344,15.142000198364258,-5.598507892189622,C7_Full_Candidate,NOW
2015-07-02,2015-07-15,8,14.906000137329102,15.515999794006348,4.092309479788772,C7_Full_Candidate,NOW
2015-08-07,2015-10-08,43,15.390000343322754,14.604000091552734,-5.107213997633475,C7_Full_Candidate,NOW
2016-01-14,2016-02-18,23,15.642000198364258,10.85200023651123,-30.62268188919941,C7_Full_Candidate,NOW
2016-05-12,2016-05-17,3,13.494000434875488,13.899999618530272,3.0087384805877964,C7_Full_Candidate,NOW
2016-06-22,2016-06-24,2,14.383999824523926,14.065999984741213,-2.210788679519732,C7_Full_Candidate,NOW
2016-06-28,2016-07-11,8,13.026000022888184,13.770000457763672,5.711656944328219,C7_Full_Candidate,NOW
2016-08-23,2016-08-26,3,14.52400016784668,14.699999809265137,1.2117849035012138,C7_Full_Candidate,NOW
2016-09-14,2016-09-22,6,14.51200008392334,15.583999633789062,7.386986932651024,C7_Full_Candidate,NOW
2016-11-02,2017-01-09,45,16.917999267578125,16.399999618530273,-3.0618256973243456,C7_Full_Candidate,NOW
2017-05-31,2017-07-12,29,20.93000030517578,22.45199966430664,7.271855408212699,C7_Full_Candidate,NOW
2017-09-05,2017-10-04,21,23.229999542236328,23.61199951171875,1.6444252131295873,C7_Full_Candidate,NOW
2017-10-10,2017-10-25,11,24.191999435424805,24.92399978637696,3.0257951721025322,C7_Full_Candidate,NOW
2018-01-19,2018-02-02,10,28.45400047302246,29.95199966430664,5.264634731079198,C7_Full_Candidate,NOW
2018-02-09,2018-02-12,1,29.03199958801269,29.44799995422364,1.4329029075307465,C7_Full_Candidate,NOW
2018-02-14,2018-03-05,12,29.54800033569336,33.65999984741211,13.916337704760148,C7_Full_Candidate,NOW
2018-03-14,2018-04-18,24,35.06800079345703,34.86000061035156,-0.5931338496612482,C7_Full_Candidate,NOW
2018-04-25,2018-05-08,9,31.600000381469727,35.20600128173828,11.41139511625803,C7_Full_Candidate,NOW
2018-05-09,2018-05-18,7,36.007999420166016,34.78799819946289,-3.3881394144320955,C7_Full_Candidate,NOW
2018-06-08,2018-07-06,19,35.63800048828125,36.43199920654297,2.227955293178716,C7_Full_Candidate,NOW
2018-07-16,2018-08-24,29,37.81600189208984,38.71200180053711,2.3693671028578343,C7_Full_Candidate,NOW
2018-08-31,2018-11-27,60,39.27199935913086,33.14799880981445,-15.593808945947025,C7_Full_Candidate,NOW
2019-01-02,2019-01-03,1,35.66400146484375,33.82400131225586,-5.159264459995311,C7_Full_Candidate,NOW
2019-02-07,2019-02-25,11,45.391998291015625,47.400001525878906,4.423694286357784,C7_Full_Candidate,NOW
2019-03-05,2019-03-21,12,47.20000076293945,50.18999862670898,6.334741134405264,C7_Full_Candidate,NOW
2019-04-02,2019-04-23,14,49.36399841308594,48.709999084472656,-1.324850801469745,C7_Full_Candidate,NOW
2019-05-01,2019-05-17,12,54.08000183105469,54.59799957275391,0.9578360284037062,C7_Full_Candidate,NOW
2019-05-29,2019-06-19,15,52.8380012512207,57.10200119018555,8.069949350830779,C7_Full_Candidate,NOW
2019-07-01,2019-09-05,46,56.70199966430664,53.92399978637695,-4.899297898445037,C7_Full_Candidate,NOW
2019-09-10,2019-10-14,24,50.63600158691406,53.88800048828125,6.422305868257193,C7_Full_Candidate,NOW
2020-03-12,2020-04-09,20,52.42399978637695,55.61199951171875,6.081183691310481,C7_Full_Candidate,NOW
2020-05-07,2020-05-21,10,76.36599731445312,76.72799682617188,0.474032323873334,C7_Full_Candidate,NOW
2020-06-02,2020-06-23,15,78.58000183105469,80.18800354003906,2.046324346544995,C7_Full_Candidate,NOW
2020-07-06,2020-07-21,11,83.28800201416016,87.44400024414062,4.989912267644371,C7_Full_Candidate,NOW
2020-07-29,2020-08-21,17,89.14199829101562,89.88400268554688,0.8323847442917762,C7_Full_Candidate,NOW
2020-08-28,2020-10-06,26,97.5739974975586,98.30799865722656,0.7522507824754584,C7_Full_Candidate,NOW
2020-10-13,2020-11-06,18,103.66000366210938,107.03600311279295,3.256800435477509,C7_Full_Candidate,NOW
2020-11-10,2020-11-16,4,96.25599670410156,100.45600128173828,4.36336926679785,C7_Full_Candidate,NOW
2020-12-10,2021-01-29,33,107.5999984741211,108.63200378417967,0.9591127552913371,C7_Full_Candidate,NOW
2021-02-04,2021-04-05,40,117.7959976196289,102.8040008544922,-12.727085018242178,C7_Full_Candidate,NOW
2021-09-08,2021-10-14,26,130.75999450683594,130.6060028076172,-0.11776667611491796,C7_Full_Candidate,NOW
2021-10-21,2021-11-05,11,137.26800537109375,138.40199279785156,0.8261119724819797,C7_Full_Candidate,NOW
2022-03-02,2022-03-17,11,117.41200256347656,113.33599853515624,-3.4715394843186607,C7_Full_Candidate,NOW
2022-04-06,2022-04-29,16,105.58999633789062,95.62000274658205,-9.442176282878496,C7_Full_Candidate,NOW
2022-05-10,2022-05-23,9,86.46399688720703,86.02400207519531,-0.5088763275490208,C7_Full_Candidate,NOW
2022-06-17,2022-06-24,4,88.75800323486328,100.81800079345705,13.587504359107433,C7_Full_Candidate,NOW
2022-06-29,2022-06-30,1,95.55799865722656,95.10399627685548,-0.47510662294175793,C7_Full_Candidate,NOW
2022-07-01,2022-07-05,1,96.87200164794922,99.18599700927734,2.3887143054374085,C7_Full_Candidate,NOW
2022-07-13,2022-07-21,6,84.55400085449219,92.05799865722656,8.87479921340198,C7_Full_Candidate,NOW
2022-07-25,2022-08-08,10,88.0,98.98999786376952,12.488633936101724,C7_Full_Candidate,NOW
2022-08-23,2022-09-08,11,91.9980010986328,90.15399932861328,-2.0043932998528176,C7_Full_Candidate,NOW
2022-09-16,2022-10-04,12,85.16000366210938,82.30999755859375,-3.3466486389827286,C7_Full_Candidate,NOW
2022-10-11,2022-10-24,9,74.26000213623047,73.31199645996094,-1.2766033517349065,C7_Full_Candidate,NOW
2022-10-27,2022-11-01,3,83.13400268554688,83.71199798583984,0.6952573936313728,C7_Full_Candidate,NOW
2022-11-03,2022-11-11,6,77.11199951171875,81.98200225830078,6.315492760425613,C7_Full_Candidate,NOW
2022-11-22,2022-12-01,6,80.05599975585938,85.12000274658203,6.32557585460922,C7_Full_Candidate,NOW
2022-12-06,2022-12-13,5,77.83000183105469,83.23400115966797,6.94333701847229,C7_Full_Candidate,NOW
2022-12-16,2022-12-30,9,78.8740005493164,77.65399932861328,-1.546772335885654,C7_Full_Candidate,NOW
2023-01-06,2023-01-18,7,73.30599975585938,83.23999786376953,13.551412082223363,C7_Full_Candidate,NOW
2023-02-27,2023-02-28,1,85.71399688720703,86.43399810791016,0.8400042546733537,C7_Full_Candidate,NOW
2023-03-23,2023-04-05,9,88.09400177001953,93.46600341796876,6.0980333961596145,C7_Full_Candidate,NOW
2023-06-01,2023-06-15,10,108.59200286865234,114.8740005493164,5.784954245905626,C7_Full_Candidate,NOW
2023-06-26,2023-06-27,1,107.59400177001952,107.99199676513672,0.3699044450153548,C7_Full_Candidate,NOW
2023-06-30,2023-07-18,11,112.3939971923828,119.4260025024414,6.256566618964579,C7_Full_Candidate,NOW
2023-07-27,2023-08-23,19,111.97799682617188,113.5999984741211,1.448500324994311,C7_Full_Candidate,NOW
2023-09-01,2023-10-10,26,118.1760025024414,111.66000366210938,-5.513808812578016,C7_Full_Candidate,NOW
2023-10-26,2023-11-02,5,110.19000244140624,119.88600158691406,8.799345612741677,C7_Full_Candidate,NOW
2023-11-16,2023-12-01,10,130.45599365234375,138.1580047607422,5.9039151002320125,C7_Full_Candidate,NOW
2023-12-14,2024-01-12,19,136.0780029296875,145.83599853515625,7.170883901427315,C7_Full_Candidate,NOW
2024-01-29,2024-02-12,10,157.447998046875,157.47000122070312,0.013974883200213364,C7_Full_Candidate,NOW
2024-02-22,2024-02-23,1,153.8419952392578,154.19400024414062,0.22880943810912494,C7_Full_Candidate,NOW
2024-02-28,2024-03-21,16,151.95799255371094,154.63600158691406,1.7623350955077655,C7_Full_Candidate,NOW
2024-05-31,2024-06-24,15,131.38600158691406,147.91799926757812,12.58276945868382,C7_Full_Candidate,NOW
2024-11-11,2024-11-25,10,207.20199584960932,210.54200744628903,1.6119591816595977,C7_Full_Candidate,NOW
2024-12-06,2025-01-21,28,224.8679962158203,219.3699951171875,-2.4449904793726303,C7_Full_Candidate,NOW
2025-01-31,2025-03-20,33,203.67599487304688,164.82400512695312,-19.075389699365676,C7_Full_Candidate,NOW
2025-04-09,2025-04-10,1,165.19000244140625,156.697998046875,-5.140749602896463,C7_Full_Candidate,NOW
2025-04-11,2025-04-28,10,157.13400268554688,187.48199462890625,19.313446755436576,C7_Full_Candidate,NOW
2025-06-18,2025-06-24,3,196.4160003662109,199.26400756835932,1.4499873721277274,C7_Full_Candidate,NOW
2025-07-16,2025-08-19,24,193.3939971923828,177.3560028076172,-8.292912198723256,C7_Full_Candidate,NOW
2025-08-20,2025-09-04,10,178.0500030517578,179.71200561523438,0.9334470850828521,C7_Full_Candidate,NOW
2025-09-26,2025-10-24,20,187.1999969482422,186.03399658203125,-0.6228634536427466,C7_Full_Candidate,NOW
2025-11-03,2025-12-02,20,182.7680053710937,164.87600708007812,-9.789458638938202,C7_Full_Candidate,NOW
2025-12-16,2026-01-26,26,156.2239990234375,136.33999633789062,-12.727879717484239,C7_Full_Candidate,NOW
2026-02-04,2026-02-17,8,111.06999969482422,105.91000366210938,-4.645715356885245,C7_Full_Candidate,NOW
2026-03-23,2026-04-17,18,110.9499969482422,96.66000366210938,-12.879669832527405,C7_Full_Candidate,NOW
2026-04-24,2026-05-05,7,90.16999816894533,92.01000213623048,2.040594437894595,C7_Full_Candidate,NOW
2026-05-07,2026-05-21,10,93.58999633789062,99.69000244140624,6.517797138801656,C7_Full_Candidate,NOW
2026-06-10,2026-06-16,4,106.05999755859376,101.33000183105467,-4.459735844257364,C7_Full_Candidate,NOW
2026-06-18,2026-06-29,6,95.04000091552734,99.97000122070312,5.187289833422479,C7_Full_Candidate,NOW
2026-07-01,2026-07-07,3,105.8000030517578,110.7300033569336,4.659735503754209,C7_Full_Candidate,NOW
2026-07-15,2026-07-16,1,104.7300033569336,104.01000213623048,-0.6874832403559199,C7_Full_Candidate,NOW
2026-07-22,2026-07-30,6,95.45999908447266,110.06999969482422,15.304840509607754,C7_Full_Candidate,NOW
