entry_dt,entry_price,exit_dt,exit_price,exit_reason,duration_trading_days,pnl_pct,is_short_term,Config,Asset
2014-07-02,12.423999786376951,2014-07-14,11.510000228881836,BEAR,7,-7.541826924183067,False,C0_Baseline,NOW
2014-12-02,12.345999717712402,2014-12-09,12.406000137329102,BEAR,5,0.2852195639093126,True,C0_Baseline,NOW
2015-01-05,13.43000030517578,2015-02-02,14.597999572753906,BUBBLE,19,8.479764775776216,False,C0_Baseline,NOW
2015-02-03,14.529999732971191,2015-03-02,15.288000106811523,BUBBLE,18,5.00657214349937,False,C0_Baseline,NOW
2015-04-02,15.223999977111816,2015-04-14,16.040000915527344,BUBBLE,7,5.149454714378406,False,C0_Baseline,NOW
2015-06-02,15.076000213623049,2015-07-02,14.906000137329102,BEAR,22,-1.3251677601464757,False,C0_Baseline,NOW
2015-08-04,15.58199977874756,2015-08-07,15.390000343322754,BEAR,3,-1.4295256707924309,True,C0_Baseline,NOW
2016-01-05,16.799999237060547,2016-01-14,15.642000198364258,BEAR,7,-7.0788800021007985,False,C0_Baseline,NOW
2016-05-03,13.968000411987305,2016-05-12,13.494000434875488,BEAR,7,-3.586490565333972,False,C0_Baseline,NOW
2016-06-02,14.845999717712402,2016-06-22,14.383999824523926,BEAR,14,-3.305531206441054,False,C0_Baseline,NOW
2016-08-02,14.645999908447266,2016-08-23,14.52400016784668,BEAR,15,-1.0311260610333655,False,C0_Baseline,NOW
2016-09-02,15.248000144958496,2016-09-14,14.51200008392334,BEAR,7,-5.0170190118392215,False,C0_Baseline,NOW
2016-10-04,15.855999946594238,2016-11-02,16.917999267578125,BUBBLE,21,6.48459339119714,False,C0_Baseline,NOW
2017-05-02,18.992000579833984,2017-05-18,19.79400062561035,BUBBLE,12,4.014593353517122,False,C0_Baseline,NOW
2017-06-02,21.459999084472656,2017-06-06,21.573999404907227,BUBBLE,2,0.3303608086822808,True,C0_Baseline,NOW
2017-07-05,21.02199935913086,2017-07-14,22.076000213623047,BUBBLE,7,4.803981508632452,False,C0_Baseline,NOW
2017-08-02,21.43400001525879,2017-09-05,23.229999542236328,BUBBLE,23,8.162666512237754,False,C0_Baseline,NOW
2017-10-03,23.56599998474121,2017-10-10,24.191999435424805,BUBBLE,5,2.4512593900109776,True,C0_Baseline,NOW
2018-01-03,26.582000732421875,2018-01-19,28.45400047302246,BUBBLE,11,6.828487475701622,False,C0_Baseline,NOW
2018-02-02,29.95199966430664,2018-02-14,29.54800033569336,BUBBLE,8,-1.5459278095303608,False,C0_Baseline,NOW
2018-02-15,30.507999420166016,2018-02-27,32.667999267578125,BUBBLE,7,6.866163496188249,False,C0_Baseline,NOW
2018-03-02,33.33399963378906,2018-03-14,35.06800079345703,BUBBLE,8,4.9917058927727975,False,C0_Baseline,NOW
2018-04-03,32.354000091552734,2018-04-12,33.7140007019043,BUBBLE,7,3.995301866633828,False,C0_Baseline,NOW
2018-05-02,33.099998474121094,2018-05-09,36.007999420166016,BUBBLE,5,8.56814810271586,True,C0_Baseline,NOW
2018-06-04,36.70000076293945,2018-06-08,35.63800048828125,BUBBLE,4,-3.087752172427529,True,C0_Baseline,NOW
2018-07-03,35.4379997253418,2018-07-16,37.81600189208984,BUBBLE,8,6.497109704994767,False,C0_Baseline,NOW
2018-08-02,36.56800079345703,2018-08-31,39.27199935913086,BUBBLE,21,7.179864842265412,False,C0_Baseline,NOW
2018-12-04,36.16999816894531,2019-01-02,35.66400146484375,BEAR,18,-1.5959454783182219,False,C0_Baseline,NOW
2019-02-04,45.02799987792969,2019-02-07,45.391998291015625,BUBBLE,3,0.6069670217378447,True,C0_Baseline,NOW
2019-03-04,47.39400100708008,2019-03-05,47.20000076293945,BUBBLE,1,-0.608317368959005,True,C0_Baseline,NOW
2019-03-06,46.62200164794922,2019-04-02,49.36399841308594,BUBBLE,19,5.669785303596642,False,C0_Baseline,NOW
2019-04-03,49.428001403808594,2019-05-01,54.08000183105469,BUBBLE,19,9.19306536069163,False,C0_Baseline,NOW
2019-05-02,52.53400039672852,2019-05-29,52.8380012512207,BUBBLE,18,0.37771808909144566,False,C0_Baseline,NOW
2019-06-04,51.5099983215332,2019-07-01,56.70199966430664,BUBBLE,19,9.859659871179517,False,C0_Baseline,NOW
2019-07-02,57.6619987487793,2019-07-15,60.220001220703125,BUBBLE,8,4.227537792759555,False,C0_Baseline,NOW
2020-03-03,65.9260025024414,2020-03-12,52.42399978637695,BEAR,7,-20.63942216408009,False,C0_Baseline,NOW
2020-05-04,70.9280014038086,2020-05-07,76.36599731445312,BUBBLE,3,7.451805197977899,True,C0_Baseline,NOW
2020-05-08,75.4520034790039,2020-06-02,78.58000183105469,BUBBLE,16,3.9375963717332914,False,C0_Baseline,NOW
2020-07-02,82.84200286865234,2020-07-06,83.28800201416016,BUBBLE,1,0.33749733395175263,True,C0_Baseline,NOW
2020-07-07,82.3479995727539,2020-07-29,89.14199829101562,BUBBLE,16,8.034066233418692,False,C0_Baseline,NOW
2020-08-04,87.62999725341797,2020-08-28,97.5739974975586,BUBBLE,18,11.125239652803046,False,C0_Baseline,NOW
2020-09-02,99.93800354003906,2020-09-24,92.02400207519533,BUBBLE,15,-8.102889109256406,False,C0_Baseline,NOW
2020-10-02,98.62999725341795,2020-10-13,103.66000366210938,BUBBLE,7,4.889885074081253,False,C0_Baseline,NOW
2020-11-03,96.01000213623048,2020-11-10,96.25599670410156,BUBBLE,5,0.05590552332293021,True,C0_Baseline,NOW
2020-12-02,105.3040008544922,2020-12-10,107.5999984741211,BUBBLE,6,1.9761951975292271,False,C0_Baseline,NOW
2021-02-02,116.7020034790039,2021-02-04,117.7959976196289,BUBBLE,2,0.7357521520004068,True,C0_Baseline,NOW
2021-09-02,132.06199645996094,2021-09-08,130.75999450683594,BUBBLE,3,-1.1837324327308134,True,C0_Baseline,NOW
2021-10-04,123.59400177001952,2021-10-21,137.26800537109375,BUBBLE,13,10.841741233538952,False,C0_Baseline,NOW
2022-02-02,116.2300033569336,2022-03-02,117.41200256347656,BEAR,19,0.815116375693728,False,C0_Baseline,NOW
2022-04-04,114.96399688720705,2022-04-06,105.58999633789062,BEAR,2,-8.33736633423811,True,C0_Baseline,NOW
2022-05-03,96.37200164794922,2022-05-19,85.35199737548828,BEAR,12,-11.611814160123071,False,C0_Baseline,NOW
2022-06-02,100.95999908447266,2022-06-17,88.75800323486328,BEAR,11,-12.261623048405111,False,C0_Baseline,NOW
2022-06-28,94.68800354003906,2022-07-01,96.87200164794922,BEAR,3,2.1021117571936583,True,C0_Baseline,NOW
2022-07-05,99.18599700927734,2022-07-25,88.0,BEAR,14,-11.455065763001588,False,C0_Baseline,NOW
2022-08-08,98.98999786376952,2022-08-25,93.20600128173828,BEAR,13,-6.031136971064655,False,C0_Baseline,NOW
2022-09-08,90.15399932861328,2022-09-16,85.16000366210938,BEAR,6,-5.728138033175024,False,C0_Baseline,NOW
2022-10-04,82.30999755859375,2022-10-27,83.13400268554688,BEAR,17,0.7992992868420123,False,C0_Baseline,NOW
2022-11-01,83.71199798583984,2022-11-22,80.05599975585938,BEAR,15,-4.558426951044928,False,C0_Baseline,NOW
2022-12-02,82.5739974975586,2022-12-16,78.8740005493164,BEAR,10,-4.671673257727627,False,C0_Baseline,NOW
2023-01-04,78.7699966430664,2023-01-06,73.30599975585938,BEAR,2,-7.122588117665762,True,C0_Baseline,NOW
2023-02-02,98.25399780273438,2023-02-27,85.71399688720703,BEAR,16,-12.937140408357987,False,C0_Baseline,NOW
2023-03-02,87.20800018310547,2023-03-23,88.09400177001953,BEAR,15,0.8141335587043166,False,C0_Baseline,NOW
2023-05-02,88.73600006103516,2023-05-22,102.27799987792967,BUBBLE,14,15.030706995596793,False,C0_Baseline,NOW
2023-06-02,109.63600158691406,2023-06-07,105.66400146484376,BUBBLE,3,-3.815459290347948,True,C0_Baseline,NOW
2023-06-08,107.06800079345705,2023-07-05,113.1520004272461,BUBBLE,17,5.4712161126067045,False,C0_Baseline,NOW
2023-08-02,112.63400268554688,2023-08-03,112.08000183105467,BUBBLE,1,-0.6906767970046922,True,C0_Baseline,NOW
2023-08-04,110.32599639892578,2023-09-01,118.1760025024414,BUBBLE,20,6.901265760491252,False,C0_Baseline,NOW
2023-10-03,108.2480010986328,2023-10-26,110.19000244140624,BEAR,17,1.5906450745143914,False,C0_Baseline,NOW
2023-11-02,119.88600158691406,2023-11-16,130.45599365234375,BUBBLE,10,8.599286482990259,False,C0_Baseline,NOW
2023-12-04,137.5240020751953,2023-12-14,136.0780029296875,BUBBLE,8,-1.2491515963199724,False,C0_Baseline,NOW
2024-01-03,135.05999755859375,2024-01-10,142.86000061035156,BUBBLE,5,5.563874293603257,True,C0_Baseline,NOW
2024-01-11,145.29200744628906,2024-01-29,157.447998046875,BUBBLE,11,8.15007610813304,False,C0_Baseline,NOW
2024-02-02,156.25999450683594,2024-02-28,151.95799255371094,BUBBLE,17,-2.947404638273043,False,C0_Baseline,NOW
2024-05-02,139.1439971923828,2024-05-31,131.38600158691406,BEAR,20,-5.764176149158351,False,C0_Baseline,NOW
2024-11-04,190.91799926757807,2024-11-11,207.20199584960932,BUBBLE,5,8.312472706196449,True,C0_Baseline,NOW
2024-12-03,211.4640045166016,2024-12-06,224.8679962158203,BUBBLE,3,6.126198651683905,True,C0_Baseline,NOW
2025-01-03,214.7539978027344,2025-01-07,210.8300018310547,BUBBLE,2,-2.0233545270567186,True,C0_Baseline,NOW
2025-04-02,164.80599975585938,2025-04-09,165.19000244140625,BEAR,5,0.032737115577668584,True,C0_Baseline,NOW
2025-04-10,156.697998046875,2025-04-11,157.13400268554688,BEAR,1,0.07788905338509441,True,C0_Baseline,NOW
2025-06-03,202.17599487304688,2025-06-18,196.4160003662109,BEAR,11,-3.043108095929247,False,C0_Baseline,NOW
2025-07-02,201.95199584960932,2025-07-16,193.3939971923828,BEAR,9,-4.428973436181937,False,C0_Baseline,NOW
2025-09-18,189.54800415039065,2025-09-26,187.1999969482422,BEAR,6,-1.4360653293491215,False,C0_Baseline,NOW
2025-10-01,182.48599243164065,2025-11-03,182.7680053710937,BEAR,23,-0.04556947047887677,False,C0_Baseline,NOW
2025-12-02,164.87600708007812,2025-12-19,155.30999755859375,BEAR,13,-5.990149435217289,False,C0_Baseline,NOW
2026-02-03,109.7699966430664,2026-02-04,111.06999969482422,BEAR,1,0.9821308220998181,True,C0_Baseline,NOW
2026-03-03,113.19000244140624,2026-03-23,110.9499969482422,BEAR,14,-2.1748244152739864,False,C0_Baseline,NOW
2026-05-04,91.97000122070312,2026-05-07,93.58999633789062,BEAR,3,1.5581190589229055,True,C0_Baseline,NOW
2026-06-02,127.6500015258789,2026-06-10,106.05999755859376,BEAR,6,-17.07944519679094,False,C0_Baseline,NOW
2026-06-11,103.08000183105467,2026-07-01,105.8000030517578,BEAR,13,2.433655955234319,False,C0_Baseline,NOW
2026-07-07,110.7300033569336,2026-07-22,95.45999908447266,BEAR,11,-13.962551316397898,False,C0_Baseline,NOW
2014-07-02,12.423999786376951,2014-07-14,11.510000228881836,BEAR,7,-7.541826924183067,False,C1_Score_Decouple,NOW
2014-12-02,12.345999717712402,2014-12-09,12.406000137329102,BEAR,5,0.2852195639093126,True,C1_Score_Decouple,NOW
2015-02-03,14.529999732971191,2015-02-06,14.98799991607666,BUBBLE,3,2.9460023206728847,True,C1_Score_Decouple,NOW
2015-03-03,15.09000015258789,2015-03-19,16.091999053955078,BUBBLE,12,6.427084461885936,False,C1_Score_Decouple,NOW
2015-04-02,15.223999977111816,2015-04-14,16.040000915527344,BUBBLE,7,5.149454714378406,False,C1_Score_Decouple,NOW
2015-06-02,15.076000213623049,2015-07-02,14.906000137329102,BEAR,22,-1.3251677601464757,False,C1_Score_Decouple,NOW
2015-08-04,15.58199977874756,2015-08-07,15.390000343322754,BEAR,3,-1.4295256707924309,True,C1_Score_Decouple,NOW
2016-01-05,16.799999237060547,2016-01-14,15.642000198364258,BEAR,7,-7.0788800021007985,False,C1_Score_Decouple,NOW
2016-05-03,13.968000411987305,2016-05-12,13.494000434875488,BEAR,7,-3.586490565333972,False,C1_Score_Decouple,NOW
2016-06-02,14.845999717712402,2016-06-22,14.383999824523926,BEAR,14,-3.305531206441054,False,C1_Score_Decouple,NOW
2016-08-02,14.645999908447266,2016-08-23,14.52400016784668,BEAR,15,-1.0311260610333655,False,C1_Score_Decouple,NOW
2016-09-02,15.248000144958496,2016-09-14,14.51200008392334,BEAR,7,-5.0170190118392215,False,C1_Score_Decouple,NOW
2016-10-04,15.855999946594238,2016-11-02,16.917999267578125,BUBBLE,21,6.48459339119714,False,C1_Score_Decouple,NOW
2017-05-02,18.992000579833984,2017-05-31,20.93000030517578,BUBBLE,20,9.984106387018928,False,C1_Score_Decouple,NOW
2017-06-01,21.302000045776367,2017-06-28,21.761999130249023,BUBBLE,19,1.9553026280857952,False,C1_Score_Decouple,NOW
2017-08-02,21.43400001525879,2017-09-05,23.229999542236328,BUBBLE,23,8.162666512237754,False,C1_Score_Decouple,NOW
2017-10-03,23.56599998474121,2017-10-10,24.191999435424805,BUBBLE,5,2.4512593900109776,True,C1_Score_Decouple,NOW
2018-01-03,26.582000732421875,2018-01-19,28.45400047302246,BUBBLE,11,6.828487475701622,False,C1_Score_Decouple,NOW
2018-02-02,29.95199966430664,2018-02-14,29.54800033569336,BUBBLE,8,-1.5459278095303608,False,C1_Score_Decouple,NOW
2018-02-15,30.507999420166016,2018-02-27,32.667999267578125,BUBBLE,7,6.866163496188249,False,C1_Score_Decouple,NOW
2018-03-02,33.33399963378906,2018-03-14,35.06800079345703,BUBBLE,8,4.9917058927727975,False,C1_Score_Decouple,NOW
2018-04-03,32.354000091552734,2018-04-12,33.7140007019043,BUBBLE,7,3.995301866633828,False,C1_Score_Decouple,NOW
2018-05-02,33.099998474121094,2018-05-09,36.007999420166016,BUBBLE,5,8.56814810271586,True,C1_Score_Decouple,NOW
2018-06-04,36.70000076293945,2018-06-08,35.63800048828125,BUBBLE,4,-3.087752172427529,True,C1_Score_Decouple,NOW
2018-07-03,35.4379997253418,2018-07-16,37.81600189208984,BUBBLE,8,6.497109704994767,False,C1_Score_Decouple,NOW
2018-08-02,36.56800079345703,2018-08-31,39.27199935913086,BUBBLE,21,7.179864842265412,False,C1_Score_Decouple,NOW
2018-12-04,36.16999816894531,2019-01-02,35.66400146484375,BEAR,18,-1.5959454783182219,False,C1_Score_Decouple,NOW
2019-02-04,45.02799987792969,2019-02-07,45.391998291015625,BUBBLE,3,0.6069670217378447,True,C1_Score_Decouple,NOW
2019-03-04,47.39400100708008,2019-03-05,47.20000076293945,BUBBLE,1,-0.608317368959005,True,C1_Score_Decouple,NOW
2019-03-06,46.62200164794922,2019-04-02,49.36399841308594,BUBBLE,19,5.669785303596642,False,C1_Score_Decouple,NOW
2019-04-03,49.428001403808594,2019-05-01,54.08000183105469,BUBBLE,19,9.19306536069163,False,C1_Score_Decouple,NOW
2019-05-02,52.53400039672852,2019-05-29,52.8380012512207,BUBBLE,18,0.37771808909144566,False,C1_Score_Decouple,NOW
2019-06-04,51.5099983215332,2019-07-01,56.70199966430664,BUBBLE,19,9.859659871179517,False,C1_Score_Decouple,NOW
2019-07-02,57.6619987487793,2019-07-15,60.220001220703125,BUBBLE,8,4.227537792759555,False,C1_Score_Decouple,NOW
2020-03-03,65.9260025024414,2020-03-12,52.42399978637695,BEAR,7,-20.63942216408009,False,C1_Score_Decouple,NOW
2020-05-04,70.9280014038086,2020-05-07,76.36599731445312,BUBBLE,3,7.451805197977899,True,C1_Score_Decouple,NOW
2020-05-08,75.4520034790039,2020-06-02,78.58000183105469,BUBBLE,16,3.9375963717332914,False,C1_Score_Decouple,NOW
2020-07-02,82.84200286865234,2020-07-06,83.28800201416016,BUBBLE,1,0.33749733395175263,True,C1_Score_Decouple,NOW
2020-07-07,82.3479995727539,2020-07-29,89.14199829101562,BUBBLE,16,8.034066233418692,False,C1_Score_Decouple,NOW
2020-08-04,87.62999725341797,2020-08-28,97.5739974975586,BUBBLE,18,11.125239652803046,False,C1_Score_Decouple,NOW
2020-09-02,99.93800354003906,2020-09-24,92.02400207519533,BUBBLE,15,-8.102889109256406,False,C1_Score_Decouple,NOW
2020-10-02,98.62999725341795,2020-10-13,103.66000366210938,BUBBLE,7,4.889885074081253,False,C1_Score_Decouple,NOW
2020-11-03,96.01000213623048,2020-11-10,96.25599670410156,BUBBLE,5,0.05590552332293021,True,C1_Score_Decouple,NOW
2020-12-02,105.3040008544922,2020-12-10,107.5999984741211,BUBBLE,6,1.9761951975292271,False,C1_Score_Decouple,NOW
2021-02-02,116.7020034790039,2021-02-04,117.7959976196289,BUBBLE,2,0.7357521520004068,True,C1_Score_Decouple,NOW
2021-09-02,132.06199645996094,2021-09-08,130.75999450683594,BUBBLE,3,-1.1837324327308134,True,C1_Score_Decouple,NOW
2021-10-04,123.59400177001952,2021-10-21,137.26800537109375,BUBBLE,13,10.841741233538952,False,C1_Score_Decouple,NOW
2022-02-02,116.2300033569336,2022-03-02,117.41200256347656,BEAR,19,0.815116375693728,False,C1_Score_Decouple,NOW
2022-04-04,114.96399688720705,2022-04-06,105.58999633789062,BEAR,2,-8.33736633423811,True,C1_Score_Decouple,NOW
2022-05-03,96.37200164794922,2022-05-19,85.35199737548828,BEAR,12,-11.611814160123071,False,C1_Score_Decouple,NOW
2022-06-02,100.95999908447266,2022-06-17,88.75800323486328,BEAR,11,-12.261623048405111,False,C1_Score_Decouple,NOW
2022-06-28,94.68800354003906,2022-07-01,96.87200164794922,BEAR,3,2.1021117571936583,True,C1_Score_Decouple,NOW
2022-07-05,99.18599700927734,2022-07-25,88.0,BEAR,14,-11.455065763001588,False,C1_Score_Decouple,NOW
2022-08-08,98.98999786376952,2022-08-25,93.20600128173828,BEAR,13,-6.031136971064655,False,C1_Score_Decouple,NOW
2022-09-08,90.15399932861328,2022-09-16,85.16000366210938,BEAR,6,-5.728138033175024,False,C1_Score_Decouple,NOW
2022-10-04,82.30999755859375,2022-10-27,83.13400268554688,BEAR,17,0.7992992868420123,False,C1_Score_Decouple,NOW
2022-11-01,83.71199798583984,2022-11-22,80.05599975585938,BEAR,15,-4.558426951044928,False,C1_Score_Decouple,NOW
2022-12-02,82.5739974975586,2022-12-16,78.8740005493164,BEAR,10,-4.671673257727627,False,C1_Score_Decouple,NOW
2023-01-04,78.7699966430664,2023-01-06,73.30599975585938,BEAR,2,-7.122588117665762,True,C1_Score_Decouple,NOW
2023-02-02,98.25399780273438,2023-02-27,85.71399688720703,BEAR,16,-12.937140408357987,False,C1_Score_Decouple,NOW
2023-03-02,87.20800018310547,2023-03-23,88.09400177001953,BEAR,15,0.8141335587043166,False,C1_Score_Decouple,NOW
2023-05-02,88.73600006103516,2023-06-01,108.59200286865234,BUBBLE,21,22.13198223427957,False,C1_Score_Decouple,NOW
2023-06-02,109.63600158691406,2023-06-30,112.3939971923828,BUBBLE,19,2.3107666622688248,False,C1_Score_Decouple,NOW
2023-07-03,112.5739974975586,2023-07-27,111.97799682617188,BUBBLE,17,-0.7281725362870206,False,C1_Score_Decouple,NOW
2023-08-02,112.63400268554688,2023-09-01,118.1760025024414,BUBBLE,22,4.710730153656898,False,C1_Score_Decouple,NOW
2023-10-03,108.2480010986328,2023-10-26,110.19000244140624,BEAR,17,1.5906450745143914,False,C1_Score_Decouple,NOW
2023-11-02,119.88600158691406,2023-11-16,130.45599365234375,BUBBLE,10,8.599286482990259,False,C1_Score_Decouple,NOW
2023-12-04,137.5240020751953,2023-12-14,136.0780029296875,BUBBLE,8,-1.2491515963199724,False,C1_Score_Decouple,NOW
2024-01-03,135.05999755859375,2024-01-10,142.86000061035156,BUBBLE,5,5.563874293603257,True,C1_Score_Decouple,NOW
2024-01-11,145.29200744628906,2024-01-29,157.447998046875,BUBBLE,11,8.15007610813304,False,C1_Score_Decouple,NOW
2024-02-02,156.25999450683594,2024-02-28,151.95799255371094,BUBBLE,17,-2.947404638273043,False,C1_Score_Decouple,NOW
2024-05-02,139.1439971923828,2024-05-31,131.38600158691406,BEAR,20,-5.764176149158351,False,C1_Score_Decouple,NOW
2024-11-04,190.91799926757807,2024-11-11,207.20199584960932,BUBBLE,5,8.312472706196449,True,C1_Score_Decouple,NOW
2024-12-03,211.4640045166016,2024-12-06,224.8679962158203,BUBBLE,3,6.126198651683905,True,C1_Score_Decouple,NOW
2025-01-03,214.7539978027344,2025-01-07,210.8300018310547,BUBBLE,2,-2.0233545270567186,True,C1_Score_Decouple,NOW
2025-04-02,164.80599975585938,2025-04-09,165.19000244140625,BEAR,5,0.032737115577668584,True,C1_Score_Decouple,NOW
2025-04-10,156.697998046875,2025-04-11,157.13400268554688,BEAR,1,0.07788905338509441,True,C1_Score_Decouple,NOW
2025-06-03,202.17599487304688,2025-06-18,196.4160003662109,BEAR,11,-3.043108095929247,False,C1_Score_Decouple,NOW
2025-07-02,201.95199584960932,2025-07-16,193.3939971923828,BEAR,9,-4.428973436181937,False,C1_Score_Decouple,NOW
2025-09-18,189.54800415039065,2025-09-26,187.1999969482422,BEAR,6,-1.4360653293491215,False,C1_Score_Decouple,NOW
2025-10-01,182.48599243164065,2025-11-03,182.7680053710937,BEAR,23,-0.04556947047887677,False,C1_Score_Decouple,NOW
2025-12-02,164.87600708007812,2025-12-19,155.30999755859375,BEAR,13,-5.990149435217289,False,C1_Score_Decouple,NOW
2026-02-03,109.7699966430664,2026-02-04,111.06999969482422,BEAR,1,0.9821308220998181,True,C1_Score_Decouple,NOW
2026-03-03,113.19000244140624,2026-03-23,110.9499969482422,BEAR,14,-2.1748244152739864,False,C1_Score_Decouple,NOW
2026-05-04,91.97000122070312,2026-05-07,93.58999633789062,BEAR,3,1.5581190589229055,True,C1_Score_Decouple,NOW
2026-06-02,127.6500015258789,2026-06-10,106.05999755859376,BEAR,6,-17.07944519679094,False,C1_Score_Decouple,NOW
2026-06-11,103.08000183105467,2026-07-01,105.8000030517578,BEAR,13,2.433655955234319,False,C1_Score_Decouple,NOW
2026-07-07,110.7300033569336,2026-07-22,95.45999908447266,BEAR,11,-13.962551316397898,False,C1_Score_Decouple,NOW
2014-07-02,12.423999786376951,2014-07-14,11.510000228881836,BEAR,7,-7.541826924183067,False,C2_Panic_Latch,NOW
2014-12-02,12.345999717712402,2014-12-09,12.406000137329102,BEAR,5,0.2852195639093126,True,C2_Panic_Latch,NOW
2015-01-05,13.43000030517578,2015-02-02,14.597999572753906,BUBBLE,19,8.479764775776216,False,C2_Panic_Latch,NOW
2015-02-03,14.529999732971191,2015-03-02,15.288000106811523,BUBBLE,18,5.00657214349937,False,C2_Panic_Latch,NOW
2015-04-02,15.223999977111816,2015-04-14,16.040000915527344,BUBBLE,7,5.149454714378406,False,C2_Panic_Latch,NOW
2015-06-02,15.076000213623049,2015-07-02,14.906000137329102,BEAR,22,-1.3251677601464757,False,C2_Panic_Latch,NOW
2015-08-04,15.58199977874756,2015-08-07,15.390000343322754,BEAR,3,-1.4295256707924309,True,C2_Panic_Latch,NOW
2016-01-05,16.799999237060547,2016-01-14,15.642000198364258,BEAR,7,-7.0788800021007985,False,C2_Panic_Latch,NOW
2016-05-03,13.968000411987305,2016-05-12,13.494000434875488,BEAR,7,-3.586490565333972,False,C2_Panic_Latch,NOW
2016-06-02,14.845999717712402,2016-06-22,14.383999824523926,BEAR,14,-3.305531206441054,False,C2_Panic_Latch,NOW
2016-08-02,14.645999908447266,2016-08-23,14.52400016784668,BEAR,15,-1.0311260610333655,False,C2_Panic_Latch,NOW
2016-09-02,15.248000144958496,2016-09-14,14.51200008392334,BEAR,7,-5.0170190118392215,False,C2_Panic_Latch,NOW
2016-10-04,15.855999946594238,2016-11-02,16.917999267578125,BUBBLE,21,6.48459339119714,False,C2_Panic_Latch,NOW
2017-05-02,18.992000579833984,2017-05-18,19.79400062561035,BUBBLE,12,4.014593353517122,False,C2_Panic_Latch,NOW
2017-06-02,21.459999084472656,2017-06-06,21.573999404907227,BUBBLE,2,0.3303608086822808,True,C2_Panic_Latch,NOW
2017-07-05,21.02199935913086,2017-07-14,22.076000213623047,BUBBLE,7,4.803981508632452,False,C2_Panic_Latch,NOW
2017-08-02,21.43400001525879,2017-09-05,23.229999542236328,BUBBLE,23,8.162666512237754,False,C2_Panic_Latch,NOW
2017-10-03,23.56599998474121,2017-10-10,24.191999435424805,BUBBLE,5,2.4512593900109776,True,C2_Panic_Latch,NOW
2018-01-03,26.582000732421875,2018-01-19,28.45400047302246,BUBBLE,11,6.828487475701622,False,C2_Panic_Latch,NOW
2018-02-02,29.95199966430664,2018-02-14,29.54800033569336,BUBBLE,8,-1.5459278095303608,False,C2_Panic_Latch,NOW
2018-02-15,30.507999420166016,2018-02-27,32.667999267578125,BUBBLE,7,6.866163496188249,False,C2_Panic_Latch,NOW
2018-03-02,33.33399963378906,2018-03-14,35.06800079345703,BUBBLE,8,4.9917058927727975,False,C2_Panic_Latch,NOW
2018-04-03,32.354000091552734,2018-04-12,33.7140007019043,BUBBLE,7,3.995301866633828,False,C2_Panic_Latch,NOW
2018-05-02,33.099998474121094,2018-05-09,36.007999420166016,BUBBLE,5,8.56814810271586,True,C2_Panic_Latch,NOW
2018-06-04,36.70000076293945,2018-06-08,35.63800048828125,BUBBLE,4,-3.087752172427529,True,C2_Panic_Latch,NOW
2018-07-03,35.4379997253418,2018-07-16,37.81600189208984,BUBBLE,8,6.497109704994767,False,C2_Panic_Latch,NOW
2018-08-02,36.56800079345703,2018-08-31,39.27199935913086,BUBBLE,21,7.179864842265412,False,C2_Panic_Latch,NOW
2018-12-04,36.16999816894531,2019-01-02,35.66400146484375,BEAR,18,-1.5959454783182219,False,C2_Panic_Latch,NOW
2019-02-04,45.02799987792969,2019-02-07,45.391998291015625,BUBBLE,3,0.6069670217378447,True,C2_Panic_Latch,NOW
2019-03-04,47.39400100708008,2019-03-05,47.20000076293945,BUBBLE,1,-0.608317368959005,True,C2_Panic_Latch,NOW
2019-03-06,46.62200164794922,2019-04-02,49.36399841308594,BUBBLE,19,5.669785303596642,False,C2_Panic_Latch,NOW
2019-04-03,49.428001403808594,2019-05-01,54.08000183105469,BUBBLE,19,9.19306536069163,False,C2_Panic_Latch,NOW
2019-05-02,52.53400039672852,2019-05-29,52.8380012512207,BUBBLE,18,0.37771808909144566,False,C2_Panic_Latch,NOW
2019-06-04,51.5099983215332,2019-07-01,56.70199966430664,BUBBLE,19,9.859659871179517,False,C2_Panic_Latch,NOW
2019-07-02,57.6619987487793,2019-07-15,60.220001220703125,BUBBLE,8,4.227537792759555,False,C2_Panic_Latch,NOW
2020-03-03,65.9260025024414,2020-03-12,52.42399978637695,BEAR,7,-20.63942216408009,False,C2_Panic_Latch,NOW
2020-05-04,70.9280014038086,2020-05-07,76.36599731445312,BUBBLE,3,7.451805197977899,True,C2_Panic_Latch,NOW
2020-05-08,75.4520034790039,2020-06-02,78.58000183105469,BUBBLE,16,3.9375963717332914,False,C2_Panic_Latch,NOW
2020-07-02,82.84200286865234,2020-07-06,83.28800201416016,BUBBLE,1,0.33749733395175263,True,C2_Panic_Latch,NOW
2020-07-07,82.3479995727539,2020-07-29,89.14199829101562,BUBBLE,16,8.034066233418692,False,C2_Panic_Latch,NOW
2020-08-04,87.62999725341797,2020-08-28,97.5739974975586,BUBBLE,18,11.125239652803046,False,C2_Panic_Latch,NOW
2020-09-02,99.93800354003906,2020-09-24,92.02400207519533,BUBBLE,15,-8.102889109256406,False,C2_Panic_Latch,NOW
2020-10-02,98.62999725341795,2020-10-13,103.66000366210938,BUBBLE,7,4.889885074081253,False,C2_Panic_Latch,NOW
2020-11-03,96.01000213623048,2020-11-10,96.25599670410156,BUBBLE,5,0.05590552332293021,True,C2_Panic_Latch,NOW
2020-12-02,105.3040008544922,2020-12-10,107.5999984741211,BUBBLE,6,1.9761951975292271,False,C2_Panic_Latch,NOW
2021-02-02,116.7020034790039,2021-02-04,117.7959976196289,BUBBLE,2,0.7357521520004068,True,C2_Panic_Latch,NOW
2021-09-02,132.06199645996094,2021-09-08,130.75999450683594,BUBBLE,3,-1.1837324327308134,True,C2_Panic_Latch,NOW
2021-10-04,123.59400177001952,2021-10-21,137.26800537109375,BUBBLE,13,10.841741233538952,False,C2_Panic_Latch,NOW
2022-02-02,116.2300033569336,2022-03-02,117.41200256347656,BEAR,19,0.815116375693728,False,C2_Panic_Latch,NOW
2022-04-04,114.96399688720705,2022-04-06,105.58999633789062,BEAR,2,-8.33736633423811,True,C2_Panic_Latch,NOW
2022-05-03,96.37200164794922,2022-05-19,85.35199737548828,BEAR,12,-11.611814160123071,False,C2_Panic_Latch,NOW
2022-06-02,100.95999908447266,2022-06-17,88.75800323486328,BEAR,11,-12.261623048405111,False,C2_Panic_Latch,NOW
2022-06-24,100.81800079345705,2022-07-01,96.87200164794922,BEAR,5,-4.105962790148416,True,C2_Panic_Latch,NOW
2022-07-05,99.18599700927734,2022-07-25,88.0,BEAR,14,-11.455065763001588,False,C2_Panic_Latch,NOW
2022-08-08,98.98999786376952,2022-08-25,93.20600128173828,BEAR,13,-6.031136971064655,False,C2_Panic_Latch,NOW
2022-09-08,90.15399932861328,2022-09-16,85.16000366210938,BEAR,6,-5.728138033175024,False,C2_Panic_Latch,NOW
2022-10-04,82.30999755859375,2022-10-27,83.13400268554688,BEAR,17,0.7992992868420123,False,C2_Panic_Latch,NOW
2022-11-01,83.71199798583984,2022-11-22,80.05599975585938,BEAR,15,-4.558426951044928,False,C2_Panic_Latch,NOW
2022-12-02,82.5739974975586,2022-12-16,78.8740005493164,BEAR,10,-4.671673257727627,False,C2_Panic_Latch,NOW
2023-01-04,78.7699966430664,2023-01-06,73.30599975585938,BEAR,2,-7.122588117665762,True,C2_Panic_Latch,NOW
2023-02-02,98.25399780273438,2023-02-27,85.71399688720703,BEAR,16,-12.937140408357987,False,C2_Panic_Latch,NOW
2023-03-02,87.20800018310547,2023-03-23,88.09400177001953,BEAR,15,0.8141335587043166,False,C2_Panic_Latch,NOW
2023-05-02,88.73600006103516,2023-05-22,102.27799987792967,BUBBLE,14,15.030706995596793,False,C2_Panic_Latch,NOW
2023-06-02,109.63600158691406,2023-06-07,105.66400146484376,BUBBLE,3,-3.815459290347948,True,C2_Panic_Latch,NOW
2023-06-08,107.06800079345705,2023-07-05,113.1520004272461,BUBBLE,17,5.4712161126067045,False,C2_Panic_Latch,NOW
2023-08-02,112.63400268554688,2023-08-03,112.08000183105467,BUBBLE,1,-0.6906767970046922,True,C2_Panic_Latch,NOW
2023-08-04,110.32599639892578,2023-09-01,118.1760025024414,BUBBLE,20,6.901265760491252,False,C2_Panic_Latch,NOW
2023-10-03,108.2480010986328,2023-10-26,110.19000244140624,BEAR,17,1.5906450745143914,False,C2_Panic_Latch,NOW
2023-11-02,119.88600158691406,2023-11-16,130.45599365234375,BUBBLE,10,8.599286482990259,False,C2_Panic_Latch,NOW
2023-12-04,137.5240020751953,2023-12-14,136.0780029296875,BUBBLE,8,-1.2491515963199724,False,C2_Panic_Latch,NOW
2024-01-03,135.05999755859375,2024-01-10,142.86000061035156,BUBBLE,5,5.563874293603257,True,C2_Panic_Latch,NOW
2024-01-11,145.29200744628906,2024-01-29,157.447998046875,BUBBLE,11,8.15007610813304,False,C2_Panic_Latch,NOW
2024-02-02,156.25999450683594,2024-02-28,151.95799255371094,BUBBLE,17,-2.947404638273043,False,C2_Panic_Latch,NOW
2024-05-02,139.1439971923828,2024-05-31,131.38600158691406,BEAR,20,-5.764176149158351,False,C2_Panic_Latch,NOW
2024-11-04,190.91799926757807,2024-11-11,207.20199584960932,BUBBLE,5,8.312472706196449,True,C2_Panic_Latch,NOW
2024-12-03,211.4640045166016,2024-12-06,224.8679962158203,BUBBLE,3,6.126198651683905,True,C2_Panic_Latch,NOW
2025-01-03,214.7539978027344,2025-01-07,210.8300018310547,BUBBLE,2,-2.0233545270567186,True,C2_Panic_Latch,NOW
2025-04-02,164.80599975585938,2025-04-09,165.19000244140625,BEAR,5,0.032737115577668584,True,C2_Panic_Latch,NOW
2025-04-10,156.697998046875,2025-04-11,157.13400268554688,BEAR,1,0.07788905338509441,True,C2_Panic_Latch,NOW
2025-06-03,202.17599487304688,2025-06-18,196.4160003662109,BEAR,11,-3.043108095929247,False,C2_Panic_Latch,NOW
2025-07-02,201.95199584960932,2025-07-16,193.3939971923828,BEAR,9,-4.428973436181937,False,C2_Panic_Latch,NOW
2025-08-19,177.3560028076172,2025-08-20,178.0500030517578,BEAR,1,0.1907214737275573,True,C2_Panic_Latch,NOW
2025-09-04,179.71200561523438,2025-09-26,187.1999969482422,BEAR,16,3.958536515534955,False,C2_Panic_Latch,NOW
2025-10-01,182.48599243164065,2025-11-03,182.7680053710937,BEAR,23,-0.04556947047887677,False,C2_Panic_Latch,NOW
2025-12-02,164.87600708007812,2025-12-19,155.30999755859375,BEAR,13,-5.990149435217289,False,C2_Panic_Latch,NOW
2026-02-03,109.7699966430664,2026-02-04,111.06999969482422,BEAR,1,0.9821308220998181,True,C2_Panic_Latch,NOW
2026-03-03,113.19000244140624,2026-03-23,110.9499969482422,BEAR,14,-2.1748244152739864,False,C2_Panic_Latch,NOW
2026-05-04,91.97000122070312,2026-05-07,93.58999633789062,BEAR,3,1.5581190589229055,True,C2_Panic_Latch,NOW
2026-06-02,127.6500015258789,2026-06-10,106.05999755859376,BEAR,6,-17.07944519679094,False,C2_Panic_Latch,NOW
2026-06-11,103.08000183105467,2026-07-01,105.8000030517578,BEAR,13,2.433655955234319,False,C2_Panic_Latch,NOW
2026-07-07,110.7300033569336,2026-07-22,95.45999908447266,BEAR,11,-13.962551316397898,False,C2_Panic_Latch,NOW
2014-07-02,12.423999786376951,2014-07-14,11.510000228881836,BEAR,7,-7.541826924183067,False,C3_Reentry_Handshake,NOW
2014-12-02,12.345999717712402,2014-12-09,12.406000137329102,BEAR,5,0.2852195639093126,True,C3_Reentry_Handshake,NOW
2015-01-05,13.43000030517578,2015-02-02,14.597999572753906,BUBBLE,19,8.479764775776216,False,C3_Reentry_Handshake,NOW
2015-02-17,15.37600040435791,2015-03-02,15.288000106811523,BUBBLE,9,-0.7709791180263673,False,C3_Reentry_Handshake,NOW
2015-03-18,16.010000228881836,2015-04-02,15.223999977111816,STOP_LOSS_5PCT,11,-5.099424250282416,False,C3_Reentry_Handshake,NOW
2015-04-06,15.64799976348877,2015-04-14,16.040000915527344,BUBBLE,6,2.30031444019619,False,C3_Reentry_Handshake,NOW
2015-06-02,15.076000213623049,2015-07-02,14.906000137329102,BEAR,22,-1.3251677601464757,False,C3_Reentry_Handshake,NOW
2015-08-04,15.58199977874756,2015-08-07,15.390000343322754,BEAR,3,-1.4295256707924309,True,C3_Reentry_Handshake,NOW
2016-01-05,16.799999237060547,2016-01-14,15.642000198364258,BEAR,7,-7.0788800021007985,False,C3_Reentry_Handshake,NOW
2016-05-03,13.968000411987305,2016-05-12,13.494000434875488,BEAR,7,-3.586490565333972,False,C3_Reentry_Handshake,NOW
2016-06-02,14.845999717712402,2016-06-22,14.383999824523926,BEAR,14,-3.305531206441054,False,C3_Reentry_Handshake,NOW
2016-06-24,14.065999984741213,2016-06-28,13.026000022888184,STOP_LOSS_5PCT,2,-7.578742621080307,True,C3_Reentry_Handshake,NOW
2016-08-02,14.645999908447266,2016-08-23,14.52400016784668,BEAR,15,-1.0311260610333655,False,C3_Reentry_Handshake,NOW
2016-09-02,15.248000144958496,2016-09-14,14.51200008392334,BEAR,7,-5.0170190118392215,False,C3_Reentry_Handshake,NOW
2016-10-04,15.855999946594238,2016-11-02,16.917999267578125,BUBBLE,21,6.48459339119714,False,C3_Reentry_Handshake,NOW
2017-05-02,18.992000579833984,2017-05-18,19.79400062561035,BUBBLE,12,4.014593353517122,False,C3_Reentry_Handshake,NOW
2017-06-02,21.459999084472656,2017-06-06,21.573999404907227,BUBBLE,2,0.3303608086822808,True,C3_Reentry_Handshake,NOW
2017-07-12,22.45199966430664,2017-07-14,22.076000213623047,BUBBLE,2,-1.871135531353918,True,C3_Reentry_Handshake,NOW
2017-08-07,21.75200080871582,2017-09-05,23.229999542236328,BUBBLE,20,6.581395250077001,False,C3_Reentry_Handshake,NOW
2017-10-04,23.61199951171875,2017-10-10,24.191999435424805,BUBBLE,4,2.2516697928718425,True,C3_Reentry_Handshake,NOW
2018-01-03,26.582000732421875,2018-01-19,28.45400047302246,BUBBLE,11,6.828487475701622,False,C3_Reentry_Handshake,NOW
2018-02-02,29.95199966430664,2018-02-09,29.03199958801269,STOP_LOSS_5PCT,5,-3.2652446595819904,True,C3_Reentry_Handshake,NOW
2018-02-12,29.44799995422364,2018-02-14,29.54800033569336,BUBBLE,2,0.1391042441786136,True,C3_Reentry_Handshake,NOW
2018-03-05,33.65999984741211,2018-03-14,35.06800079345703,BUBBLE,7,3.974851504631026,False,C3_Reentry_Handshake,NOW
2018-04-18,34.86000061035156,2018-04-25,31.600000381469727,STOP_LOSS_5PCT,5,-9.532808475608809,True,C3_Reentry_Handshake,NOW
2018-05-08,35.20600128173828,2018-05-09,36.007999420166016,BUBBLE,1,2.0736637421554565,True,C3_Reentry_Handshake,NOW
2018-06-04,36.70000076293945,2018-06-08,35.63800048828125,BUBBLE,4,-3.087752172427529,True,C3_Reentry_Handshake,NOW
2018-07-06,36.43199920654297,2018-07-16,37.81600189208984,BUBBLE,6,3.591475259955093,False,C3_Reentry_Handshake,NOW
2018-08-24,38.71200180053711,2018-08-31,39.27199935913086,BUBBLE,5,1.243883041465443,True,C3_Reentry_Handshake,NOW
2018-12-04,36.16999816894531,2018-12-18,34.7140007019043,STOP_LOSS_5PCT,9,-4.217186029917179,False,C3_Reentry_Handshake,NOW
2019-02-04,45.02799987792969,2019-02-07,45.391998291015625,BUBBLE,3,0.6069670217378447,True,C3_Reentry_Handshake,NOW
2019-03-04,47.39400100708008,2019-03-05,47.20000076293945,BUBBLE,1,-0.608317368959005,True,C3_Reentry_Handshake,NOW
2019-03-21,50.18999862670898,2019-04-02,49.36399841308594,BUBBLE,8,-1.8422586299687622,False,C3_Reentry_Handshake,NOW
2019-04-23,48.709999084472656,2019-05-01,54.08000183105469,BUBBLE,6,10.802609102386535,False,C3_Reentry_Handshake,NOW
2019-05-17,54.59799957275391,2019-05-29,52.8380012512207,BUBBLE,7,-3.4169177775783375,False,C3_Reentry_Handshake,NOW
2019-06-19,57.10200119018555,2019-07-01,56.70199966430664,BUBBLE,8,-0.8989041080877499,False,C3_Reentry_Handshake,NOW
2019-09-05,53.92399978637695,2019-09-10,50.63600158691406,STOP_LOSS_5PCT,3,-6.285084647338407,True,C3_Reentry_Handshake,NOW
2020-03-03,65.9260025024414,2020-03-12,52.42399978637695,BEAR,7,-20.63942216408009,False,C3_Reentry_Handshake,NOW
2020-05-21,76.72799682617188,2020-06-02,78.58000183105469,BUBBLE,7,2.2091049868816666,False,C3_Reentry_Handshake,NOW
2020-07-02,82.84200286865234,2020-07-06,83.28800201416016,BUBBLE,1,0.33749733395175263,True,C3_Reentry_Handshake,NOW
2020-07-21,87.44400024414062,2020-07-29,89.14199829101562,BUBBLE,6,1.738132006701643,False,C3_Reentry_Handshake,NOW
2020-08-21,89.88400268554688,2020-08-28,97.5739974975586,BUBBLE,5,8.338571432204082,True,C3_Reentry_Handshake,NOW
2020-10-06,98.30799865722656,2020-10-13,103.66000366210938,BUBBLE,5,5.233442019699614,True,C3_Reentry_Handshake,NOW
2020-11-06,107.03600311279295,2020-11-10,96.25599670410156,STOP_LOSS_5PCT,2,-10.251061104050546,True,C3_Reentry_Handshake,NOW
2020-12-02,105.3040008544922,2020-12-10,107.5999984741211,BUBBLE,6,1.9761951975292271,False,C3_Reentry_Handshake,NOW
2021-02-02,116.7020034790039,2021-02-04,117.7959976196289,BUBBLE,2,0.7357521520004068,True,C3_Reentry_Handshake,NOW
2021-09-02,132.06199645996094,2021-09-08,130.75999450683594,BUBBLE,3,-1.1837324327308134,True,C3_Reentry_Handshake,NOW
2021-10-14,130.6060028076172,2021-10-21,137.26800537109375,BUBBLE,5,4.890847799616481,True,C3_Reentry_Handshake,NOW
2022-02-02,116.2300033569336,2022-03-02,117.41200256347656,BEAR,19,0.815116375693728,False,C3_Reentry_Handshake,NOW
2022-04-04,114.96399688720705,2022-04-06,105.58999633789062,BEAR,2,-8.33736633423811,True,C3_Reentry_Handshake,NOW
2022-05-03,96.37200164794922,2022-05-10,86.46399688720703,STOP_LOSS_5PCT,5,-10.460257986654122,True,C3_Reentry_Handshake,NOW
2022-06-02,100.95999908447266,2022-06-17,88.75800323486328,BEAR,11,-12.261623048405111,False,C3_Reentry_Handshake,NOW
2022-06-30,95.10399627685548,2022-07-01,96.87200164794922,BEAR,1,1.6555086851106853,True,C3_Reentry_Handshake,NOW
2022-07-05,99.18599700927734,2022-07-13,84.55400085449219,STOP_LOSS_5PCT,6,-14.92240403254412,False,C3_Reentry_Handshake,NOW
2022-07-21,92.05799865722656,2022-07-25,88.0,BEAR,2,-4.599081986145656,True,C3_Reentry_Handshake,NOW
2022-08-08,98.98999786376952,2022-08-23,91.9980010986328,STOP_LOSS_5PCT,11,-7.249024254975074,False,C3_Reentry_Handshake,NOW
2022-09-08,90.15399932861328,2022-09-16,85.16000366210938,BEAR,6,-5.728138033175024,False,C3_Reentry_Handshake,NOW
2022-10-04,82.30999755859375,2022-10-11,74.26000213623047,STOP_LOSS_5PCT,5,-9.960353903748988,True,C3_Reentry_Handshake,NOW
2022-10-24,73.31199645996094,2022-10-27,83.13400268554688,BEAR,3,13.170974449443435,True,C3_Reentry_Handshake,NOW
2022-11-01,83.71199798583984,2022-11-03,77.11199951171875,STOP_LOSS_5PCT,2,-8.068220285887689,True,C3_Reentry_Handshake,NOW
2022-11-15,83.89600372314453,2022-11-22,80.05599975585938,BEAR,5,-4.767755122102352,True,C3_Reentry_Handshake,NOW
2022-12-01,85.12000274658203,2022-12-06,77.83000183105469,STOP_LOSS_5PCT,3,-8.747069048924889,True,C3_Reentry_Handshake,NOW
2022-12-13,83.23400115966797,2022-12-16,78.8740005493164,BEAR,3,-5.427578823674945,True,C3_Reentry_Handshake,NOW
2023-01-04,78.7699966430664,2023-01-06,73.30599975585938,STOP_LOSS_5PCT,2,-7.122588117665762,True,C3_Reentry_Handshake,NOW
2023-02-02,98.25399780273438,2023-02-27,85.71399688720703,BEAR,16,-12.937140408357987,False,C3_Reentry_Handshake,NOW
2023-03-02,87.20800018310547,2023-03-23,88.09400177001953,BEAR,15,0.8141335587043166,False,C3_Reentry_Handshake,NOW
2023-05-02,88.73600006103516,2023-05-22,102.27799987792967,BUBBLE,14,15.030706995596793,False,C3_Reentry_Handshake,NOW
2023-06-06,111.16000366210938,2023-06-07,105.66400146484376,BUBBLE,1,-5.134147980650527,True,C3_Reentry_Handshake,NOW
2023-08-02,112.63400268554688,2023-08-03,112.08000183105467,BUBBLE,1,-0.6906767970046922,True,C3_Reentry_Handshake,NOW
2023-08-23,113.5999984741211,2023-09-01,118.1760025024414,BUBBLE,7,3.8203241175159124,False,C3_Reentry_Handshake,NOW
2023-10-10,111.66000366210938,2023-10-26,110.19000244140624,BEAR,12,-1.5136673923596073,False,C3_Reentry_Handshake,NOW
2023-11-02,119.88600158691406,2023-11-16,130.45599365234375,BUBBLE,10,8.599286482990259,False,C3_Reentry_Handshake,NOW
2023-12-01,138.1580047607422,2023-12-14,136.0780029296875,BUBBLE,9,-1.7023160958825545,False,C3_Reentry_Handshake,NOW
2024-01-12,145.83599853515625,2024-01-29,157.447998046875,BUBBLE,10,7.746659405439084,False,C3_Reentry_Handshake,NOW
2024-02-12,157.47000122070312,2024-02-22,153.8419952392578,STOP_LOSS_5PCT,7,-2.4991316217710966,False,C3_Reentry_Handshake,NOW
2024-02-23,154.19400024414062,2024-02-28,151.95799255371094,BUBBLE,3,-1.647029105635308,True,C3_Reentry_Handshake,NOW
2024-05-02,139.1439971923828,2024-05-31,131.38600158691406,BEAR,20,-5.764176149158351,False,C3_Reentry_Handshake,NOW
2024-11-04,190.91799926757807,2024-11-11,207.20199584960932,BUBBLE,5,8.312472706196449,True,C3_Reentry_Handshake,NOW
2024-12-03,211.4640045166016,2024-12-06,224.8679962158203,BUBBLE,3,6.126198651683905,True,C3_Reentry_Handshake,NOW
2025-01-21,219.3699951171875,2025-01-31,203.67599487304688,STOP_LOSS_5PCT,8,-7.3396296882993814,False,C3_Reentry_Handshake,NOW
2025-04-10,156.697998046875,2025-04-11,157.13400268554688,BEAR,1,0.07788905338509441,True,C3_Reentry_Handshake,NOW
2025-06-03,202.17599487304688,2025-06-18,196.4160003662109,BEAR,11,-3.043108095929247,False,C3_Reentry_Handshake,NOW
2025-07-02,201.95199584960932,2025-07-16,193.3939971923828,BEAR,9,-4.428973436181937,False,C3_Reentry_Handshake,NOW
2025-09-18,189.54800415039065,2025-09-26,187.1999969482422,BEAR,6,-1.4360653293491215,False,C3_Reentry_Handshake,NOW
2025-10-24,186.03399658203125,2025-11-03,182.7680053710937,BEAR,6,-1.9518809021762131,False,C3_Reentry_Handshake,NOW
2025-12-02,164.87600708007812,2025-12-16,156.2239990234375,STOP_LOSS_5PCT,10,-5.436900175822149,False,C3_Reentry_Handshake,NOW
2026-02-03,109.7699966430664,2026-02-04,111.06999969482422,BEAR,1,0.9821308220998181,True,C3_Reentry_Handshake,NOW
2026-03-03,113.19000244140624,2026-03-23,110.9499969482422,BEAR,14,-2.1748244152739864,False,C3_Reentry_Handshake,NOW
2026-04-17,96.66000366210938,2026-04-24,90.16999816894533,STOP_LOSS_5PCT,5,-6.900646675932336,True,C3_Reentry_Handshake,NOW
2026-05-05,92.01000213623048,2026-05-07,93.58999633789062,BEAR,2,1.5139671444867004,True,C3_Reentry_Handshake,NOW
2026-06-02,127.6500015258789,2026-06-10,106.05999755859376,BEAR,6,-17.07944519679094,False,C3_Reentry_Handshake,NOW
2026-06-16,101.33000183105467,2026-06-18,95.04000091552734,STOP_LOSS_5PCT,2,-6.394839544215585,True,C3_Reentry_Handshake,NOW
2026-06-29,99.97000122070312,2026-07-01,105.8000030517578,BEAR,2,5.620299234731904,True,C3_Reentry_Handshake,NOW
2026-07-07,110.7300033569336,2026-07-15,104.7300033569336,STOP_LOSS_5PCT,6,-5.607559439822858,False,C3_Reentry_Handshake,NOW
2026-07-16,104.01000213623048,2026-07-22,95.45999908447266,BEAR,4,-8.403742083582886,True,C3_Reentry_Handshake,NOW
2014-07-02,12.423999786376951,2014-07-14,11.510000228881836,BEAR,7,-7.541826924183067,False,C4_Score_Latch,NOW
2014-12-02,12.345999717712402,2014-12-09,12.406000137329102,BEAR,5,0.2852195639093126,True,C4_Score_Latch,NOW
2015-02-03,14.529999732971191,2015-02-06,14.98799991607666,BUBBLE,3,2.9460023206728847,True,C4_Score_Latch,NOW
2015-03-03,15.09000015258789,2015-03-19,16.091999053955078,BUBBLE,12,6.427084461885936,False,C4_Score_Latch,NOW
2015-04-02,15.223999977111816,2015-04-14,16.040000915527344,BUBBLE,7,5.149454714378406,False,C4_Score_Latch,NOW
2015-06-02,15.076000213623049,2015-07-02,14.906000137329102,BEAR,22,-1.3251677601464757,False,C4_Score_Latch,NOW
2015-08-04,15.58199977874756,2015-08-07,15.390000343322754,BEAR,3,-1.4295256707924309,True,C4_Score_Latch,NOW
2016-01-05,16.799999237060547,2016-01-14,15.642000198364258,BEAR,7,-7.0788800021007985,False,C4_Score_Latch,NOW
2016-05-03,13.968000411987305,2016-05-12,13.494000434875488,BEAR,7,-3.586490565333972,False,C4_Score_Latch,NOW
2016-06-02,14.845999717712402,2016-06-22,14.383999824523926,BEAR,14,-3.305531206441054,False,C4_Score_Latch,NOW
2016-08-02,14.645999908447266,2016-08-23,14.52400016784668,BEAR,15,-1.0311260610333655,False,C4_Score_Latch,NOW
2016-09-02,15.248000144958496,2016-09-14,14.51200008392334,BEAR,7,-5.0170190118392215,False,C4_Score_Latch,NOW
2016-10-04,15.855999946594238,2016-11-02,16.917999267578125,BUBBLE,21,6.48459339119714,False,C4_Score_Latch,NOW
2017-05-02,18.992000579833984,2017-05-31,20.93000030517578,BUBBLE,20,9.984106387018928,False,C4_Score_Latch,NOW
2017-06-01,21.302000045776367,2017-06-28,21.761999130249023,BUBBLE,19,1.9553026280857952,False,C4_Score_Latch,NOW
2017-08-02,21.43400001525879,2017-09-05,23.229999542236328,BUBBLE,23,8.162666512237754,False,C4_Score_Latch,NOW
2017-10-03,23.56599998474121,2017-10-10,24.191999435424805,BUBBLE,5,2.4512593900109776,True,C4_Score_Latch,NOW
2018-01-03,26.582000732421875,2018-01-19,28.45400047302246,BUBBLE,11,6.828487475701622,False,C4_Score_Latch,NOW
2018-02-02,29.95199966430664,2018-02-14,29.54800033569336,BUBBLE,8,-1.5459278095303608,False,C4_Score_Latch,NOW
2018-02-15,30.507999420166016,2018-02-27,32.667999267578125,BUBBLE,7,6.866163496188249,False,C4_Score_Latch,NOW
2018-03-02,33.33399963378906,2018-03-14,35.06800079345703,BUBBLE,8,4.9917058927727975,False,C4_Score_Latch,NOW
2018-04-03,32.354000091552734,2018-04-12,33.7140007019043,BUBBLE,7,3.995301866633828,False,C4_Score_Latch,NOW
2018-05-02,33.099998474121094,2018-05-09,36.007999420166016,BUBBLE,5,8.56814810271586,True,C4_Score_Latch,NOW
2018-06-04,36.70000076293945,2018-06-08,35.63800048828125,BUBBLE,4,-3.087752172427529,True,C4_Score_Latch,NOW
2018-07-03,35.4379997253418,2018-07-16,37.81600189208984,BUBBLE,8,6.497109704994767,False,C4_Score_Latch,NOW
2018-08-02,36.56800079345703,2018-08-31,39.27199935913086,BUBBLE,21,7.179864842265412,False,C4_Score_Latch,NOW
2018-12-04,36.16999816894531,2019-01-02,35.66400146484375,BEAR,18,-1.5959454783182219,False,C4_Score_Latch,NOW
2019-02-04,45.02799987792969,2019-02-07,45.391998291015625,BUBBLE,3,0.6069670217378447,True,C4_Score_Latch,NOW
2019-03-04,47.39400100708008,2019-03-05,47.20000076293945,BUBBLE,1,-0.608317368959005,True,C4_Score_Latch,NOW
2019-03-06,46.62200164794922,2019-04-02,49.36399841308594,BUBBLE,19,5.669785303596642,False,C4_Score_Latch,NOW
2019-04-03,49.428001403808594,2019-05-01,54.08000183105469,BUBBLE,19,9.19306536069163,False,C4_Score_Latch,NOW
2019-05-02,52.53400039672852,2019-05-29,52.8380012512207,BUBBLE,18,0.37771808909144566,False,C4_Score_Latch,NOW
2019-06-04,51.5099983215332,2019-07-01,56.70199966430664,BUBBLE,19,9.859659871179517,False,C4_Score_Latch,NOW
2019-07-02,57.6619987487793,2019-07-15,60.220001220703125,BUBBLE,8,4.227537792759555,False,C4_Score_Latch,NOW
2020-03-03,65.9260025024414,2020-03-12,52.42399978637695,BEAR,7,-20.63942216408009,False,C4_Score_Latch,NOW
2020-05-04,70.9280014038086,2020-05-07,76.36599731445312,BUBBLE,3,7.451805197977899,True,C4_Score_Latch,NOW
2020-05-08,75.4520034790039,2020-06-02,78.58000183105469,BUBBLE,16,3.9375963717332914,False,C4_Score_Latch,NOW
2020-07-02,82.84200286865234,2020-07-06,83.28800201416016,BUBBLE,1,0.33749733395175263,True,C4_Score_Latch,NOW
2020-07-07,82.3479995727539,2020-07-29,89.14199829101562,BUBBLE,16,8.034066233418692,False,C4_Score_Latch,NOW
2020-08-04,87.62999725341797,2020-08-28,97.5739974975586,BUBBLE,18,11.125239652803046,False,C4_Score_Latch,NOW
2020-09-02,99.93800354003906,2020-09-24,92.02400207519533,BUBBLE,15,-8.102889109256406,False,C4_Score_Latch,NOW
2020-10-02,98.62999725341795,2020-10-13,103.66000366210938,BUBBLE,7,4.889885074081253,False,C4_Score_Latch,NOW
2020-11-03,96.01000213623048,2020-11-10,96.25599670410156,BUBBLE,5,0.05590552332293021,True,C4_Score_Latch,NOW
2020-12-02,105.3040008544922,2020-12-10,107.5999984741211,BUBBLE,6,1.9761951975292271,False,C4_Score_Latch,NOW
2021-02-02,116.7020034790039,2021-02-04,117.7959976196289,BUBBLE,2,0.7357521520004068,True,C4_Score_Latch,NOW
2021-09-02,132.06199645996094,2021-09-08,130.75999450683594,BUBBLE,3,-1.1837324327308134,True,C4_Score_Latch,NOW
2021-10-04,123.59400177001952,2021-10-21,137.26800537109375,BUBBLE,13,10.841741233538952,False,C4_Score_Latch,NOW
2022-02-02,116.2300033569336,2022-03-02,117.41200256347656,BEAR,19,0.815116375693728,False,C4_Score_Latch,NOW
2022-04-04,114.96399688720705,2022-04-06,105.58999633789062,BEAR,2,-8.33736633423811,True,C4_Score_Latch,NOW
2022-05-03,96.37200164794922,2022-05-19,85.35199737548828,BEAR,12,-11.611814160123071,False,C4_Score_Latch,NOW
2022-06-02,100.95999908447266,2022-06-17,88.75800323486328,BEAR,11,-12.261623048405111,False,C4_Score_Latch,NOW
2022-06-24,100.81800079345705,2022-07-01,96.87200164794922,BEAR,5,-4.105962790148416,True,C4_Score_Latch,NOW
2022-07-05,99.18599700927734,2022-07-25,88.0,BEAR,14,-11.455065763001588,False,C4_Score_Latch,NOW
2022-08-08,98.98999786376952,2022-08-25,93.20600128173828,BEAR,13,-6.031136971064655,False,C4_Score_Latch,NOW
2022-09-08,90.15399932861328,2022-09-16,85.16000366210938,BEAR,6,-5.728138033175024,False,C4_Score_Latch,NOW
2022-10-04,82.30999755859375,2022-10-27,83.13400268554688,BEAR,17,0.7992992868420123,False,C4_Score_Latch,NOW
2022-11-01,83.71199798583984,2022-11-22,80.05599975585938,BEAR,15,-4.558426951044928,False,C4_Score_Latch,NOW
2022-12-02,82.5739974975586,2022-12-16,78.8740005493164,BEAR,10,-4.671673257727627,False,C4_Score_Latch,NOW
2023-01-04,78.7699966430664,2023-01-06,73.30599975585938,BEAR,2,-7.122588117665762,True,C4_Score_Latch,NOW
2023-02-02,98.25399780273438,2023-02-27,85.71399688720703,BEAR,16,-12.937140408357987,False,C4_Score_Latch,NOW
2023-03-02,87.20800018310547,2023-03-23,88.09400177001953,BEAR,15,0.8141335587043166,False,C4_Score_Latch,NOW
2023-05-02,88.73600006103516,2023-06-01,108.59200286865234,BUBBLE,21,22.13198223427957,False,C4_Score_Latch,NOW
2023-06-02,109.63600158691406,2023-06-30,112.3939971923828,BUBBLE,19,2.3107666622688248,False,C4_Score_Latch,NOW
2023-07-03,112.5739974975586,2023-07-27,111.97799682617188,BUBBLE,17,-0.7281725362870206,False,C4_Score_Latch,NOW
2023-08-02,112.63400268554688,2023-09-01,118.1760025024414,BUBBLE,22,4.710730153656898,False,C4_Score_Latch,NOW
2023-10-03,108.2480010986328,2023-10-26,110.19000244140624,BEAR,17,1.5906450745143914,False,C4_Score_Latch,NOW
2023-11-02,119.88600158691406,2023-11-16,130.45599365234375,BUBBLE,10,8.599286482990259,False,C4_Score_Latch,NOW
2023-12-04,137.5240020751953,2023-12-14,136.0780029296875,BUBBLE,8,-1.2491515963199724,False,C4_Score_Latch,NOW
2024-01-03,135.05999755859375,2024-01-10,142.86000061035156,BUBBLE,5,5.563874293603257,True,C4_Score_Latch,NOW
2024-01-11,145.29200744628906,2024-01-29,157.447998046875,BUBBLE,11,8.15007610813304,False,C4_Score_Latch,NOW
2024-02-02,156.25999450683594,2024-02-28,151.95799255371094,BUBBLE,17,-2.947404638273043,False,C4_Score_Latch,NOW
2024-05-02,139.1439971923828,2024-05-31,131.38600158691406,BEAR,20,-5.764176149158351,False,C4_Score_Latch,NOW
2024-11-04,190.91799926757807,2024-11-11,207.20199584960932,BUBBLE,5,8.312472706196449,True,C4_Score_Latch,NOW
2024-12-03,211.4640045166016,2024-12-06,224.8679962158203,BUBBLE,3,6.126198651683905,True,C4_Score_Latch,NOW
2025-01-03,214.7539978027344,2025-01-07,210.8300018310547,BUBBLE,2,-2.0233545270567186,True,C4_Score_Latch,NOW
2025-04-02,164.80599975585938,2025-04-09,165.19000244140625,BEAR,5,0.032737115577668584,True,C4_Score_Latch,NOW
2025-04-10,156.697998046875,2025-04-11,157.13400268554688,BEAR,1,0.07788905338509441,True,C4_Score_Latch,NOW
2025-06-03,202.17599487304688,2025-06-18,196.4160003662109,BEAR,11,-3.043108095929247,False,C4_Score_Latch,NOW
2025-07-02,201.95199584960932,2025-07-16,193.3939971923828,BEAR,9,-4.428973436181937,False,C4_Score_Latch,NOW
2025-08-19,177.3560028076172,2025-08-20,178.0500030517578,BEAR,1,0.1907214737275573,True,C4_Score_Latch,NOW
2025-09-04,179.71200561523438,2025-09-26,187.1999969482422,BEAR,16,3.958536515534955,False,C4_Score_Latch,NOW
2025-10-01,182.48599243164065,2025-11-03,182.7680053710937,BEAR,23,-0.04556947047887677,False,C4_Score_Latch,NOW
2025-12-02,164.87600708007812,2025-12-19,155.30999755859375,BEAR,13,-5.990149435217289,False,C4_Score_Latch,NOW
2026-02-03,109.7699966430664,2026-02-04,111.06999969482422,BEAR,1,0.9821308220998181,True,C4_Score_Latch,NOW
2026-03-03,113.19000244140624,2026-03-23,110.9499969482422,BEAR,14,-2.1748244152739864,False,C4_Score_Latch,NOW
2026-05-04,91.97000122070312,2026-05-07,93.58999633789062,BEAR,3,1.5581190589229055,True,C4_Score_Latch,NOW
2026-06-02,127.6500015258789,2026-06-10,106.05999755859376,BEAR,6,-17.07944519679094,False,C4_Score_Latch,NOW
2026-06-11,103.08000183105467,2026-07-01,105.8000030517578,BEAR,13,2.433655955234319,False,C4_Score_Latch,NOW
2026-07-07,110.7300033569336,2026-07-22,95.45999908447266,BEAR,11,-13.962551316397898,False,C4_Score_Latch,NOW
2014-07-02,12.423999786376951,2014-07-14,11.510000228881836,BEAR,7,-7.541826924183067,False,C5_Score_Reentry,NOW
2014-12-02,12.345999717712402,2014-12-09,12.406000137329102,BEAR,5,0.2852195639093126,True,C5_Score_Reentry,NOW
2015-02-03,14.529999732971191,2015-02-06,14.98799991607666,BUBBLE,3,2.9460023206728847,True,C5_Score_Reentry,NOW
2015-03-03,15.09000015258789,2015-03-05,14.9399995803833,STOP_LOSS_5PCT,2,-1.1918536739411418,True,C5_Score_Reentry,NOW
2015-03-06,14.812000274658203,2015-03-19,16.091999053955078,BUBBLE,9,8.42456730958995,False,C5_Score_Reentry,NOW
2015-04-09,16.347999572753906,2015-04-14,16.040000915527344,BUBBLE,3,-2.0800502813229214,True,C5_Score_Reentry,NOW
2015-06-02,15.076000213623049,2015-07-02,14.906000137329102,BEAR,22,-1.3251677601464757,False,C5_Score_Reentry,NOW
2015-08-04,15.58199977874756,2015-08-07,15.390000343322754,BEAR,3,-1.4295256707924309,True,C5_Score_Reentry,NOW
2016-01-05,16.799999237060547,2016-01-14,15.642000198364258,BEAR,7,-7.0788800021007985,False,C5_Score_Reentry,NOW
2016-05-03,13.968000411987305,2016-05-12,13.494000434875488,BEAR,7,-3.586490565333972,False,C5_Score_Reentry,NOW
2016-06-02,14.845999717712402,2016-06-22,14.383999824523926,BEAR,14,-3.305531206441054,False,C5_Score_Reentry,NOW
2016-06-24,14.065999984741213,2016-06-28,13.026000022888184,STOP_LOSS_5PCT,2,-7.578742621080307,True,C5_Score_Reentry,NOW
2016-08-02,14.645999908447266,2016-08-23,14.52400016784668,BEAR,15,-1.0311260610333655,False,C5_Score_Reentry,NOW
2016-09-02,15.248000144958496,2016-09-14,14.51200008392334,BEAR,7,-5.0170190118392215,False,C5_Score_Reentry,NOW
2016-10-04,15.855999946594238,2016-11-02,16.917999267578125,BUBBLE,21,6.48459339119714,False,C5_Score_Reentry,NOW
2017-05-02,18.992000579833984,2017-05-31,20.93000030517578,BUBBLE,20,9.984106387018928,False,C5_Score_Reentry,NOW
2017-08-02,21.43400001525879,2017-09-05,23.229999542236328,BUBBLE,23,8.162666512237754,False,C5_Score_Reentry,NOW
2017-10-04,23.61199951171875,2017-10-10,24.191999435424805,BUBBLE,4,2.2516697928718425,True,C5_Score_Reentry,NOW
2018-01-03,26.582000732421875,2018-01-19,28.45400047302246,BUBBLE,11,6.828487475701622,False,C5_Score_Reentry,NOW
2018-02-02,29.95199966430664,2018-02-09,29.03199958801269,STOP_LOSS_5PCT,5,-3.2652446595819904,True,C5_Score_Reentry,NOW
2018-02-12,29.44799995422364,2018-02-14,29.54800033569336,BUBBLE,2,0.1391042441786136,True,C5_Score_Reentry,NOW
2018-03-05,33.65999984741211,2018-03-14,35.06800079345703,BUBBLE,7,3.974851504631026,False,C5_Score_Reentry,NOW
2018-04-18,34.86000061035156,2018-04-25,31.600000381469727,STOP_LOSS_5PCT,5,-9.532808475608809,True,C5_Score_Reentry,NOW
2018-05-08,35.20600128173828,2018-05-09,36.007999420166016,BUBBLE,1,2.0736637421554565,True,C5_Score_Reentry,NOW
2018-06-04,36.70000076293945,2018-06-08,35.63800048828125,BUBBLE,4,-3.087752172427529,True,C5_Score_Reentry,NOW
2018-07-06,36.43199920654297,2018-07-16,37.81600189208984,BUBBLE,6,3.591475259955093,False,C5_Score_Reentry,NOW
2018-08-24,38.71200180053711,2018-08-31,39.27199935913086,BUBBLE,5,1.243883041465443,True,C5_Score_Reentry,NOW
2018-12-04,36.16999816894531,2018-12-18,34.7140007019043,STOP_LOSS_5PCT,9,-4.217186029917179,False,C5_Score_Reentry,NOW
2019-02-04,45.02799987792969,2019-02-07,45.391998291015625,BUBBLE,3,0.6069670217378447,True,C5_Score_Reentry,NOW
2019-03-04,47.39400100708008,2019-03-05,47.20000076293945,BUBBLE,1,-0.608317368959005,True,C5_Score_Reentry,NOW
2019-03-21,50.18999862670898,2019-04-02,49.36399841308594,BUBBLE,8,-1.8422586299687622,False,C5_Score_Reentry,NOW
2019-04-23,48.709999084472656,2019-05-01,54.08000183105469,BUBBLE,6,10.802609102386535,False,C5_Score_Reentry,NOW
2019-05-17,54.59799957275391,2019-05-29,52.8380012512207,BUBBLE,7,-3.4169177775783375,False,C5_Score_Reentry,NOW
2019-06-19,57.10200119018555,2019-07-01,56.70199966430664,BUBBLE,8,-0.8989041080877499,False,C5_Score_Reentry,NOW
2019-09-05,53.92399978637695,2019-09-10,50.63600158691406,STOP_LOSS_5PCT,3,-6.285084647338407,True,C5_Score_Reentry,NOW
2020-03-03,65.9260025024414,2020-03-12,52.42399978637695,BEAR,7,-20.63942216408009,False,C5_Score_Reentry,NOW
2020-05-21,76.72799682617188,2020-06-02,78.58000183105469,BUBBLE,7,2.2091049868816666,False,C5_Score_Reentry,NOW
2020-07-02,82.84200286865234,2020-07-06,83.28800201416016,BUBBLE,1,0.33749733395175263,True,C5_Score_Reentry,NOW
2020-07-21,87.44400024414062,2020-07-29,89.14199829101562,BUBBLE,6,1.738132006701643,False,C5_Score_Reentry,NOW
2020-08-21,89.88400268554688,2020-08-28,97.5739974975586,BUBBLE,5,8.338571432204082,True,C5_Score_Reentry,NOW
2020-10-06,98.30799865722656,2020-10-13,103.66000366210938,BUBBLE,5,5.233442019699614,True,C5_Score_Reentry,NOW
2020-11-06,107.03600311279295,2020-11-10,96.25599670410156,STOP_LOSS_5PCT,2,-10.251061104050546,True,C5_Score_Reentry,NOW
2020-12-02,105.3040008544922,2020-12-10,107.5999984741211,BUBBLE,6,1.9761951975292271,False,C5_Score_Reentry,NOW
2021-02-02,116.7020034790039,2021-02-04,117.7959976196289,BUBBLE,2,0.7357521520004068,True,C5_Score_Reentry,NOW
2021-09-02,132.06199645996094,2021-09-08,130.75999450683594,BUBBLE,3,-1.1837324327308134,True,C5_Score_Reentry,NOW
2021-10-14,130.6060028076172,2021-10-21,137.26800537109375,BUBBLE,5,4.890847799616481,True,C5_Score_Reentry,NOW
2022-02-02,116.2300033569336,2022-03-02,117.41200256347656,BEAR,19,0.815116375693728,False,C5_Score_Reentry,NOW
2022-04-04,114.96399688720705,2022-04-06,105.58999633789062,BEAR,2,-8.33736633423811,True,C5_Score_Reentry,NOW
2022-05-03,96.37200164794922,2022-05-10,86.46399688720703,STOP_LOSS_5PCT,5,-10.460257986654122,True,C5_Score_Reentry,NOW
2022-06-02,100.95999908447266,2022-06-17,88.75800323486328,BEAR,11,-12.261623048405111,False,C5_Score_Reentry,NOW
2022-06-30,95.10399627685548,2022-07-01,96.87200164794922,BEAR,1,1.6555086851106853,True,C5_Score_Reentry,NOW
2022-07-05,99.18599700927734,2022-07-13,84.55400085449219,STOP_LOSS_5PCT,6,-14.92240403254412,False,C5_Score_Reentry,NOW
2022-07-21,92.05799865722656,2022-07-25,88.0,BEAR,2,-4.599081986145656,True,C5_Score_Reentry,NOW
2022-08-08,98.98999786376952,2022-08-23,91.9980010986328,STOP_LOSS_5PCT,11,-7.249024254975074,False,C5_Score_Reentry,NOW
2022-09-08,90.15399932861328,2022-09-16,85.16000366210938,BEAR,6,-5.728138033175024,False,C5_Score_Reentry,NOW
2022-10-04,82.30999755859375,2022-10-11,74.26000213623047,STOP_LOSS_5PCT,5,-9.960353903748988,True,C5_Score_Reentry,NOW
2022-10-24,73.31199645996094,2022-10-27,83.13400268554688,BEAR,3,13.170974449443435,True,C5_Score_Reentry,NOW
2022-11-01,83.71199798583984,2022-11-03,77.11199951171875,STOP_LOSS_5PCT,2,-8.068220285887689,True,C5_Score_Reentry,NOW
2022-11-15,83.89600372314453,2022-11-22,80.05599975585938,BEAR,5,-4.767755122102352,True,C5_Score_Reentry,NOW
2022-12-01,85.12000274658203,2022-12-06,77.83000183105469,STOP_LOSS_5PCT,3,-8.747069048924889,True,C5_Score_Reentry,NOW
2022-12-13,83.23400115966797,2022-12-16,78.8740005493164,BEAR,3,-5.427578823674945,True,C5_Score_Reentry,NOW
2023-01-04,78.7699966430664,2023-01-06,73.30599975585938,STOP_LOSS_5PCT,2,-7.122588117665762,True,C5_Score_Reentry,NOW
2023-02-02,98.25399780273438,2023-02-27,85.71399688720703,BEAR,16,-12.937140408357987,False,C5_Score_Reentry,NOW
2023-03-02,87.20800018310547,2023-03-23,88.09400177001953,BEAR,15,0.8141335587043166,False,C5_Score_Reentry,NOW
2023-05-02,88.73600006103516,2023-06-01,108.59200286865234,BUBBLE,21,22.13198223427957,False,C5_Score_Reentry,NOW
2023-06-15,114.8740005493164,2023-06-26,107.59400177001952,STOP_LOSS_5PCT,6,-6.524515359407856,False,C5_Score_Reentry,NOW
2023-06-27,107.99199676513672,2023-06-30,112.3939971923828,BUBBLE,3,3.868283874199918,True,C5_Score_Reentry,NOW
2023-07-18,119.4260025024414,2023-07-27,111.97799682617188,BUBBLE,7,-6.423842192577476,False,C5_Score_Reentry,NOW
2023-08-23,113.5999984741211,2023-09-01,118.1760025024414,BUBBLE,7,3.8203241175159124,False,C5_Score_Reentry,NOW
2023-10-10,111.66000366210938,2023-10-26,110.19000244140624,BEAR,12,-1.5136673923596073,False,C5_Score_Reentry,NOW
2023-11-02,119.88600158691406,2023-11-16,130.45599365234375,BUBBLE,10,8.599286482990259,False,C5_Score_Reentry,NOW
2023-12-01,138.1580047607422,2023-12-14,136.0780029296875,BUBBLE,9,-1.7023160958825545,False,C5_Score_Reentry,NOW
2024-01-12,145.83599853515625,2024-01-29,157.447998046875,BUBBLE,10,7.746659405439084,False,C5_Score_Reentry,NOW
2024-02-12,157.47000122070312,2024-02-22,153.8419952392578,STOP_LOSS_5PCT,7,-2.4991316217710966,False,C5_Score_Reentry,NOW
2024-02-23,154.19400024414062,2024-02-28,151.95799255371094,BUBBLE,3,-1.647029105635308,True,C5_Score_Reentry,NOW
2024-05-02,139.1439971923828,2024-05-31,131.38600158691406,BEAR,20,-5.764176149158351,False,C5_Score_Reentry,NOW
2024-11-04,190.91799926757807,2024-11-11,207.20199584960932,BUBBLE,5,8.312472706196449,True,C5_Score_Reentry,NOW
2024-12-03,211.4640045166016,2024-12-06,224.8679962158203,BUBBLE,3,6.126198651683905,True,C5_Score_Reentry,NOW
2025-01-21,219.3699951171875,2025-01-31,203.67599487304688,STOP_LOSS_5PCT,8,-7.3396296882993814,False,C5_Score_Reentry,NOW
2025-04-10,156.697998046875,2025-04-11,157.13400268554688,BEAR,1,0.07788905338509441,True,C5_Score_Reentry,NOW
2025-06-03,202.17599487304688,2025-06-18,196.4160003662109,BEAR,11,-3.043108095929247,False,C5_Score_Reentry,NOW
2025-07-02,201.95199584960932,2025-07-16,193.3939971923828,BEAR,9,-4.428973436181937,False,C5_Score_Reentry,NOW
2025-09-18,189.54800415039065,2025-09-26,187.1999969482422,BEAR,6,-1.4360653293491215,False,C5_Score_Reentry,NOW
2025-10-24,186.03399658203125,2025-11-03,182.7680053710937,BEAR,6,-1.9518809021762131,False,C5_Score_Reentry,NOW
2025-12-02,164.87600708007812,2025-12-16,156.2239990234375,STOP_LOSS_5PCT,10,-5.436900175822149,False,C5_Score_Reentry,NOW
2026-02-03,109.7699966430664,2026-02-04,111.06999969482422,BEAR,1,0.9821308220998181,True,C5_Score_Reentry,NOW
2026-03-03,113.19000244140624,2026-03-23,110.9499969482422,BEAR,14,-2.1748244152739864,False,C5_Score_Reentry,NOW
2026-04-17,96.66000366210938,2026-04-24,90.16999816894533,STOP_LOSS_5PCT,5,-6.900646675932336,True,C5_Score_Reentry,NOW
2026-05-05,92.01000213623048,2026-05-07,93.58999633789062,BEAR,2,1.5139671444867004,True,C5_Score_Reentry,NOW
2026-06-02,127.6500015258789,2026-06-10,106.05999755859376,BEAR,6,-17.07944519679094,False,C5_Score_Reentry,NOW
2026-06-16,101.33000183105467,2026-06-18,95.04000091552734,STOP_LOSS_5PCT,2,-6.394839544215585,True,C5_Score_Reentry,NOW
2026-06-29,99.97000122070312,2026-07-01,105.8000030517578,BEAR,2,5.620299234731904,True,C5_Score_Reentry,NOW
2026-07-07,110.7300033569336,2026-07-15,104.7300033569336,STOP_LOSS_5PCT,6,-5.607559439822858,False,C5_Score_Reentry,NOW
2026-07-16,104.01000213623048,2026-07-22,95.45999908447266,BEAR,4,-8.403742083582886,True,C5_Score_Reentry,NOW
2014-07-02,12.423999786376951,2014-07-14,11.510000228881836,BEAR,7,-7.541826924183067,False,C6_Latch_Reentry,NOW
2014-12-02,12.345999717712402,2014-12-09,12.406000137329102,BEAR,5,0.2852195639093126,True,C6_Latch_Reentry,NOW
2015-01-05,13.43000030517578,2015-02-02,14.597999572753906,BUBBLE,19,8.479764775776216,False,C6_Latch_Reentry,NOW
2015-02-17,15.37600040435791,2015-03-02,15.288000106811523,BUBBLE,9,-0.7709791180263673,False,C6_Latch_Reentry,NOW
2015-03-18,16.010000228881836,2015-04-02,15.223999977111816,STOP_LOSS_5PCT,11,-5.099424250282416,False,C6_Latch_Reentry,NOW
2015-04-06,15.64799976348877,2015-04-14,16.040000915527344,BUBBLE,6,2.30031444019619,False,C6_Latch_Reentry,NOW
2015-06-02,15.076000213623049,2015-07-02,14.906000137329102,BEAR,22,-1.3251677601464757,False,C6_Latch_Reentry,NOW
2015-08-04,15.58199977874756,2015-08-07,15.390000343322754,BEAR,3,-1.4295256707924309,True,C6_Latch_Reentry,NOW
2016-01-05,16.799999237060547,2016-01-14,15.642000198364258,BEAR,7,-7.0788800021007985,False,C6_Latch_Reentry,NOW
2016-05-03,13.968000411987305,2016-05-12,13.494000434875488,BEAR,7,-3.586490565333972,False,C6_Latch_Reentry,NOW
2016-06-02,14.845999717712402,2016-06-22,14.383999824523926,BEAR,14,-3.305531206441054,False,C6_Latch_Reentry,NOW
2016-06-24,14.065999984741213,2016-06-28,13.026000022888184,STOP_LOSS_5PCT,2,-7.578742621080307,True,C6_Latch_Reentry,NOW
2016-08-02,14.645999908447266,2016-08-23,14.52400016784668,BEAR,15,-1.0311260610333655,False,C6_Latch_Reentry,NOW
2016-09-02,15.248000144958496,2016-09-14,14.51200008392334,BEAR,7,-5.0170190118392215,False,C6_Latch_Reentry,NOW
2016-10-04,15.855999946594238,2016-11-02,16.917999267578125,BUBBLE,21,6.48459339119714,False,C6_Latch_Reentry,NOW
2017-05-02,18.992000579833984,2017-05-18,19.79400062561035,BUBBLE,12,4.014593353517122,False,C6_Latch_Reentry,NOW
2017-06-02,21.459999084472656,2017-06-06,21.573999404907227,BUBBLE,2,0.3303608086822808,True,C6_Latch_Reentry,NOW
2017-07-12,22.45199966430664,2017-07-14,22.076000213623047,BUBBLE,2,-1.871135531353918,True,C6_Latch_Reentry,NOW
2017-08-07,21.75200080871582,2017-09-05,23.229999542236328,BUBBLE,20,6.581395250077001,False,C6_Latch_Reentry,NOW
2017-10-04,23.61199951171875,2017-10-10,24.191999435424805,BUBBLE,4,2.2516697928718425,True,C6_Latch_Reentry,NOW
2018-01-03,26.582000732421875,2018-01-19,28.45400047302246,BUBBLE,11,6.828487475701622,False,C6_Latch_Reentry,NOW
2018-02-02,29.95199966430664,2018-02-09,29.03199958801269,STOP_LOSS_5PCT,5,-3.2652446595819904,True,C6_Latch_Reentry,NOW
2018-02-12,29.44799995422364,2018-02-14,29.54800033569336,BUBBLE,2,0.1391042441786136,True,C6_Latch_Reentry,NOW
2018-03-05,33.65999984741211,2018-03-14,35.06800079345703,BUBBLE,7,3.974851504631026,False,C6_Latch_Reentry,NOW
2018-04-18,34.86000061035156,2018-04-25,31.600000381469727,STOP_LOSS_5PCT,5,-9.532808475608809,True,C6_Latch_Reentry,NOW
2018-05-08,35.20600128173828,2018-05-09,36.007999420166016,BUBBLE,1,2.0736637421554565,True,C6_Latch_Reentry,NOW
2018-06-04,36.70000076293945,2018-06-08,35.63800048828125,BUBBLE,4,-3.087752172427529,True,C6_Latch_Reentry,NOW
2018-07-06,36.43199920654297,2018-07-16,37.81600189208984,BUBBLE,6,3.591475259955093,False,C6_Latch_Reentry,NOW
2018-08-24,38.71200180053711,2018-08-31,39.27199935913086,BUBBLE,5,1.243883041465443,True,C6_Latch_Reentry,NOW
2018-12-04,36.16999816894531,2019-01-02,35.66400146484375,BEAR,18,-1.5959454783182219,False,C6_Latch_Reentry,NOW
2019-02-04,45.02799987792969,2019-02-07,45.391998291015625,BUBBLE,3,0.6069670217378447,True,C6_Latch_Reentry,NOW
2019-03-04,47.39400100708008,2019-03-05,47.20000076293945,BUBBLE,1,-0.608317368959005,True,C6_Latch_Reentry,NOW
2019-03-21,50.18999862670898,2019-04-02,49.36399841308594,BUBBLE,8,-1.8422586299687622,False,C6_Latch_Reentry,NOW
2019-04-23,48.709999084472656,2019-05-01,54.08000183105469,BUBBLE,6,10.802609102386535,False,C6_Latch_Reentry,NOW
2019-05-17,54.59799957275391,2019-05-29,52.8380012512207,BUBBLE,7,-3.4169177775783375,False,C6_Latch_Reentry,NOW
2019-06-19,57.10200119018555,2019-07-01,56.70199966430664,BUBBLE,8,-0.8989041080877499,False,C6_Latch_Reentry,NOW
2019-09-05,53.92399978637695,2019-09-10,50.63600158691406,STOP_LOSS_5PCT,3,-6.285084647338407,True,C6_Latch_Reentry,NOW
2020-03-03,65.9260025024414,2020-03-12,52.42399978637695,BEAR,7,-20.63942216408009,False,C6_Latch_Reentry,NOW
2020-05-04,70.9280014038086,2020-05-07,76.36599731445312,BUBBLE,3,7.451805197977899,True,C6_Latch_Reentry,NOW
2020-05-21,76.72799682617188,2020-06-02,78.58000183105469,BUBBLE,7,2.2091049868816666,False,C6_Latch_Reentry,NOW
2020-07-02,82.84200286865234,2020-07-06,83.28800201416016,BUBBLE,1,0.33749733395175263,True,C6_Latch_Reentry,NOW
2020-07-21,87.44400024414062,2020-07-29,89.14199829101562,BUBBLE,6,1.738132006701643,False,C6_Latch_Reentry,NOW
2020-08-21,89.88400268554688,2020-08-28,97.5739974975586,BUBBLE,5,8.338571432204082,True,C6_Latch_Reentry,NOW
2020-10-06,98.30799865722656,2020-10-13,103.66000366210938,BUBBLE,5,5.233442019699614,True,C6_Latch_Reentry,NOW
2020-11-06,107.03600311279295,2020-11-10,96.25599670410156,STOP_LOSS_5PCT,2,-10.251061104050546,True,C6_Latch_Reentry,NOW
2020-12-02,105.3040008544922,2020-12-10,107.5999984741211,BUBBLE,6,1.9761951975292271,False,C6_Latch_Reentry,NOW
2021-02-02,116.7020034790039,2021-02-04,117.7959976196289,BUBBLE,2,0.7357521520004068,True,C6_Latch_Reentry,NOW
2021-09-02,132.06199645996094,2021-09-08,130.75999450683594,BUBBLE,3,-1.1837324327308134,True,C6_Latch_Reentry,NOW
2021-10-14,130.6060028076172,2021-10-21,137.26800537109375,BUBBLE,5,4.890847799616481,True,C6_Latch_Reentry,NOW
2022-02-02,116.2300033569336,2022-03-02,117.41200256347656,BEAR,19,0.815116375693728,False,C6_Latch_Reentry,NOW
2022-04-04,114.96399688720705,2022-04-06,105.58999633789062,BEAR,2,-8.33736633423811,True,C6_Latch_Reentry,NOW
2022-05-03,96.37200164794922,2022-05-10,86.46399688720703,STOP_LOSS_5PCT,5,-10.460257986654122,True,C6_Latch_Reentry,NOW
2022-06-02,100.95999908447266,2022-06-17,88.75800323486328,BEAR,11,-12.261623048405111,False,C6_Latch_Reentry,NOW
2022-06-24,100.81800079345705,2022-06-29,95.55799865722656,STOP_LOSS_5PCT,3,-5.406700356655405,True,C6_Latch_Reentry,NOW
2022-06-30,95.10399627685548,2022-07-01,96.87200164794922,BEAR,1,1.6555086851106853,True,C6_Latch_Reentry,NOW
2022-07-05,99.18599700927734,2022-07-13,84.55400085449219,STOP_LOSS_5PCT,6,-14.92240403254412,False,C6_Latch_Reentry,NOW
2022-07-21,92.05799865722656,2022-07-25,88.0,BEAR,2,-4.599081986145656,True,C6_Latch_Reentry,NOW
2022-08-08,98.98999786376952,2022-08-23,91.9980010986328,STOP_LOSS_5PCT,11,-7.249024254975074,False,C6_Latch_Reentry,NOW
2022-09-08,90.15399932861328,2022-09-16,85.16000366210938,BEAR,6,-5.728138033175024,False,C6_Latch_Reentry,NOW
2022-10-04,82.30999755859375,2022-10-11,74.26000213623047,STOP_LOSS_5PCT,5,-9.960353903748988,True,C6_Latch_Reentry,NOW
2022-10-24,73.31199645996094,2022-10-27,83.13400268554688,BEAR,3,13.170974449443435,True,C6_Latch_Reentry,NOW
2022-11-01,83.71199798583984,2022-11-03,77.11199951171875,STOP_LOSS_5PCT,2,-8.068220285887689,True,C6_Latch_Reentry,NOW
2022-11-11,81.98200225830078,2022-11-22,80.05599975585938,BEAR,7,-2.5444054700364895,False,C6_Latch_Reentry,NOW
2022-12-01,85.12000274658203,2022-12-06,77.83000183105469,STOP_LOSS_5PCT,3,-8.747069048924889,True,C6_Latch_Reentry,NOW
2022-12-13,83.23400115966797,2022-12-16,78.8740005493164,BEAR,3,-5.427578823674945,True,C6_Latch_Reentry,NOW
2023-01-04,78.7699966430664,2023-01-06,73.30599975585938,STOP_LOSS_5PCT,2,-7.122588117665762,True,C6_Latch_Reentry,NOW
2023-02-02,98.25399780273438,2023-02-27,85.71399688720703,BEAR,16,-12.937140408357987,False,C6_Latch_Reentry,NOW
2023-03-02,87.20800018310547,2023-03-23,88.09400177001953,BEAR,15,0.8141335587043166,False,C6_Latch_Reentry,NOW
2023-05-02,88.73600006103516,2023-05-22,102.27799987792967,BUBBLE,14,15.030706995596793,False,C6_Latch_Reentry,NOW
2023-06-06,111.16000366210938,2023-06-07,105.66400146484376,BUBBLE,1,-5.134147980650527,True,C6_Latch_Reentry,NOW
2023-08-02,112.63400268554688,2023-08-03,112.08000183105467,BUBBLE,1,-0.6906767970046922,True,C6_Latch_Reentry,NOW
2023-08-23,113.5999984741211,2023-09-01,118.1760025024414,BUBBLE,7,3.8203241175159124,False,C6_Latch_Reentry,NOW
2023-10-10,111.66000366210938,2023-10-26,110.19000244140624,BEAR,12,-1.5136673923596073,False,C6_Latch_Reentry,NOW
2023-11-02,119.88600158691406,2023-11-16,130.45599365234375,BUBBLE,10,8.599286482990259,False,C6_Latch_Reentry,NOW
2023-12-01,138.1580047607422,2023-12-14,136.0780029296875,BUBBLE,9,-1.7023160958825545,False,C6_Latch_Reentry,NOW
2024-01-12,145.83599853515625,2024-01-29,157.447998046875,BUBBLE,10,7.746659405439084,False,C6_Latch_Reentry,NOW
2024-02-12,157.47000122070312,2024-02-22,153.8419952392578,STOP_LOSS_5PCT,7,-2.4991316217710966,False,C6_Latch_Reentry,NOW
2024-02-23,154.19400024414062,2024-02-28,151.95799255371094,BUBBLE,3,-1.647029105635308,True,C6_Latch_Reentry,NOW
2024-05-02,139.1439971923828,2024-05-31,131.38600158691406,BEAR,20,-5.764176149158351,False,C6_Latch_Reentry,NOW
2024-11-04,190.91799926757807,2024-11-11,207.20199584960932,BUBBLE,5,8.312472706196449,True,C6_Latch_Reentry,NOW
2024-12-03,211.4640045166016,2024-12-06,224.8679962158203,BUBBLE,3,6.126198651683905,True,C6_Latch_Reentry,NOW
2025-01-21,219.3699951171875,2025-01-31,203.67599487304688,STOP_LOSS_5PCT,8,-7.3396296882993814,False,C6_Latch_Reentry,NOW
2025-04-02,164.80599975585938,2025-04-09,165.19000244140625,BEAR,5,0.032737115577668584,True,C6_Latch_Reentry,NOW
2025-04-10,156.697998046875,2025-04-11,157.13400268554688,BEAR,1,0.07788905338509441,True,C6_Latch_Reentry,NOW
2025-06-03,202.17599487304688,2025-06-18,196.4160003662109,BEAR,11,-3.043108095929247,False,C6_Latch_Reentry,NOW
2025-07-02,201.95199584960932,2025-07-16,193.3939971923828,BEAR,9,-4.428973436181937,False,C6_Latch_Reentry,NOW
2025-08-19,177.3560028076172,2025-08-20,178.0500030517578,BEAR,1,0.1907214737275573,True,C6_Latch_Reentry,NOW
2025-09-04,179.71200561523438,2025-09-26,187.1999969482422,BEAR,16,3.958536515534955,False,C6_Latch_Reentry,NOW
2025-10-24,186.03399658203125,2025-11-03,182.7680053710937,BEAR,6,-1.9518809021762131,False,C6_Latch_Reentry,NOW
2025-12-02,164.87600708007812,2025-12-16,156.2239990234375,STOP_LOSS_5PCT,10,-5.436900175822149,False,C6_Latch_Reentry,NOW
2026-02-03,109.7699966430664,2026-02-04,111.06999969482422,BEAR,1,0.9821308220998181,True,C6_Latch_Reentry,NOW
2026-03-03,113.19000244140624,2026-03-23,110.9499969482422,BEAR,14,-2.1748244152739864,False,C6_Latch_Reentry,NOW
2026-04-17,96.66000366210938,2026-04-24,90.16999816894533,STOP_LOSS_5PCT,5,-6.900646675932336,True,C6_Latch_Reentry,NOW
2026-05-05,92.01000213623048,2026-05-07,93.58999633789062,BEAR,2,1.5139671444867004,True,C6_Latch_Reentry,NOW
2026-06-02,127.6500015258789,2026-06-10,106.05999755859376,BEAR,6,-17.07944519679094,False,C6_Latch_Reentry,NOW
2026-06-16,101.33000183105467,2026-06-18,95.04000091552734,STOP_LOSS_5PCT,2,-6.394839544215585,True,C6_Latch_Reentry,NOW
2026-06-29,99.97000122070312,2026-07-01,105.8000030517578,BEAR,2,5.620299234731904,True,C6_Latch_Reentry,NOW
2026-07-07,110.7300033569336,2026-07-15,104.7300033569336,STOP_LOSS_5PCT,6,-5.607559439822858,False,C6_Latch_Reentry,NOW
2026-07-16,104.01000213623048,2026-07-22,95.45999908447266,BEAR,4,-8.403742083582886,True,C6_Latch_Reentry,NOW
2014-07-02,12.423999786376951,2014-07-14,11.510000228881836,BEAR,7,-7.541826924183067,False,C7_Full_Candidate,NOW
2014-12-02,12.345999717712402,2014-12-09,12.406000137329102,BEAR,5,0.2852195639093126,True,C7_Full_Candidate,NOW
2015-02-03,14.529999732971191,2015-02-06,14.98799991607666,BUBBLE,3,2.9460023206728847,True,C7_Full_Candidate,NOW
2015-03-03,15.09000015258789,2015-03-05,14.9399995803833,STOP_LOSS_5PCT,2,-1.1918536739411418,True,C7_Full_Candidate,NOW
2015-03-06,14.812000274658203,2015-03-19,16.091999053955078,BUBBLE,9,8.42456730958995,False,C7_Full_Candidate,NOW
2015-04-09,16.347999572753906,2015-04-14,16.040000915527344,BUBBLE,3,-2.0800502813229214,True,C7_Full_Candidate,NOW
2015-06-02,15.076000213623049,2015-07-02,14.906000137329102,BEAR,22,-1.3251677601464757,False,C7_Full_Candidate,NOW
2015-08-04,15.58199977874756,2015-08-07,15.390000343322754,BEAR,3,-1.4295256707924309,True,C7_Full_Candidate,NOW
2016-01-05,16.799999237060547,2016-01-14,15.642000198364258,BEAR,7,-7.0788800021007985,False,C7_Full_Candidate,NOW
2016-05-03,13.968000411987305,2016-05-12,13.494000434875488,BEAR,7,-3.586490565333972,False,C7_Full_Candidate,NOW
2016-06-02,14.845999717712402,2016-06-22,14.383999824523926,BEAR,14,-3.305531206441054,False,C7_Full_Candidate,NOW
2016-06-24,14.065999984741213,2016-06-28,13.026000022888184,STOP_LOSS_5PCT,2,-7.578742621080307,True,C7_Full_Candidate,NOW
2016-08-02,14.645999908447266,2016-08-23,14.52400016784668,BEAR,15,-1.0311260610333655,False,C7_Full_Candidate,NOW
2016-09-02,15.248000144958496,2016-09-14,14.51200008392334,BEAR,7,-5.0170190118392215,False,C7_Full_Candidate,NOW
2016-10-04,15.855999946594238,2016-11-02,16.917999267578125,BUBBLE,21,6.48459339119714,False,C7_Full_Candidate,NOW
2017-05-02,18.992000579833984,2017-05-31,20.93000030517578,BUBBLE,20,9.984106387018928,False,C7_Full_Candidate,NOW
2017-08-02,21.43400001525879,2017-09-05,23.229999542236328,BUBBLE,23,8.162666512237754,False,C7_Full_Candidate,NOW
2017-10-04,23.61199951171875,2017-10-10,24.191999435424805,BUBBLE,4,2.2516697928718425,True,C7_Full_Candidate,NOW
2018-01-03,26.582000732421875,2018-01-19,28.45400047302246,BUBBLE,11,6.828487475701622,False,C7_Full_Candidate,NOW
2018-02-02,29.95199966430664,2018-02-09,29.03199958801269,STOP_LOSS_5PCT,5,-3.2652446595819904,True,C7_Full_Candidate,NOW
2018-02-12,29.44799995422364,2018-02-14,29.54800033569336,BUBBLE,2,0.1391042441786136,True,C7_Full_Candidate,NOW
2018-03-05,33.65999984741211,2018-03-14,35.06800079345703,BUBBLE,7,3.974851504631026,False,C7_Full_Candidate,NOW
2018-04-18,34.86000061035156,2018-04-25,31.600000381469727,STOP_LOSS_5PCT,5,-9.532808475608809,True,C7_Full_Candidate,NOW
2018-05-08,35.20600128173828,2018-05-09,36.007999420166016,BUBBLE,1,2.0736637421554565,True,C7_Full_Candidate,NOW
2018-06-04,36.70000076293945,2018-06-08,35.63800048828125,BUBBLE,4,-3.087752172427529,True,C7_Full_Candidate,NOW
2018-07-06,36.43199920654297,2018-07-16,37.81600189208984,BUBBLE,6,3.591475259955093,False,C7_Full_Candidate,NOW
2018-08-24,38.71200180053711,2018-08-31,39.27199935913086,BUBBLE,5,1.243883041465443,True,C7_Full_Candidate,NOW
2018-12-04,36.16999816894531,2019-01-02,35.66400146484375,BEAR,18,-1.5959454783182219,False,C7_Full_Candidate,NOW
2019-02-04,45.02799987792969,2019-02-07,45.391998291015625,BUBBLE,3,0.6069670217378447,True,C7_Full_Candidate,NOW
2019-03-04,47.39400100708008,2019-03-05,47.20000076293945,BUBBLE,1,-0.608317368959005,True,C7_Full_Candidate,NOW
2019-03-21,50.18999862670898,2019-04-02,49.36399841308594,BUBBLE,8,-1.8422586299687622,False,C7_Full_Candidate,NOW
2019-04-23,48.709999084472656,2019-05-01,54.08000183105469,BUBBLE,6,10.802609102386535,False,C7_Full_Candidate,NOW
2019-05-17,54.59799957275391,2019-05-29,52.8380012512207,BUBBLE,7,-3.4169177775783375,False,C7_Full_Candidate,NOW
2019-06-19,57.10200119018555,2019-07-01,56.70199966430664,BUBBLE,8,-0.8989041080877499,False,C7_Full_Candidate,NOW
2019-09-05,53.92399978637695,2019-09-10,50.63600158691406,STOP_LOSS_5PCT,3,-6.285084647338407,True,C7_Full_Candidate,NOW
2020-03-03,65.9260025024414,2020-03-12,52.42399978637695,BEAR,7,-20.63942216408009,False,C7_Full_Candidate,NOW
2020-05-04,70.9280014038086,2020-05-07,76.36599731445312,BUBBLE,3,7.451805197977899,True,C7_Full_Candidate,NOW
2020-05-21,76.72799682617188,2020-06-02,78.58000183105469,BUBBLE,7,2.2091049868816666,False,C7_Full_Candidate,NOW
2020-07-02,82.84200286865234,2020-07-06,83.28800201416016,BUBBLE,1,0.33749733395175263,True,C7_Full_Candidate,NOW
2020-07-21,87.44400024414062,2020-07-29,89.14199829101562,BUBBLE,6,1.738132006701643,False,C7_Full_Candidate,NOW
2020-08-21,89.88400268554688,2020-08-28,97.5739974975586,BUBBLE,5,8.338571432204082,True,C7_Full_Candidate,NOW
2020-10-06,98.30799865722656,2020-10-13,103.66000366210938,BUBBLE,5,5.233442019699614,True,C7_Full_Candidate,NOW
2020-11-06,107.03600311279295,2020-11-10,96.25599670410156,STOP_LOSS_5PCT,2,-10.251061104050546,True,C7_Full_Candidate,NOW
2020-12-02,105.3040008544922,2020-12-10,107.5999984741211,BUBBLE,6,1.9761951975292271,False,C7_Full_Candidate,NOW
2021-02-02,116.7020034790039,2021-02-04,117.7959976196289,BUBBLE,2,0.7357521520004068,True,C7_Full_Candidate,NOW
2021-09-02,132.06199645996094,2021-09-08,130.75999450683594,BUBBLE,3,-1.1837324327308134,True,C7_Full_Candidate,NOW
2021-10-14,130.6060028076172,2021-10-21,137.26800537109375,BUBBLE,5,4.890847799616481,True,C7_Full_Candidate,NOW
2022-02-02,116.2300033569336,2022-03-02,117.41200256347656,BEAR,19,0.815116375693728,False,C7_Full_Candidate,NOW
2022-04-04,114.96399688720705,2022-04-06,105.58999633789062,BEAR,2,-8.33736633423811,True,C7_Full_Candidate,NOW
2022-05-03,96.37200164794922,2022-05-10,86.46399688720703,STOP_LOSS_5PCT,5,-10.460257986654122,True,C7_Full_Candidate,NOW
2022-06-02,100.95999908447266,2022-06-17,88.75800323486328,BEAR,11,-12.261623048405111,False,C7_Full_Candidate,NOW
2022-06-24,100.81800079345705,2022-06-29,95.55799865722656,STOP_LOSS_5PCT,3,-5.406700356655405,True,C7_Full_Candidate,NOW
2022-06-30,95.10399627685548,2022-07-01,96.87200164794922,BEAR,1,1.6555086851106853,True,C7_Full_Candidate,NOW
2022-07-05,99.18599700927734,2022-07-13,84.55400085449219,STOP_LOSS_5PCT,6,-14.92240403254412,False,C7_Full_Candidate,NOW
2022-07-21,92.05799865722656,2022-07-25,88.0,BEAR,2,-4.599081986145656,True,C7_Full_Candidate,NOW
2022-08-08,98.98999786376952,2022-08-23,91.9980010986328,STOP_LOSS_5PCT,11,-7.249024254975074,False,C7_Full_Candidate,NOW
2022-09-08,90.15399932861328,2022-09-16,85.16000366210938,BEAR,6,-5.728138033175024,False,C7_Full_Candidate,NOW
2022-10-04,82.30999755859375,2022-10-11,74.26000213623047,STOP_LOSS_5PCT,5,-9.960353903748988,True,C7_Full_Candidate,NOW
2022-10-24,73.31199645996094,2022-10-27,83.13400268554688,BEAR,3,13.170974449443435,True,C7_Full_Candidate,NOW
2022-11-01,83.71199798583984,2022-11-03,77.11199951171875,STOP_LOSS_5PCT,2,-8.068220285887689,True,C7_Full_Candidate,NOW
2022-11-11,81.98200225830078,2022-11-22,80.05599975585938,BEAR,7,-2.5444054700364895,False,C7_Full_Candidate,NOW
2022-12-01,85.12000274658203,2022-12-06,77.83000183105469,STOP_LOSS_5PCT,3,-8.747069048924889,True,C7_Full_Candidate,NOW
2022-12-13,83.23400115966797,2022-12-16,78.8740005493164,BEAR,3,-5.427578823674945,True,C7_Full_Candidate,NOW
2023-01-04,78.7699966430664,2023-01-06,73.30599975585938,STOP_LOSS_5PCT,2,-7.122588117665762,True,C7_Full_Candidate,NOW
2023-02-02,98.25399780273438,2023-02-27,85.71399688720703,BEAR,16,-12.937140408357987,False,C7_Full_Candidate,NOW
2023-03-02,87.20800018310547,2023-03-23,88.09400177001953,BEAR,15,0.8141335587043166,False,C7_Full_Candidate,NOW
2023-05-02,88.73600006103516,2023-06-01,108.59200286865234,BUBBLE,21,22.13198223427957,False,C7_Full_Candidate,NOW
2023-06-15,114.8740005493164,2023-06-26,107.59400177001952,STOP_LOSS_5PCT,6,-6.524515359407856,False,C7_Full_Candidate,NOW
2023-06-27,107.99199676513672,2023-06-30,112.3939971923828,BUBBLE,3,3.868283874199918,True,C7_Full_Candidate,NOW
2023-07-18,119.4260025024414,2023-07-27,111.97799682617188,BUBBLE,7,-6.423842192577476,False,C7_Full_Candidate,NOW
2023-08-23,113.5999984741211,2023-09-01,118.1760025024414,BUBBLE,7,3.8203241175159124,False,C7_Full_Candidate,NOW
2023-10-10,111.66000366210938,2023-10-26,110.19000244140624,BEAR,12,-1.5136673923596073,False,C7_Full_Candidate,NOW
2023-11-02,119.88600158691406,2023-11-16,130.45599365234375,BUBBLE,10,8.599286482990259,False,C7_Full_Candidate,NOW
2023-12-01,138.1580047607422,2023-12-14,136.0780029296875,BUBBLE,9,-1.7023160958825545,False,C7_Full_Candidate,NOW
2024-01-12,145.83599853515625,2024-01-29,157.447998046875,BUBBLE,10,7.746659405439084,False,C7_Full_Candidate,NOW
2024-02-12,157.47000122070312,2024-02-22,153.8419952392578,STOP_LOSS_5PCT,7,-2.4991316217710966,False,C7_Full_Candidate,NOW
2024-02-23,154.19400024414062,2024-02-28,151.95799255371094,BUBBLE,3,-1.647029105635308,True,C7_Full_Candidate,NOW
2024-05-02,139.1439971923828,2024-05-31,131.38600158691406,BEAR,20,-5.764176149158351,False,C7_Full_Candidate,NOW
2024-11-04,190.91799926757807,2024-11-11,207.20199584960932,BUBBLE,5,8.312472706196449,True,C7_Full_Candidate,NOW
2024-12-03,211.4640045166016,2024-12-06,224.8679962158203,BUBBLE,3,6.126198651683905,True,C7_Full_Candidate,NOW
2025-01-21,219.3699951171875,2025-01-31,203.67599487304688,STOP_LOSS_5PCT,8,-7.3396296882993814,False,C7_Full_Candidate,NOW
2025-04-02,164.80599975585938,2025-04-09,165.19000244140625,BEAR,5,0.032737115577668584,True,C7_Full_Candidate,NOW
2025-04-10,156.697998046875,2025-04-11,157.13400268554688,BEAR,1,0.07788905338509441,True,C7_Full_Candidate,NOW
2025-06-03,202.17599487304688,2025-06-18,196.4160003662109,BEAR,11,-3.043108095929247,False,C7_Full_Candidate,NOW
2025-07-02,201.95199584960932,2025-07-16,193.3939971923828,BEAR,9,-4.428973436181937,False,C7_Full_Candidate,NOW
2025-08-19,177.3560028076172,2025-08-20,178.0500030517578,BEAR,1,0.1907214737275573,True,C7_Full_Candidate,NOW
2025-09-04,179.71200561523438,2025-09-26,187.1999969482422,BEAR,16,3.958536515534955,False,C7_Full_Candidate,NOW
2025-10-24,186.03399658203125,2025-11-03,182.7680053710937,BEAR,6,-1.9518809021762131,False,C7_Full_Candidate,NOW
2025-12-02,164.87600708007812,2025-12-16,156.2239990234375,STOP_LOSS_5PCT,10,-5.436900175822149,False,C7_Full_Candidate,NOW
2026-02-03,109.7699966430664,2026-02-04,111.06999969482422,BEAR,1,0.9821308220998181,True,C7_Full_Candidate,NOW
2026-03-03,113.19000244140624,2026-03-23,110.9499969482422,BEAR,14,-2.1748244152739864,False,C7_Full_Candidate,NOW
2026-04-17,96.66000366210938,2026-04-24,90.16999816894533,STOP_LOSS_5PCT,5,-6.900646675932336,True,C7_Full_Candidate,NOW
2026-05-05,92.01000213623048,2026-05-07,93.58999633789062,BEAR,2,1.5139671444867004,True,C7_Full_Candidate,NOW
2026-06-02,127.6500015258789,2026-06-10,106.05999755859376,BEAR,6,-17.07944519679094,False,C7_Full_Candidate,NOW
2026-06-16,101.33000183105467,2026-06-18,95.04000091552734,STOP_LOSS_5PCT,2,-6.394839544215585,True,C7_Full_Candidate,NOW
2026-06-29,99.97000122070312,2026-07-01,105.8000030517578,BEAR,2,5.620299234731904,True,C7_Full_Candidate,NOW
2026-07-07,110.7300033569336,2026-07-15,104.7300033569336,STOP_LOSS_5PCT,6,-5.607559439822858,False,C7_Full_Candidate,NOW
2026-07-16,104.01000213623048,2026-07-22,95.45999908447266,BEAR,4,-8.403742083582886,True,C7_Full_Candidate,NOW
