fill_id,order_id,dt,price,signed_shares,fee,direction,submit_dt,reason
fill_strat_20140425_2ace,ord_strat_20140424,2014-04-25,9.446000099182127,-2465.770344212159,0.0,SELL,2014-04-24,熊市反弹衰竭
fill_strat_20140522_30b2,ord_strat_20140521,2014-05-22,10.088000297546388,2407.976427389345,0.0,BUY,2014-05-21,恐慌左侧耗竭拐点回补
fill_strat_20160329_f4ca,ord_strat_20160328,2016-03-29,12.227999687194824,-4028.8146424431966,0.0,SELL,2016-03-28,熊市反弹衰竭
fill_strat_20160401_b391,ord_strat_20160331,2016-04-01,12.406000137329102,4051.615640106126,0.0,BUY,2016-03-31,均线右侧牛市确认建仓
fill_strat_20160506_2286,ord_strat_20160505,2016-05-06,13.456000328063965,-4123.2078487619765,0.0,SELL,2016-05-05,熊市反弹衰竭
fill_strat_20160509_fe67,ord_strat_20160506,2016-05-09,13.486000061035156,4114.035734429502,0.0,BUY,2016-05-06,均线右侧牛市确认建仓
fill_strat_20180323_f8ac,ord_strat_20180322,2018-03-23,32.95399856567383,-5279.755932147172,0.0,SELL,2018-03-22,极度泡沫破裂
fill_strat_20180326_68c9,ord_strat_20180323,2018-03-26,34.290000915527344,5074.046799931676,0.0,BUY,2018-03-23,均线右侧牛市确认建仓
fill_strat_20180427_38fa,ord_strat_20180426,2018-04-27,32.63600158691406,-5104.954879216163,0.0,SELL,2018-04-26,极度泡沫破裂
fill_strat_20180508_37b1,ord_strat_20180507,2018-05-08,35.20600128173828,4760.702989185028,0.0,BUY,2018-05-07,均线右侧牛市确认建仓
fill_strat_20180523_8480,ord_strat_20180522,2018-05-23,34.79199981689453,-4760.702989185028,0.0,SELL,2018-05-22,极度泡沫破裂
fill_strat_20180524_d44e,ord_strat_20180523,2018-05-24,35.104000091552734,4718.390414084811,0.0,BUY,2018-05-23,均线右侧牛市确认建仓
fill_strat_20190104_de63,ord_strat_20190103,2019-01-04,35.84600067138672,-4938.513451573371,0.0,SELL,2019-01-03,熊市反弹衰竭
fill_strat_20190109_99f0,ord_strat_20190108,2019-01-09,38.09400177001953,4647.08217239789,0.0,BUY,2019-01-08,均线右侧牛市确认建仓
fill_strat_20190521_79bb,ord_strat_20190520,2019-05-21,54.242000579833984,-4729.683262531101,0.0,SELL,2019-05-20,极度泡沫破裂
fill_strat_20190522_80ab,ord_strat_20190521,2019-05-22,54.678001403808594,4691.968903069183,0.0,BUY,2019-05-21,均线右侧牛市确认建仓
fill_strat_20190722_4bf9,ord_strat_20190719,2019-07-22,58.762001037597656,-4728.725054051785,0.0,SELL,2019-07-19,极度泡沫破裂
fill_strat_20190723_cda6,ord_strat_20190722,2019-07-23,58.20199966430664,4774.2233623480315,0.0,BUY,2019-07-22,均线右侧牛市确认建仓
fill_strat_20200330_c971,ord_strat_20200327,2020-03-30,57.27799987792969,-4916.71638775681,0.0,SELL,2020-03-27,熊市反弹衰竭
fill_strat_20200504_187d,ord_strat_20200501,2020-05-04,70.9280014038086,3998.6983285069705,0.0,BUY,2020-05-01,均线右侧牛市确认建仓
fill_strat_20200605_9c5e,ord_strat_20200604,2020-06-05,78.09200286865234,-4011.424212659404,0.0,SELL,2020-06-04,极度泡沫破裂
fill_strat_20200608_ed92,ord_strat_20200605,2020-06-08,77.3280029296875,4051.0570460124204,0.0,BUY,2020-06-05,均线右侧牛市确认建仓
fill_strat_20200807_9f19,ord_strat_20200806,2020-08-07,86.24199676513672,-4074.5398346061443,0.0,SELL,2020-08-06,极度泡沫破裂
fill_strat_20200810_6eca,ord_strat_20200807,2020-08-10,87.73600006103516,4005.156959413108,0.0,BUY,2020-08-07,均线右侧牛市确认建仓
fill_strat_20200908_ffe5,ord_strat_20200904,2020-09-08,88.62799835205078,-4015.1631629050494,0.0,SELL,2020-09-04,极度泡沫破裂
fill_strat_20200909_701e,ord_strat_20200908,2020-09-09,91.63999938964844,3883.19376424353,0.0,BUY,2020-09-08,均线右侧牛市确认建仓
fill_strat_20201027_ed89,ord_strat_20201026,2020-10-27,99.96199798583984,-3893.33266749657,0.0,SELL,2020-10-26,极度泡沫破裂
fill_strat_20201028_ae61,ord_strat_20201027,2020-10-28,96.80999755859376,4020.0942266416664,0.0,BUY,2020-10-27,均线右侧牛市确认建仓
fill_strat_20210526_1b21,ord_strat_20210525,2021-05-26,97.08200073242188,-4087.1492657639947,0.0,SELL,2021-05-25,熊市反弹衰竭
fill_strat_20210611_a197,ord_strat_20210610,2021-06-11,99.60199737548828,3993.781635852135,0.0,BUY,2021-06-10,恐慌左侧耗竭拐点回补
fill_strat_20220215_4ec1,ord_strat_20220214,2022-02-15,118.33200073242188,-4059.2434688213825,0.0,SELL,2022-02-14,熊市反弹衰竭
fill_strat_20220216_034b,ord_strat_20220215,2022-02-16,118.1780014038086,4064.533123084026,0.0,BUY,2022-02-15,恐慌左侧耗竭拐点回补
fill_strat_20220311_3d4f,ord_strat_20220310,2022-03-11,102.43000030517578,-4073.0501398980387,0.0,SELL,2022-03-10,熊市反弹衰竭
fill_strat_20220318_ffa0,ord_strat_20220317,2022-03-18,115.97599792480467,3597.3178462603432,0.0,BUY,2022-03-17,恐慌左侧耗竭拐点回补
fill_strat_20220401_e754,ord_strat_20220331,2022-04-01,109.73799896240234,-3597.3178462603432,0.0,SELL,2022-03-31,熊市反弹衰竭
fill_strat_20220405_3baa,ord_strat_20220404,2022-04-05,110.6439971923828,3576.8995347503133,0.0,BUY,2022-04-04,恐慌左侧耗竭拐点回补
fill_strat_20220525_0cfb,ord_strat_20220524,2022-05-25,90.45800018310548,-3587.275992465211,0.0,SELL,2022-05-24,熊市反弹衰竭
fill_strat_20220607_0b2e,ord_strat_20220606,2022-06-07,101.28600311279295,3213.6504786430446,0.0,BUY,2022-06-06,均线右侧牛市确认建仓
fill_strat_20220822_bed0,ord_strat_20220819,2022-08-22,91.94200134277344,-3234.735099513933,0.0,SELL,2022-08-19,熊市反弹衰竭
fill_strat_20220909_189d,ord_strat_20220908,2022-09-09,94.00599670410156,3174.3508853197086,0.0,BUY,2022-09-08,恐慌左侧耗竭拐点回补
fill_strat_20220920_b248,ord_strat_20220919,2022-09-20,82.23999786376953,-3174.3508853197086,0.0,SELL,2022-09-19,熊市反弹衰竭
fill_strat_20221005_35a4,ord_strat_20221004,2022-10-05,84.11599731445312,3115.443178399073,0.0,BUY,2022-10-04,恐慌左侧耗竭拐点回补
fill_strat_20221013_2ddd,ord_strat_20221012,2022-10-13,72.37999725341797,-3115.443178399073,0.0,SELL,2022-10-12,熊市反弹衰竭
fill_strat_20221026_ca6b,ord_strat_20221025,2022-10-26,73.28199768066406,3077.0963651718685,0.0,BUY,2022-10-25,恐慌左侧耗竭拐点回补
fill_strat_20221129_908d,ord_strat_20221128,2022-11-29,79.37000274658203,-3089.829378826304,0.0,SELL,2022-11-28,熊市反弹衰竭
fill_strat_20221130_1204,ord_strat_20221129,2022-11-30,83.26000213623047,2945.469132737361,0.0,BUY,2022-11-29,均线右侧牛市确认建仓
fill_strat_20221223_3fbf,ord_strat_20221222,2022-12-23,76.37200164794922,-2957.5794826090573,0.0,SELL,2022-12-22,熊市反弹衰竭
fill_strat_20230105_38a4,ord_strat_20230104,2023-01-05,73.26399993896484,3096.6950386105996,0.0,BUY,2023-01-04,恐慌左侧耗竭拐点回补
fill_strat_20230728_3605,ord_strat_20230727,2023-07-28,113.90799713134766,-3158.0708223845877,0.0,SELL,2023-07-27,极度泡沫破裂
fill_strat_20230731_8039,ord_strat_20230728,2023-07-31,116.5999984741211,3085.1588926617087,0.0,BUY,2023-07-28,均线右侧牛市确认建仓
fill_strat_20231215_0592,ord_strat_20231214,2023-12-15,139.6479949951172,-3127.2609329610805,0.0,SELL,2023-12-14,极度泡沫破裂
fill_strat_20231218_0169,ord_strat_20231215,2023-12-18,140.74400329589844,3102.9081800126773,0.0,BUY,2023-12-15,均线右侧牛市确认建仓
fill_strat_20240220_89e3,ord_strat_20240216,2024-02-20,150.5679931640625,-3116.7118874865805,0.0,SELL,2024-02-16,极度泡沫破裂
fill_strat_20240221_fd53,ord_strat_20240220,2024-02-21,149.58799743652344,3137.130399573442,0.0,BUY,2024-02-20,均线右侧牛市确认建仓
fill_strat_20241219_881f,ord_strat_20241218,2024-12-19,214.9739990234375,-3199.0607978317944,0.0,SELL,2024-12-18,极度泡沫破裂
fill_strat_20241220_f9fc,ord_strat_20241219,2024-12-20,218.25,3151.0418915418527,0.0,BUY,2024-12-19,均线右侧牛市确认建仓
fill_strat_20250327_d104,ord_strat_20250326,2025-03-27,165.54800415039062,-3166.166455746177,0.0,SELL,2025-03-26,熊市反弹衰竭
fill_strat_20250415_e263,ord_strat_20250414,2025-04-15,163.3000030517578,3215.8758588035603,0.0,BUY,2025-04-14,恐慌左侧耗竭拐点回补
fill_strat_20250417_f2ad,ord_strat_20250416,2025-04-17,154.4320068359375,-3215.8758588035603,0.0,SELL,2025-04-16,熊市反弹衰竭
fill_strat_20250429_1f22,ord_strat_20250428,2025-04-29,188.572006225586,2633.657946111903,0.0,BUY,2025-04-28,均线右侧牛市确认建仓
fill_strat_20251216_294f,ord_strat_20251215,2025-12-16,156.2239990234375,-2676.7196148495736,0.0,SELL,2025-12-15,熊市反弹衰竭
fill_strat_20260219_cff9,ord_strat_20260218,2026-02-19,107.37000274658205,3913.2702966206375,0.0,BUY,2026-02-18,恐慌左侧耗竭拐点回补
fill_strat_20260220_d558,ord_strat_20260219,2026-02-20,104.2699966430664,-3913.2702966206375,0.0,SELL,2026-02-19,熊市反弹衰竭
fill_strat_20260421_fadd,ord_strat_20260420,2026-04-21,100.13999938964844,4094.6343438307554,0.0,BUY,2026-04-20,恐慌左侧耗竭拐点回补
fill_strat_20260424_d591,ord_strat_20260423,2026-04-24,90.16999816894533,-4094.6343438307554,0.0,SELL,2026-04-23,熊市反弹衰竭
fill_strat_20260427_157b,ord_strat_20260424,2026-04-27,90.4499969482422,4081.9589136856803,0.0,BUY,2026-04-24,恐慌左侧耗竭拐点回补
fill_strat_20260612_a9ae,ord_strat_20260611,2026-06-12,102.1500015258789,-4100.665945122118,0.0,SELL,2026-06-11,熊市反弹衰竭
fill_strat_20260615_67cc,ord_strat_20260612,2026-06-15,104.1500015258789,4021.920560867789,0.0,BUY,2026-06-12,均线右侧牛市确认建仓
fill_strat_20260722_7b3d,ord_strat_20260721,2026-07-22,95.45999908447266,-4031.3261289910993,0.0,SELL,2026-07-21,熊市反弹衰竭
fill_strat_20260729_66f7,ord_strat_20260728,2026-07-29,115.76000213623048,3324.3813189448542,0.0,BUY,2026-07-28,恐慌左侧耗竭拐点回补
