date,close,q1,q1_dot,q1_ddot,v_dot,Score_Dim3_Lyapunov,Score_Dim6_Macro,Composite_Score,regime_panic,gate_panic,turned_up,above_MA10,Trigger_Panic,Trigger_Bear_Top,trend_buy,action
2020-03-16,53.08599853515625,-5.7786941188952285,-2.878391695125102,-0.2571128447784269,90.64049287251764,98.92753623188406,98.90407426508509,47.61227567370941,False,True,False,False,False,False,False,HOLD
2020-03-17,57.48400115966797,1.9810971806025888,-1.5640379363754342,-0.16971010102518927,23.444792472841485,85.83429895712631,99.40721649484536,49.12689955685725,False,True,False,False,False,False,False,HOLD
2020-03-18,55.63199996948242,-1.356612562731088,-2.4329376634434867,-0.15508483765379313,41.031728054262246,93.60162130862768,99.93560020607934,50.095501464742895,False,True,False,False,False,False,False,HOLD
2020-03-19,55.53200149536133,-1.5690223862989467,-1.879830153194226,0.053856789676468654,-7.174666126005008,9.751157407407407,99.92276004119465,32.93160004667642,False,True,False,False,False,False,False,HOLD
2020-03-20,50.93999862670898,-9.694703477268577,-2.2527959926187906,-0.16073422145715463,58.05033014075602,96.67437825332563,99.97426659804427,47.32547647831109,False,True,False,False,False,False,False,HOLD
2020-03-23,51.06399917602539,-9.453737766800021,-1.3307312489050545,0.30953208924400955,-28.610018104352488,0.43352601156069365,99.96141975308642,28.52766823872647,True,True,False,False,False,False,False,HOLD
2020-03-24,54.400001525878906,-3.534004082254428,-1.4656248792866917,0.019682611417748498,2.2947918081343714,50.11554015020219,99.89717223650385,39.79296010903507,False,True,False,False,False,False,False,HOLD
2020-03-25,52.93399810791016,-6.114980613073962,-0.9321582478688896,0.3001558831149194,-22.279148595158997,1.0681293302540416,99.85868448098664,30.261686490729424,True,True,False,False,False,False,False,HOLD
2020-03-26,58.94599914550781,4.495340437455287,1.140553303043059,0.604076691247457,74.02534193360358,98.066935949221,99.82023626091421,73.77762401805445,False,True,True,True,False,False,False,HOLD
2020-03-27,54.79999923706055,-2.864936213960116,-0.49860434867039133,0.35083832878967985,-16.06448198653489,3.2006920415224913,99.82032854209446,34.79692209719607,False,True,False,True,False,True,False,HOLD
2020-03-30,57.27799987792969,1.5047432567249448,0.7283437375620173,0.41181499729341436,31.090257758952035,89.42363112391931,99.78193945613134,65.34176395393351,False,True,True,True,False,False,False,SELL
2020-03-31,57.31600189208984,1.5463007347185065,-0.04347964458840823,0.2844290469396567,-1.3039199935279506,27.505760368663594,99.76923076923077,46.2430528217273,False,True,False,True,False,False,False,HOLD
2020-04-01,54.61399841308594,-3.2382628118003964,-0.18816502490693082,0.14879864459239175,-2.190542263946885,23.575129533678755,99.7565351101999,40.040454733007294,False,True,False,False,False,False,False,HOLD
2020-04-02,51.79999923706055,-8.185478677559882,-0.6616456291260935,-0.3604397864338305,29.264227115020983,88.75143843498275,99.69262295081967,48.95039013279577,False,True,False,False,False,False,False,HOLD
2020-04-03,49.91400146484375,-11.471979166436759,-0.17772756891681815,0.06417535595071464,0.8983139681659941,42.69695227142036,99.73118279569891,41.917788938954956,True,True,False,False,False,False,False,HOLD
2020-04-06,53.9900016784668,-4.210715664467768,0.5243022102332253,-0.0408083054657584,-4.347276004701089,15.89080459770115,99.68014329580348,46.77341447871876,False,True,True,False,False,False,False,HOLD
2020-04-07,52.470001220703125,-6.868858632118051,-0.3334854549863623,-0.05800116207959081,4.224918838753899,57.17978173463527,99.59079283887468,43.89517388443431,False,True,False,False,False,False,False,HOLD
2020-04-08,54.810001373291016,-2.700903945234322,0.341407666783964,0.10591453833817896,2.693894227103785,51.69345579793341,99.55265848670757,50.12636215516702,False,True,True,True,False,False,False,HOLD
2020-04-09,55.61199951171875,-1.2819228897141952,-0.5777263327169482,0.016783859281829062,-0.22904713727234668,33.59150889271371,99.43791517629023,40.243127996911525,False,True,False,True,False,False,False,HOLD
2020-04-13,56.71200180053711,0.6560280054142864,0.35209642193744023,0.10596479817085167,3.9619677421251143,56.393348623853214,98.53166496424925,54.32441459416241,False,True,True,True,False,False,False,HOLD
2020-04-14,60.417999267578125,7.188805547998698,0.5684062291273754,0.008820803778830011,4.587541834847622,58.882521489971346,98.1623277182236,62.265767971115174,False,True,False,True,False,False,False,HOLD
2020-04-15,59.18399810791016,4.959782826995072,0.3413482092276566,0.13496673284280378,6.300078242272713,63.888888888888886,97.93367346938776,58.13293322427531,False,True,False,True,False,False,False,HOLD
2020-04-16,58.38800048828125,3.5326435899043753,0.6770906401704772,0.06713659467730262,6.937675896674555,65.28334287349742,97.33554309026007,59.46515423207131,False,True,False,True,False,False,False,HOLD
2020-04-17,59.917999267578125,6.224365815676084,1.4409844493235966,0.40374215640810895,67.14783123933665,97.91189931350114,96.99286442405707,70.67329845867445,False,True,False,True,False,False,False,HOLD
2020-04-20,60.492000579833984,7.224274576756027,1.8696253743192783,0.3035057904763676,70.25089977249746,97.9702687249857,97.12175241976567,72.06825726095647,False,True,False,True,False,False,False,HOLD
