Asset,Config,entry_dt,entry_vwap,holding_trading_days_to_end,total_buy_shares,total_buy_cost,latest_market_val,unrealized_pnl,unrealized_pnl_pct,num_dca_additions
NOW,C0_Baseline,2026-07-29,115.7849,32,6967.642,807150.99,991843.88,184692.89,22.8821,2
NOW,C1_Decoupled_Scores,2026-07-29,115.7834,32,7398.494,857051.36,1053175.67,196124.31,22.8836,2
NOW,C2_Panic_Latch,2026-07-29,115.7828,32,7603.4932,880793.94,1082357.31,201563.37,22.8843,2
NOW,C3_Reentry_Stop,2026-07-29,115.7984,32,4510.7895,522603.54,642110.92,119507.38,22.8677,2
NOW,C4_A_plus_B,2026-07-29,115.7843,32,7122.524,825089.09,1013891.33,188802.24,22.8826,2
NOW,C5_A_plus_C,2026-07-29,115.7997,32,4362.6517,505446.53,621023.49,115576.96,22.8663,2
NOW,C6_B_plus_C,2026-07-29,115.7858,32,6718.4533,778290.49,956371.87,178081.39,22.8811,2
NOW,C7_Full_Candidate,2026-07-29,115.7875,32,6296.2614,729393.11,896272.85,166879.74,22.8793,2
QQQ,C0_Baseline,2023-03-17,309.7337,917,1483.2885,459654.13,1108698.83,649044.7,141.2028,42
QQQ,C1_Decoupled_Scores,2023-03-17,309.7337,917,1483.2885,459654.13,1108698.83,649044.7,141.2028,42
QQQ,C2_Panic_Latch,2023-03-17,310.4951,917,1382.8941,429596.57,1033658.05,604061.48,140.6113,42
QQQ,C3_Reentry_Stop,2023-03-17,311.2861,917,1292.0498,402398.25,965755.55,563357.3,139.9999,42
QQQ,C4_A_plus_B,2023-03-17,310.3547,917,1400.3782,434831.22,1046726.71,611895.49,140.7202,42
QQQ,C5_A_plus_C,2023-03-17,311.2861,917,1292.0498,402398.25,965755.55,563357.3,139.9999,42
QQQ,C6_B_plus_C,2023-03-17,311.6011,917,1259.1154,392537.86,941138.42,548600.56,139.7574,42
QQQ,C7_Full_Candidate,2023-03-17,311.4485,917,1274.8602,397251.78,952907.04,555655.26,139.8748,42
SPY,C0_Baseline,2023-11-08,431.1827,749,1132.4988,488558.02,875851.96,387293.94,79.2729,34
SPY,C1_Decoupled_Scores,2023-11-08,431.1827,749,1132.4988,488558.02,875851.96,387293.94,79.2729,34
SPY,C2_Panic_Latch,2023-11-03,429.873,752,1010.1134,434437.59,781201.48,346763.89,79.819,34
SPY,C3_Reentry_Stop,2023-11-08,432.6092,749,968.9314,419378.29,749352.21,329973.92,78.6817,34
SPY,C4_A_plus_B,2023-11-03,429.6368,752,1035.5565,445135.61,800878.73,355743.12,79.9179,34
SPY,C5_A_plus_C,2023-11-08,432.6092,749,968.9314,419378.29,749352.21,329973.92,78.6817,34
SPY,C6_B_plus_C,2023-11-03,430.7322,752,927.264,399602.16,717127.44,317525.28,79.4603,34
SPY,C7_Full_Candidate,2023-11-03,430.345,752,962.8572,414567.92,744654.49,330086.57,79.6218,34
