Asset,Peak_Date,Peak_Price,Break_Date,Trough_Date,Drawdown_Pct
NOW,2015-04-16,16.56800079345703,2015-04-17,2015-05-05,11.54
NOW,2015-07-30,16.20599937438965,2015-08-20,2015-08-24,16.08
NOW,2015-12-04,17.99799919128418,2016-01-07,2016-02-08,47.62
NOW,2016-06-08,15.407999992370604,2016-06-27,2016-06-27,17.35
NOW,2016-10-31,17.582000732421875,2016-12-01,2016-12-30,15.44
NOW,2017-02-15,18.79400062561035,2017-03-21,2017-03-21,10.68
NOW,2017-11-24,25.65999984741211,2017-12-04,2017-12-04,11.44
NOW,2018-09-13,40.91600036621094,2018-10-08,2018-10-10,15.86
NOW,2018-10-16,38.54399871826172,2018-10-24,2018-10-29,14.78
NOW,2018-11-07,38.16600036621094,2018-11-13,2018-11-19,17.83
NOW,2018-12-13,37.630001068115234,2018-12-21,2018-12-24,15.54
NOW,2019-05-16,55.59199905395508,2019-06-03,2019-06-03,10.64
NOW,2019-07-11,60.46200180053711,2019-08-02,2019-10-02,18.35
NOW,2019-10-15,54.84799957275391,2019-10-18,2019-10-23,19.77
QQQ,2010-04-23,43.84806442260742,2010-05-07,2010-07-02,15.61
QQQ,2011-07-26,52.37071990966797,2011-08-08,2011-08-19,16.1
QQQ,2011-10-28,51.86069488525391,2011-11-25,2011-11-25,10.28
QQQ,2012-04-02,60.38462829589844,2012-05-18,2012-06-01,11.49
QQQ,2012-09-19,62.43000411987305,2012-11-08,2012-11-15,11.64
QQQ,2015-07-20,105.18470764160156,2015-08-21,2015-08-25,13.94
QQQ,2015-12-01,106.53223419189452,2016-01-13,2016-02-09,16.1
QQQ,2018-01-26,161.83531188964844,2018-02-08,2018-02-08,10.23
QQQ,2018-03-12,164.8177490234375,2018-04-02,2018-04-02,10.52
QQQ,2018-08-29,177.47003173828125,2018-10-24,2018-12-24,22.8
QQQ,2019-05-03,182.8025817871093,2019-06-03,2019-06-03,10.98
SPY,2010-04-23,91.281494140625,2010-05-20,2010-07-02,15.7
SPY,2011-04-29,104.26785278320312,2011-08-04,2011-10-03,18.61
SPY,2015-07-20,177.2439422607422,2015-08-24,2015-08-25,11.91
SPY,2015-11-03,176.83287048339844,2016-01-15,2016-02-11,12.82
SPY,2018-01-26,251.5897674560547,2018-02-08,2018-02-08,10.1
SPY,2018-09-20,259.9293212890625,2018-12-14,2018-12-24,19.35
