Model,Asset,Alerts,TP,FP,Null,Abs_Prec%,Recall_Adv%,Caught_Adv,Caught_Same,Fwd_60_Med%,Fwd_60_CI95
B3: P<MA20 (Baseline),NOW,17,0,17,0,0.00,14.29,2,1,13.71,"[13.71, 13.71]"
B1: dV<=0 (Energy),NOW,72,7,52,13,9.72,21.43,3,1,10.46,"[10.59, 11.52]"
B2: v<0 (Velocity),NOW,25,2,19,4,8.00,21.43,3,1,10.46,"[10.46, 10.46]"
B3: P<MA20 (Baseline),QQQ,44,3,7,34,6.82,45.45,5,0,3.64,"[3.64, 3.64]"
B1: dV<=0 (Energy),QQQ,188,10,14,164,5.32,45.45,5,0,3.35,"[2.67, 4.66]"
B2: v<0 (Velocity),QQQ,70,3,7,60,4.29,45.45,5,0,3.73,"[2.08, 4.15]"
B3: P<MA20 (Baseline),SPY,36,3,3,30,8.33,50.0,3,0,3.67,"[3.67, 3.67]"
B1: dV<=0 (Energy),SPY,167,9,11,147,5.39,50.0,3,0,2.91,"[2.29, 3.94]"
B2: v<0 (Velocity),SPY,78,4,5,69,5.13,50.0,3,0,2.43,"[1.86, 3.52]"
