Asset,Config,cash_start_dt,cash_end_dt,duration_trading_days,underlying_start_p,underlying_end_p,underlying_return_pct
NOW,C0_Baseline,2014-04-16,2014-04-22,3,10.657999992370604,11.04599952697754,3.640453508019157
NOW,C0_Baseline,2014-10-01,2014-10-22,15,11.460000038146973,11.61400032043457,1.3438069962912387
NOW,C0_Baseline,2015-03-02,2015-03-03,1,15.288000106811523,15.09000015258789,-1.2951331295151844
NOW,C0_Baseline,2015-03-31,2015-04-01,1,15.755999565124512,15.130000114440918,-3.973086239918583
NOW,C0_Baseline,2016-05-06,2016-05-09,1,13.456000328063965,13.486000061035156,0.22294688049779304
NOW,C0_Baseline,2016-08-18,2016-08-19,1,14.61400032043457,14.73799991607666,0.848498651452079
NOW,C0_Baseline,2016-09-14,2016-09-20,4,14.51200008392334,15.055999755859377,3.748619547891884
NOW,C0_Baseline,2017-10-24,2017-10-25,1,25.17799949645996,24.92399978637696,-1.0088160900897358
NOW,C0_Baseline,2018-02-06,2018-02-07,1,29.804000854492188,30.63400077819824,2.784860756642174
NOW,C0_Baseline,2018-03-19,2018-03-20,1,33.96200180053711,34.422000885009766,1.3544522115459676
NOW,C0_Baseline,2018-04-16,2018-04-17,1,33.88999938964844,34.90800094604492,3.003840586398561
NOW,C0_Baseline,2018-05-18,2018-05-21,1,34.78799819946289,34.290000915527344,-1.4315203797591196
NOW,C0_Baseline,2018-06-14,2018-06-15,1,37.06800079345703,37.27000045776367,0.5449435091797454
NOW,C0_Baseline,2018-09-14,2018-09-17,1,40.59400177001953,38.56399917602539,-5.00074519751681
NOW,C0_Baseline,2018-11-14,2018-12-06,14,33.47600173950195,37.52000045776367,12.08029187514878
NOW,C0_Baseline,2019-01-04,2019-01-09,3,35.84600067138672,38.09400177001953,6.271274497930894
NOW,C0_Baseline,2019-02-21,2019-02-22,1,46.00199890136719,47.0,2.169473332610231
NOW,C0_Baseline,2019-03-26,2019-03-27,1,49.0,48.27399826049805,-1.4816362030652106
NOW,C0_Baseline,2019-05-14,2019-05-15,1,54.41400146484375,54.79199981689453,0.6946711174972154
NOW,C0_Baseline,2019-06-12,2019-06-13,1,53.57600021362305,54.757999420166016,2.2062102468082636
NOW,C0_Baseline,2019-07-19,2019-07-22,1,57.948001861572266,58.762001037597656,1.404706201897856
NOW,C0_Baseline,2020-03-30,2020-05-04,24,57.27799987792969,70.9280014038086,23.831142070200872
NOW,C0_Baseline,2020-05-22,2020-05-26,1,77.59200286865234,76.13400268554688,-1.8790598633902644
NOW,C0_Baseline,2020-06-17,2020-06-18,1,80.12999725341797,80.20600128173828,0.09485090593469417
NOW,C0_Baseline,2020-07-14,2020-07-15,1,82.64600372314453,84.71199798583984,2.499811448374657
NOW,C0_Baseline,2020-08-04,2020-08-05,1,87.62999725341797,87.14800262451172,-0.5500338286127814
NOW,C0_Baseline,2020-09-08,2020-09-09,1,88.62799835205078,91.63999938964844,3.398475756648927
NOW,C0_Baseline,2020-10-22,2020-10-23,1,101.19200134277344,102.802001953125,1.5910354464656902
NOW,C0_Baseline,2020-11-19,2020-11-20,1,102.86599731445312,103.61199951171876,0.725217483659999
NOW,C0_Baseline,2020-12-29,2020-12-30,1,109.1959991455078,109.47599792480467,0.2564185331769949
NOW,C0_Baseline,2021-02-18,2021-02-19,1,115.16000366210938,114.14600372314452,-0.8805139863837033
NOW,C0_Baseline,2021-11-03,2021-11-04,1,137.53399658203125,140.3459930419922,2.044582815772201
NOW,C0_Baseline,2022-02-22,2022-03-18,18,110.02999877929688,115.97599792480467,5.403980015881443
NOW,C0_Baseline,2022-04-06,2022-05-24,33,105.58999633789062,83.93000030517578,-20.5133031384927
NOW,C0_Baseline,2022-05-25,2022-06-07,8,90.45800018310548,101.28600311279295,11.970199327609919
NOW,C0_Baseline,2022-09-20,2022-10-05,11,82.23999786376953,84.11599731445312,2.281127795979743
NOW,C0_Baseline,2022-10-13,2022-10-26,9,72.37999725341797,73.28199768066406,1.2462012454739337
NOW,C0_Baseline,2022-12-08,2022-12-13,3,79.24600219726562,83.23400115966797,5.032429210088215
NOW,C0_Baseline,2023-01-06,2023-01-18,7,73.30599975585938,83.23999786376953,13.551412082223363
NOW,C0_Baseline,2023-03-23,2023-04-05,9,88.09400177001953,93.46600341796876,6.0980333961596145
NOW,C0_Baseline,2023-04-26,2023-05-01,3,90.80599975585938,90.08200073242188,-0.797303069603375
NOW,C0_Baseline,2023-06-12,2023-06-13,1,109.2699966430664,110.94400024414062,1.5319883339453186
NOW,C0_Baseline,2023-07-10,2023-07-11,1,113.12000274658205,112.28800201416016,-0.7355027512559253
NOW,C0_Baseline,2023-12-15,2023-12-18,1,139.6479949951172,140.74400329589844,0.7848364029999657
NOW,C0_Baseline,2024-02-13,2024-02-14,1,154.7519989013672,158.39999389648438,2.3573168818596493
NOW,C0_Baseline,2024-03-15,2024-03-25,6,148.78199768066406,154.92799377441406,4.130873485743459
NOW,C0_Baseline,2024-11-29,2024-12-02,1,209.88800048828125,209.68600463867188,-0.09623982749821522
NOW,C0_Baseline,2025-04-17,2025-04-29,7,154.4320068359375,188.572006225586,22.106815866167878
NOW,C0_Baseline,2025-09-26,2025-10-01,3,187.1999969482422,182.48599243164065,-2.518164846928326
NOW,C0_Baseline,2025-11-05,2026-02-19,71,175.92599487304688,107.37000274658205,-38.968653936524134
NOW,C0_Baseline,2026-02-20,2026-04-21,41,104.2699966430664,100.13999938964844,-3.9608683095633332
NOW,C0_Baseline,2026-04-24,2026-04-27,1,90.16999816894533,90.4499969482422,0.3105232172371353
NOW,C0_Baseline,2026-06-12,2026-06-15,1,102.1500015258789,104.1500015258789,1.9579050123590216
NOW,C0_Baseline,2026-07-22,2026-07-29,5,95.45999908447266,115.76000213623048,21.26545489885699
NOW,C1_Decoupled_Scores,2014-04-16,2014-05-22,25,10.657999992370604,10.088000297546388,-5.348092467932467
NOW,C1_Decoupled_Scores,2014-10-01,2014-10-22,15,11.460000038146973,11.61400032043457,1.3438069962912387
NOW,C1_Decoupled_Scores,2015-03-02,2015-03-03,1,15.288000106811523,15.09000015258789,-1.2951331295151844
NOW,C1_Decoupled_Scores,2015-03-31,2015-04-01,1,15.755999565124512,15.130000114440918,-3.973086239918583
NOW,C1_Decoupled_Scores,2016-05-06,2016-05-09,1,13.456000328063965,13.486000061035156,0.22294688049779304
NOW,C1_Decoupled_Scores,2016-08-18,2016-08-19,1,14.61400032043457,14.73799991607666,0.848498651452079
NOW,C1_Decoupled_Scores,2016-09-14,2016-09-20,4,14.51200008392334,15.055999755859377,3.748619547891884
NOW,C1_Decoupled_Scores,2017-10-24,2017-10-25,1,25.17799949645996,24.92399978637696,-1.0088160900897358
NOW,C1_Decoupled_Scores,2018-02-06,2018-02-07,1,29.804000854492188,30.63400077819824,2.784860756642174
NOW,C1_Decoupled_Scores,2018-03-19,2018-03-20,1,33.96200180053711,34.422000885009766,1.3544522115459676
NOW,C1_Decoupled_Scores,2018-04-16,2018-04-17,1,33.88999938964844,34.90800094604492,3.003840586398561
NOW,C1_Decoupled_Scores,2018-05-18,2018-05-21,1,34.78799819946289,34.290000915527344,-1.4315203797591196
NOW,C1_Decoupled_Scores,2018-06-14,2018-06-15,1,37.06800079345703,37.27000045776367,0.5449435091797454
NOW,C1_Decoupled_Scores,2018-09-14,2018-09-17,1,40.59400177001953,38.56399917602539,-5.00074519751681
NOW,C1_Decoupled_Scores,2018-11-14,2018-12-06,14,33.47600173950195,37.52000045776367,12.08029187514878
NOW,C1_Decoupled_Scores,2019-01-04,2019-01-09,3,35.84600067138672,38.09400177001953,6.271274497930894
NOW,C1_Decoupled_Scores,2019-02-21,2019-02-22,1,46.00199890136719,47.0,2.169473332610231
NOW,C1_Decoupled_Scores,2019-03-26,2019-03-27,1,49.0,48.27399826049805,-1.4816362030652106
NOW,C1_Decoupled_Scores,2019-05-14,2019-05-15,1,54.41400146484375,54.79199981689453,0.6946711174972154
NOW,C1_Decoupled_Scores,2019-06-12,2019-06-13,1,53.57600021362305,54.757999420166016,2.2062102468082636
NOW,C1_Decoupled_Scores,2019-07-19,2019-07-22,1,57.948001861572266,58.762001037597656,1.404706201897856
NOW,C1_Decoupled_Scores,2020-03-30,2020-05-04,24,57.27799987792969,70.9280014038086,23.831142070200872
NOW,C1_Decoupled_Scores,2020-05-22,2020-05-26,1,77.59200286865234,76.13400268554688,-1.8790598633902644
NOW,C1_Decoupled_Scores,2020-06-17,2020-06-18,1,80.12999725341797,80.20600128173828,0.09485090593469417
NOW,C1_Decoupled_Scores,2020-07-14,2020-07-15,1,82.64600372314453,84.71199798583984,2.499811448374657
NOW,C1_Decoupled_Scores,2020-08-04,2020-08-05,1,87.62999725341797,87.14800262451172,-0.5500338286127814
NOW,C1_Decoupled_Scores,2020-09-08,2020-09-09,1,88.62799835205078,91.63999938964844,3.398475756648927
NOW,C1_Decoupled_Scores,2020-10-22,2020-10-23,1,101.19200134277344,102.802001953125,1.5910354464656902
NOW,C1_Decoupled_Scores,2020-11-19,2020-11-20,1,102.86599731445312,103.61199951171876,0.725217483659999
NOW,C1_Decoupled_Scores,2020-12-29,2020-12-30,1,109.1959991455078,109.47599792480467,0.2564185331769949
NOW,C1_Decoupled_Scores,2021-02-18,2021-02-19,1,115.16000366210938,114.14600372314452,-0.8805139863837033
NOW,C1_Decoupled_Scores,2021-11-03,2021-11-04,1,137.53399658203125,140.3459930419922,2.044582815772201
NOW,C1_Decoupled_Scores,2022-02-22,2022-03-18,18,110.02999877929688,115.97599792480467,5.403980015881443
NOW,C1_Decoupled_Scores,2022-04-06,2022-05-24,33,105.58999633789062,83.93000030517578,-20.5133031384927
NOW,C1_Decoupled_Scores,2022-05-25,2022-06-07,8,90.45800018310548,101.28600311279295,11.970199327609919
NOW,C1_Decoupled_Scores,2022-09-20,2022-10-05,11,82.23999786376953,84.11599731445312,2.281127795979743
NOW,C1_Decoupled_Scores,2022-10-13,2022-10-26,9,72.37999725341797,73.28199768066406,1.2462012454739337
NOW,C1_Decoupled_Scores,2022-12-08,2022-12-13,3,79.24600219726562,83.23400115966797,5.032429210088215
NOW,C1_Decoupled_Scores,2023-01-06,2023-01-18,7,73.30599975585938,83.23999786376953,13.551412082223363
NOW,C1_Decoupled_Scores,2023-03-23,2023-04-05,9,88.09400177001953,93.46600341796876,6.0980333961596145
NOW,C1_Decoupled_Scores,2023-04-26,2023-05-01,3,90.80599975585938,90.08200073242188,-0.797303069603375
NOW,C1_Decoupled_Scores,2023-06-12,2023-06-13,1,109.2699966430664,110.94400024414062,1.5319883339453186
NOW,C1_Decoupled_Scores,2023-07-10,2023-07-11,1,113.12000274658205,112.28800201416016,-0.7355027512559253
NOW,C1_Decoupled_Scores,2023-12-15,2023-12-18,1,139.6479949951172,140.74400329589844,0.7848364029999657
NOW,C1_Decoupled_Scores,2024-02-13,2024-02-14,1,154.7519989013672,158.39999389648438,2.3573168818596493
NOW,C1_Decoupled_Scores,2024-03-15,2024-03-25,6,148.78199768066406,154.92799377441406,4.130873485743459
NOW,C1_Decoupled_Scores,2024-11-29,2024-12-02,1,209.88800048828125,209.68600463867188,-0.09623982749821522
NOW,C1_Decoupled_Scores,2025-04-17,2025-04-29,7,154.4320068359375,188.572006225586,22.106815866167878
NOW,C1_Decoupled_Scores,2025-09-26,2025-10-01,3,187.1999969482422,182.48599243164065,-2.518164846928326
NOW,C1_Decoupled_Scores,2025-11-05,2026-02-19,71,175.92599487304688,107.37000274658205,-38.968653936524134
NOW,C1_Decoupled_Scores,2026-02-20,2026-04-21,41,104.2699966430664,100.13999938964844,-3.9608683095633332
NOW,C1_Decoupled_Scores,2026-04-24,2026-04-27,1,90.16999816894533,90.4499969482422,0.3105232172371353
NOW,C1_Decoupled_Scores,2026-06-12,2026-06-15,1,102.1500015258789,104.1500015258789,1.9579050123590216
NOW,C1_Decoupled_Scores,2026-07-22,2026-07-29,5,95.45999908447266,115.76000213623048,21.26545489885699
NOW,C2_Panic_Latch,2014-04-16,2014-04-22,3,10.657999992370604,11.04599952697754,3.640453508019157
NOW,C2_Panic_Latch,2014-10-01,2014-10-22,15,11.460000038146973,11.61400032043457,1.3438069962912387
NOW,C2_Panic_Latch,2015-03-02,2015-03-03,1,15.288000106811523,15.09000015258789,-1.2951331295151844
NOW,C2_Panic_Latch,2015-03-31,2015-04-01,1,15.755999565124512,15.130000114440918,-3.973086239918583
NOW,C2_Panic_Latch,2016-05-06,2016-05-09,1,13.456000328063965,13.486000061035156,0.22294688049779304
NOW,C2_Panic_Latch,2016-08-18,2016-08-19,1,14.61400032043457,14.73799991607666,0.848498651452079
NOW,C2_Panic_Latch,2016-09-14,2016-09-20,4,14.51200008392334,15.055999755859377,3.748619547891884
NOW,C2_Panic_Latch,2017-10-24,2017-10-25,1,25.17799949645996,24.92399978637696,-1.0088160900897358
NOW,C2_Panic_Latch,2018-02-06,2018-02-07,1,29.804000854492188,30.63400077819824,2.784860756642174
NOW,C2_Panic_Latch,2018-03-19,2018-03-20,1,33.96200180053711,34.422000885009766,1.3544522115459676
NOW,C2_Panic_Latch,2018-04-16,2018-04-17,1,33.88999938964844,34.90800094604492,3.003840586398561
NOW,C2_Panic_Latch,2018-05-18,2018-05-21,1,34.78799819946289,34.290000915527344,-1.4315203797591196
NOW,C2_Panic_Latch,2018-06-14,2018-06-15,1,37.06800079345703,37.27000045776367,0.5449435091797454
NOW,C2_Panic_Latch,2018-09-14,2018-09-17,1,40.59400177001953,38.56399917602539,-5.00074519751681
NOW,C2_Panic_Latch,2018-11-14,2018-11-29,10,33.47600173950195,35.81999969482422,7.002024834275024
NOW,C2_Panic_Latch,2019-01-04,2019-01-09,3,35.84600067138672,38.09400177001953,6.271274497930894
NOW,C2_Panic_Latch,2019-02-21,2019-02-22,1,46.00199890136719,47.0,2.169473332610231
NOW,C2_Panic_Latch,2019-03-26,2019-03-27,1,49.0,48.27399826049805,-1.4816362030652106
NOW,C2_Panic_Latch,2019-05-14,2019-05-15,1,54.41400146484375,54.79199981689453,0.6946711174972154
NOW,C2_Panic_Latch,2019-06-12,2019-06-13,1,53.57600021362305,54.757999420166016,2.2062102468082636
NOW,C2_Panic_Latch,2019-07-19,2019-07-22,1,57.948001861572266,58.762001037597656,1.404706201897856
NOW,C2_Panic_Latch,2020-03-30,2020-04-09,8,57.27799987792969,55.61199951171875,-2.908621756628201
NOW,C2_Panic_Latch,2020-05-22,2020-05-26,1,77.59200286865234,76.13400268554688,-1.8790598633902644
NOW,C2_Panic_Latch,2020-06-17,2020-06-18,1,80.12999725341797,80.20600128173828,0.09485090593469417
NOW,C2_Panic_Latch,2020-07-14,2020-07-15,1,82.64600372314453,84.71199798583984,2.499811448374657
NOW,C2_Panic_Latch,2020-08-04,2020-08-05,1,87.62999725341797,87.14800262451172,-0.5500338286127814
NOW,C2_Panic_Latch,2020-09-08,2020-09-09,1,88.62799835205078,91.63999938964844,3.398475756648927
NOW,C2_Panic_Latch,2020-10-22,2020-10-23,1,101.19200134277344,102.802001953125,1.5910354464656902
NOW,C2_Panic_Latch,2020-11-19,2020-11-20,1,102.86599731445312,103.61199951171876,0.725217483659999
NOW,C2_Panic_Latch,2020-12-29,2020-12-30,1,109.1959991455078,109.47599792480467,0.2564185331769949
NOW,C2_Panic_Latch,2021-02-18,2021-02-19,1,115.16000366210938,114.14600372314452,-0.8805139863837033
NOW,C2_Panic_Latch,2021-11-03,2021-11-04,1,137.53399658203125,140.3459930419922,2.044582815772201
NOW,C2_Panic_Latch,2022-02-22,2022-03-18,18,110.02999877929688,115.97599792480467,5.403980015881443
NOW,C2_Panic_Latch,2022-04-06,2022-05-26,35,105.58999633789062,90.9739990234375,-13.84221784389647
NOW,C2_Panic_Latch,2022-09-20,2022-10-05,11,82.23999786376953,84.11599731445312,2.281127795979743
NOW,C2_Panic_Latch,2022-10-13,2022-10-26,9,72.37999725341797,73.28199768066406,1.2462012454739337
NOW,C2_Panic_Latch,2022-12-08,2022-12-13,3,79.24600219726562,83.23400115966797,5.032429210088215
NOW,C2_Panic_Latch,2023-01-06,2023-01-18,7,73.30599975585938,83.23999786376953,13.551412082223363
NOW,C2_Panic_Latch,2023-03-23,2023-03-24,1,88.09400177001953,86.58000183105469,-1.718618644340089
NOW,C2_Panic_Latch,2023-04-26,2023-05-01,3,90.80599975585938,90.08200073242188,-0.797303069603375
NOW,C2_Panic_Latch,2023-06-12,2023-06-13,1,109.2699966430664,110.94400024414062,1.5319883339453186
NOW,C2_Panic_Latch,2023-07-10,2023-07-11,1,113.12000274658205,112.28800201416016,-0.7355027512559253
NOW,C2_Panic_Latch,2023-12-15,2023-12-18,1,139.6479949951172,140.74400329589844,0.7848364029999657
NOW,C2_Panic_Latch,2024-02-13,2024-02-14,1,154.7519989013672,158.39999389648438,2.3573168818596493
NOW,C2_Panic_Latch,2024-03-15,2024-03-25,6,148.78199768066406,154.92799377441406,4.130873485743459
NOW,C2_Panic_Latch,2024-11-29,2024-12-02,1,209.88800048828125,209.68600463867188,-0.09623982749821522
NOW,C2_Panic_Latch,2025-04-17,2025-04-29,7,154.4320068359375,188.572006225586,22.106815866167878
NOW,C2_Panic_Latch,2025-09-26,2025-09-30,2,187.1999969482422,184.05599975585932,-1.6794857070708897
NOW,C2_Panic_Latch,2025-11-05,2025-12-04,20,175.92599487304688,167.7740020751953,-4.633762511182198
NOW,C2_Panic_Latch,2025-12-16,2026-02-19,43,156.2239990234375,107.37000274658205,-31.271761433738575
NOW,C2_Panic_Latch,2026-02-20,2026-03-09,11,104.2699966430664,121.93000030517578,16.93680275310885
NOW,C2_Panic_Latch,2026-04-24,2026-05-08,10,90.16999816894533,91.18000030517578,1.1201088574251525
NOW,C2_Panic_Latch,2026-06-12,2026-06-15,1,102.1500015258789,104.1500015258789,1.9579050123590216
NOW,C2_Panic_Latch,2026-07-22,2026-07-29,5,95.45999908447266,115.76000213623048,21.26545489885699
NOW,C3_Reentry_Stop,2014-04-16,2014-04-22,3,10.657999992370604,11.04599952697754,3.640453508019157
NOW,C3_Reentry_Stop,2014-10-01,2014-10-22,15,11.460000038146973,11.61400032043457,1.3438069962912387
NOW,C3_Reentry_Stop,2015-03-02,2015-03-18,12,15.288000106811523,16.010000228881836,4.72265905956285
NOW,C3_Reentry_Stop,2015-03-31,2015-04-17,12,15.755999565124512,14.657999992370604,-6.968771281158835
NOW,C3_Reentry_Stop,2016-05-06,2016-05-18,8,13.456000328063965,14.005999565124512,4.087390187658238
NOW,C3_Reentry_Stop,2016-08-18,2016-09-01,10,14.61400032043457,14.800000190734863,1.2727512400571916
NOW,C3_Reentry_Stop,2016-09-14,2016-09-20,4,14.51200008392334,15.055999755859377,3.748619547891884
NOW,C3_Reentry_Stop,2017-10-24,2017-11-09,12,25.17799949645996,25.11000061035156,-0.270072632728278
NOW,C3_Reentry_Stop,2018-02-06,2018-02-21,10,29.804000854492188,31.516000747680664,5.744194886943967
NOW,C3_Reentry_Stop,2018-03-19,2018-04-18,21,33.96200180053711,34.86000061035156,2.644128031935536
NOW,C3_Reentry_Stop,2018-04-25,2018-05-08,9,31.600000381469727,35.20600128173828,11.41139511625803
NOW,C3_Reentry_Stop,2018-05-18,2018-06-04,10,34.78799819946289,36.70000076293945,5.496155750364742
NOW,C3_Reentry_Stop,2018-06-14,2018-07-12,19,37.06800079345703,38.93199920654297,5.028591704937475
NOW,C3_Reentry_Stop,2018-07-25,2018-07-26,1,36.77199935913086,38.4640007019043,4.601330828516118
NOW,C3_Reentry_Stop,2018-09-14,2018-11-09,40,40.59400177001953,35.518001556396484,-12.504310962936149
NOW,C3_Reentry_Stop,2018-11-14,2018-12-06,14,33.47600173950195,37.52000045776367,12.08029187514878
NOW,C3_Reentry_Stop,2019-01-04,2019-01-09,3,35.84600067138672,38.09400177001953,6.271274497930894
NOW,C3_Reentry_Stop,2019-02-21,2019-03-21,20,46.00199890136719,50.18999862670898,9.103951622452914
NOW,C3_Reentry_Stop,2019-03-26,2019-04-23,19,49.0,48.709999084472656,-0.5918386031170281
NOW,C3_Reentry_Stop,2019-05-14,2019-06-19,25,54.41400146484375,57.10200119018555,4.939904533722781
NOW,C3_Reentry_Stop,2019-07-19,2019-09-05,33,57.948001861572266,53.92399978637695,-6.944160188314958
NOW,C3_Reentry_Stop,2019-09-10,2019-10-14,24,50.63600158691406,53.88800048828125,6.422305868257193
NOW,C3_Reentry_Stop,2020-03-30,2020-06-03,45,57.27799987792969,77.61799621582031,35.51101012821506
NOW,C3_Reentry_Stop,2020-06-17,2020-07-02,11,80.12999725341797,82.84200286865234,3.3845073108606574
NOW,C3_Reentry_Stop,2020-07-14,2020-08-21,28,82.64600372314453,89.88400268554688,8.757832969938733
NOW,C3_Reentry_Stop,2020-09-08,2020-10-05,19,88.62799835205078,100.35800170898438,13.235099037596814
NOW,C3_Reentry_Stop,2020-10-22,2020-11-06,11,101.19200134277344,107.03600311279295,5.775161764242409
NOW,C3_Reentry_Stop,2020-11-10,2020-11-16,4,96.25599670410156,100.45600128173828,4.36336926679785
NOW,C3_Reentry_Stop,2020-11-19,2020-12-09,13,102.86599731445312,105.5979995727539,2.655884674844758
NOW,C3_Reentry_Stop,2020-12-29,2021-01-29,21,109.1959991455078,108.63200378417967,-0.5164981920048003
NOW,C3_Reentry_Stop,2021-02-18,2021-03-29,27,115.16000366210938,97.0780029296875,-15.70163264797752
NOW,C3_Reentry_Stop,2021-11-03,2021-12-09,25,137.53399658203125,128.42999267578125,-6.619457103335158
NOW,C3_Reentry_Stop,2021-12-17,2022-01-31,29,123.1259994506836,117.15599822998048,-4.848692597288773
NOW,C3_Reentry_Stop,2022-02-22,2022-03-18,18,110.02999877929688,115.97599792480467,5.403980015881443
NOW,C3_Reentry_Stop,2022-04-04,2022-04-05,1,114.96399688720705,110.6439971923828,-3.757697898293033
NOW,C3_Reentry_Stop,2022-04-06,2022-05-24,33,105.58999633789062,83.93000030517578,-20.5133031384927
NOW,C3_Reentry_Stop,2022-05-25,2022-06-27,21,90.45800018310548,99.33999633789062,9.818917217721115
NOW,C3_Reentry_Stop,2022-07-13,2022-08-08,18,84.55400085449219,98.98999786376952,17.073109330592217
NOW,C3_Reentry_Stop,2022-09-20,2022-10-05,11,82.23999786376953,84.11599731445312,2.281127795979743
NOW,C3_Reentry_Stop,2022-10-11,2022-10-26,11,74.26000213623047,73.28199768066406,-1.3170003062648052
NOW,C3_Reentry_Stop,2022-12-08,2022-12-13,3,79.24600219726562,83.23400115966797,5.032429210088215
NOW,C3_Reentry_Stop,2022-12-19,2023-01-05,11,76.45999908447266,73.26399993896484,-4.179962312027871
NOW,C3_Reentry_Stop,2023-01-06,2023-01-18,7,73.30599975585938,83.23999786376953,13.551412082223363
NOW,C3_Reentry_Stop,2023-03-23,2023-04-05,9,88.09400177001953,93.46600341796876,6.0980333961596145
NOW,C3_Reentry_Stop,2023-04-26,2023-05-16,14,90.80599975585938,93.64800262451172,3.1297523030343153
NOW,C3_Reentry_Stop,2023-06-12,2023-07-14,22,109.2699966430664,116.07599639892578,6.228608003065443
NOW,C3_Reentry_Stop,2023-12-15,2024-01-12,18,139.6479949951172,145.83599853515625,4.431143848685709
NOW,C3_Reentry_Stop,2024-02-13,2024-03-21,26,154.7519989013672,154.63600158691406,-0.07495690865166602
NOW,C3_Reentry_Stop,2024-11-29,2024-12-13,10,209.88800048828125,224.22000122070312,6.828404053152185
NOW,C3_Reentry_Stop,2024-12-19,2024-12-20,1,214.9739990234375,218.25,1.5239056776374778
NOW,C3_Reentry_Stop,2025-04-17,2025-04-29,7,154.4320068359375,188.572006225586,22.106815866167878
NOW,C3_Reentry_Stop,2025-09-26,2025-10-15,13,187.1999969482422,180.6100006103516,-3.520297246432448
NOW,C3_Reentry_Stop,2025-11-05,2026-02-19,71,175.92599487304688,107.37000274658205,-38.968653936524134
NOW,C3_Reentry_Stop,2026-02-20,2026-04-21,41,104.2699966430664,100.13999938964844,-3.9608683095633332
NOW,C3_Reentry_Stop,2026-04-24,2026-04-27,1,90.16999816894533,90.4499969482422,0.3105232172371353
NOW,C3_Reentry_Stop,2026-06-12,2026-06-30,11,102.1500015258789,99.27999877929688,-2.809596381508559
NOW,C3_Reentry_Stop,2026-07-22,2026-07-29,5,95.45999908447266,115.76000213623048,21.26545489885699
NOW,C4_A_plus_B,2014-04-16,2014-04-22,3,10.657999992370604,11.04599952697754,3.640453508019157
NOW,C4_A_plus_B,2014-10-01,2014-10-22,15,11.460000038146973,11.61400032043457,1.3438069962912387
NOW,C4_A_plus_B,2015-03-02,2015-03-03,1,15.288000106811523,15.09000015258789,-1.2951331295151844
NOW,C4_A_plus_B,2015-03-31,2015-04-01,1,15.755999565124512,15.130000114440918,-3.973086239918583
NOW,C4_A_plus_B,2016-05-06,2016-05-09,1,13.456000328063965,13.486000061035156,0.22294688049779304
NOW,C4_A_plus_B,2016-08-18,2016-08-19,1,14.61400032043457,14.73799991607666,0.848498651452079
NOW,C4_A_plus_B,2016-09-14,2016-09-20,4,14.51200008392334,15.055999755859377,3.748619547891884
NOW,C4_A_plus_B,2017-10-24,2017-10-25,1,25.17799949645996,24.92399978637696,-1.0088160900897358
NOW,C4_A_plus_B,2018-02-06,2018-02-07,1,29.804000854492188,30.63400077819824,2.784860756642174
NOW,C4_A_plus_B,2018-03-19,2018-03-20,1,33.96200180053711,34.422000885009766,1.3544522115459676
NOW,C4_A_plus_B,2018-04-16,2018-04-17,1,33.88999938964844,34.90800094604492,3.003840586398561
NOW,C4_A_plus_B,2018-05-18,2018-05-21,1,34.78799819946289,34.290000915527344,-1.4315203797591196
NOW,C4_A_plus_B,2018-06-14,2018-06-15,1,37.06800079345703,37.27000045776367,0.5449435091797454
NOW,C4_A_plus_B,2018-09-14,2018-09-17,1,40.59400177001953,38.56399917602539,-5.00074519751681
NOW,C4_A_plus_B,2018-11-14,2018-11-29,10,33.47600173950195,35.81999969482422,7.002024834275024
NOW,C4_A_plus_B,2019-01-04,2019-01-09,3,35.84600067138672,38.09400177001953,6.271274497930894
NOW,C4_A_plus_B,2019-02-21,2019-02-22,1,46.00199890136719,47.0,2.169473332610231
NOW,C4_A_plus_B,2019-03-26,2019-03-27,1,49.0,48.27399826049805,-1.4816362030652106
NOW,C4_A_plus_B,2019-05-14,2019-05-15,1,54.41400146484375,54.79199981689453,0.6946711174972154
NOW,C4_A_plus_B,2019-06-12,2019-06-13,1,53.57600021362305,54.757999420166016,2.2062102468082636
NOW,C4_A_plus_B,2019-07-19,2019-07-22,1,57.948001861572266,58.762001037597656,1.404706201897856
NOW,C4_A_plus_B,2020-03-30,2020-04-09,8,57.27799987792969,55.61199951171875,-2.908621756628201
NOW,C4_A_plus_B,2020-05-22,2020-05-26,1,77.59200286865234,76.13400268554688,-1.8790598633902644
NOW,C4_A_plus_B,2020-06-17,2020-06-18,1,80.12999725341797,80.20600128173828,0.09485090593469417
NOW,C4_A_plus_B,2020-07-14,2020-07-15,1,82.64600372314453,84.71199798583984,2.499811448374657
NOW,C4_A_plus_B,2020-08-04,2020-08-05,1,87.62999725341797,87.14800262451172,-0.5500338286127814
NOW,C4_A_plus_B,2020-09-08,2020-09-09,1,88.62799835205078,91.63999938964844,3.398475756648927
NOW,C4_A_plus_B,2020-10-22,2020-10-23,1,101.19200134277344,102.802001953125,1.5910354464656902
NOW,C4_A_plus_B,2020-11-19,2020-11-20,1,102.86599731445312,103.61199951171876,0.725217483659999
NOW,C4_A_plus_B,2020-12-29,2020-12-30,1,109.1959991455078,109.47599792480467,0.2564185331769949
NOW,C4_A_plus_B,2021-02-18,2021-02-19,1,115.16000366210938,114.14600372314452,-0.8805139863837033
NOW,C4_A_plus_B,2021-11-03,2021-11-04,1,137.53399658203125,140.3459930419922,2.044582815772201
NOW,C4_A_plus_B,2022-02-22,2022-03-18,18,110.02999877929688,115.97599792480467,5.403980015881443
NOW,C4_A_plus_B,2022-04-06,2022-05-26,35,105.58999633789062,90.9739990234375,-13.84221784389647
NOW,C4_A_plus_B,2022-09-20,2022-10-05,11,82.23999786376953,84.11599731445312,2.281127795979743
NOW,C4_A_plus_B,2022-10-13,2022-10-26,9,72.37999725341797,73.28199768066406,1.2462012454739337
NOW,C4_A_plus_B,2022-12-08,2022-12-13,3,79.24600219726562,83.23400115966797,5.032429210088215
NOW,C4_A_plus_B,2023-01-06,2023-01-18,7,73.30599975585938,83.23999786376953,13.551412082223363
NOW,C4_A_plus_B,2023-03-23,2023-04-05,9,88.09400177001953,93.46600341796876,6.0980333961596145
NOW,C4_A_plus_B,2023-04-26,2023-05-01,3,90.80599975585938,90.08200073242188,-0.797303069603375
NOW,C4_A_plus_B,2023-06-12,2023-06-13,1,109.2699966430664,110.94400024414062,1.5319883339453186
NOW,C4_A_plus_B,2023-07-10,2023-07-11,1,113.12000274658205,112.28800201416016,-0.7355027512559253
NOW,C4_A_plus_B,2023-12-15,2023-12-18,1,139.6479949951172,140.74400329589844,0.7848364029999657
NOW,C4_A_plus_B,2024-02-13,2024-02-14,1,154.7519989013672,158.39999389648438,2.3573168818596493
NOW,C4_A_plus_B,2024-03-15,2024-03-25,6,148.78199768066406,154.92799377441406,4.130873485743459
NOW,C4_A_plus_B,2024-11-29,2024-12-02,1,209.88800048828125,209.68600463867188,-0.09623982749821522
NOW,C4_A_plus_B,2025-04-17,2025-04-29,7,154.4320068359375,188.572006225586,22.106815866167878
NOW,C4_A_plus_B,2025-09-26,2025-10-01,3,187.1999969482422,182.48599243164065,-2.518164846928326
NOW,C4_A_plus_B,2025-11-05,2025-12-04,20,175.92599487304688,167.7740020751953,-4.633762511182198
NOW,C4_A_plus_B,2025-12-16,2026-02-19,43,156.2239990234375,107.37000274658205,-31.271761433738575
NOW,C4_A_plus_B,2026-02-20,2026-03-09,11,104.2699966430664,121.93000030517578,16.93680275310885
NOW,C4_A_plus_B,2026-04-24,2026-05-08,10,90.16999816894533,91.18000030517578,1.1201088574251525
NOW,C4_A_plus_B,2026-06-12,2026-06-15,1,102.1500015258789,104.1500015258789,1.9579050123590216
NOW,C4_A_plus_B,2026-07-22,2026-07-29,5,95.45999908447266,115.76000213623048,21.26545489885699
NOW,C5_A_plus_C,2014-04-16,2014-05-22,25,10.657999992370604,10.088000297546388,-5.348092467932467
NOW,C5_A_plus_C,2014-10-01,2014-10-22,15,11.460000038146973,11.61400032043457,1.3438069962912387
NOW,C5_A_plus_C,2015-03-02,2015-03-18,12,15.288000106811523,16.010000228881836,4.72265905956285
NOW,C5_A_plus_C,2015-03-31,2015-04-17,12,15.755999565124512,14.657999992370604,-6.968771281158835
NOW,C5_A_plus_C,2016-05-06,2016-05-18,8,13.456000328063965,14.005999565124512,4.087390187658238
NOW,C5_A_plus_C,2016-08-18,2016-09-01,10,14.61400032043457,14.800000190734863,1.2727512400571916
NOW,C5_A_plus_C,2016-09-14,2016-09-20,4,14.51200008392334,15.055999755859377,3.748619547891884
NOW,C5_A_plus_C,2017-10-24,2017-11-09,12,25.17799949645996,25.11000061035156,-0.270072632728278
NOW,C5_A_plus_C,2018-02-06,2018-02-21,10,29.804000854492188,31.516000747680664,5.744194886943967
NOW,C5_A_plus_C,2018-03-19,2018-04-18,21,33.96200180053711,34.86000061035156,2.644128031935536
NOW,C5_A_plus_C,2018-04-25,2018-05-08,9,31.600000381469727,35.20600128173828,11.41139511625803
NOW,C5_A_plus_C,2018-05-18,2018-06-04,10,34.78799819946289,36.70000076293945,5.496155750364742
NOW,C5_A_plus_C,2018-06-14,2018-07-12,19,37.06800079345703,38.93199920654297,5.028591704937475
NOW,C5_A_plus_C,2018-07-25,2018-07-26,1,36.77199935913086,38.4640007019043,4.601330828516118
NOW,C5_A_plus_C,2018-09-14,2018-11-09,40,40.59400177001953,35.518001556396484,-12.504310962936149
NOW,C5_A_plus_C,2018-11-14,2018-12-06,14,33.47600173950195,37.52000045776367,12.08029187514878
NOW,C5_A_plus_C,2019-01-04,2019-01-09,3,35.84600067138672,38.09400177001953,6.271274497930894
NOW,C5_A_plus_C,2019-02-21,2019-03-21,20,46.00199890136719,50.18999862670898,9.103951622452914
NOW,C5_A_plus_C,2019-03-26,2019-04-23,19,49.0,48.709999084472656,-0.5918386031170281
NOW,C5_A_plus_C,2019-05-14,2019-06-19,25,54.41400146484375,57.10200119018555,4.939904533722781
NOW,C5_A_plus_C,2019-07-19,2019-09-05,33,57.948001861572266,53.92399978637695,-6.944160188314958
NOW,C5_A_plus_C,2019-09-10,2019-10-14,24,50.63600158691406,53.88800048828125,6.422305868257193
NOW,C5_A_plus_C,2020-03-30,2020-06-03,45,57.27799987792969,77.61799621582031,35.51101012821506
NOW,C5_A_plus_C,2020-06-17,2020-07-02,11,80.12999725341797,82.84200286865234,3.3845073108606574
NOW,C5_A_plus_C,2020-07-14,2020-08-21,28,82.64600372314453,89.88400268554688,8.757832969938733
NOW,C5_A_plus_C,2020-09-08,2020-10-05,19,88.62799835205078,100.35800170898438,13.235099037596814
NOW,C5_A_plus_C,2020-10-22,2020-11-06,11,101.19200134277344,107.03600311279295,5.775161764242409
NOW,C5_A_plus_C,2020-11-10,2020-11-16,4,96.25599670410156,100.45600128173828,4.36336926679785
NOW,C5_A_plus_C,2020-11-19,2020-12-09,13,102.86599731445312,105.5979995727539,2.655884674844758
NOW,C5_A_plus_C,2020-12-29,2021-01-29,21,109.1959991455078,108.63200378417967,-0.5164981920048003
NOW,C5_A_plus_C,2021-02-18,2021-04-05,31,115.16000366210938,102.8040008544922,-10.729422034294897
NOW,C5_A_plus_C,2021-11-03,2021-12-09,25,137.53399658203125,128.42999267578125,-6.619457103335158
NOW,C5_A_plus_C,2021-12-17,2022-01-31,29,123.1259994506836,117.15599822998048,-4.848692597288773
NOW,C5_A_plus_C,2022-02-22,2022-03-18,18,110.02999877929688,115.97599792480467,5.403980015881443
NOW,C5_A_plus_C,2022-04-04,2022-04-05,1,114.96399688720705,110.6439971923828,-3.757697898293033
NOW,C5_A_plus_C,2022-04-06,2022-05-24,33,105.58999633789062,83.93000030517578,-20.5133031384927
NOW,C5_A_plus_C,2022-05-25,2022-06-27,21,90.45800018310548,99.33999633789062,9.818917217721115
NOW,C5_A_plus_C,2022-07-13,2022-08-08,18,84.55400085449219,98.98999786376952,17.073109330592217
NOW,C5_A_plus_C,2022-09-20,2022-10-05,11,82.23999786376953,84.11599731445312,2.281127795979743
NOW,C5_A_plus_C,2022-10-11,2022-10-26,11,74.26000213623047,73.28199768066406,-1.3170003062648052
NOW,C5_A_plus_C,2022-12-08,2022-12-13,3,79.24600219726562,83.23400115966797,5.032429210088215
NOW,C5_A_plus_C,2022-12-19,2023-01-05,11,76.45999908447266,73.26399993896484,-4.179962312027871
NOW,C5_A_plus_C,2023-01-06,2023-01-18,7,73.30599975585938,83.23999786376953,13.551412082223363
NOW,C5_A_plus_C,2023-03-23,2023-04-05,9,88.09400177001953,93.46600341796876,6.0980333961596145
NOW,C5_A_plus_C,2023-04-26,2023-05-16,14,90.80599975585938,93.64800262451172,3.1297523030343153
NOW,C5_A_plus_C,2023-06-12,2023-07-14,22,109.2699966430664,116.07599639892578,6.228608003065443
NOW,C5_A_plus_C,2023-12-15,2024-01-12,18,139.6479949951172,145.83599853515625,4.431143848685709
NOW,C5_A_plus_C,2024-02-13,2024-03-21,26,154.7519989013672,154.63600158691406,-0.07495690865166602
NOW,C5_A_plus_C,2024-11-29,2024-12-13,10,209.88800048828125,224.22000122070312,6.828404053152185
NOW,C5_A_plus_C,2024-12-19,2024-12-20,1,214.9739990234375,218.25,1.5239056776374778
NOW,C5_A_plus_C,2025-04-17,2025-04-29,7,154.4320068359375,188.572006225586,22.106815866167878
NOW,C5_A_plus_C,2025-09-26,2025-10-23,19,187.1999969482422,187.83399963378903,0.33867665378335354
NOW,C5_A_plus_C,2025-11-05,2026-02-19,71,175.92599487304688,107.37000274658205,-38.968653936524134
NOW,C5_A_plus_C,2026-02-20,2026-04-21,41,104.2699966430664,100.13999938964844,-3.9608683095633332
NOW,C5_A_plus_C,2026-04-24,2026-04-27,1,90.16999816894533,90.4499969482422,0.3105232172371353
NOW,C5_A_plus_C,2026-06-12,2026-06-30,11,102.1500015258789,99.27999877929688,-2.809596381508559
NOW,C5_A_plus_C,2026-07-22,2026-07-29,5,95.45999908447266,115.76000213623048,21.26545489885699
NOW,C6_B_plus_C,2014-04-16,2014-04-22,3,10.657999992370604,11.04599952697754,3.640453508019157
NOW,C6_B_plus_C,2014-10-01,2014-10-22,15,11.460000038146973,11.61400032043457,1.3438069962912387
NOW,C6_B_plus_C,2015-03-02,2015-03-18,12,15.288000106811523,16.010000228881836,4.72265905956285
NOW,C6_B_plus_C,2015-03-31,2015-04-17,12,15.755999565124512,14.657999992370604,-6.968771281158835
NOW,C6_B_plus_C,2016-05-06,2016-05-18,8,13.456000328063965,14.005999565124512,4.087390187658238
NOW,C6_B_plus_C,2016-08-18,2016-09-01,10,14.61400032043457,14.800000190734863,1.2727512400571916
NOW,C6_B_plus_C,2016-09-14,2016-09-20,4,14.51200008392334,15.055999755859377,3.748619547891884
NOW,C6_B_plus_C,2017-10-24,2017-11-09,12,25.17799949645996,25.11000061035156,-0.270072632728278
NOW,C6_B_plus_C,2018-02-06,2018-02-21,10,29.804000854492188,31.516000747680664,5.744194886943967
NOW,C6_B_plus_C,2018-03-19,2018-04-18,21,33.96200180053711,34.86000061035156,2.644128031935536
NOW,C6_B_plus_C,2018-04-25,2018-05-08,9,31.600000381469727,35.20600128173828,11.41139511625803
NOW,C6_B_plus_C,2018-05-18,2018-06-04,10,34.78799819946289,36.70000076293945,5.496155750364742
NOW,C6_B_plus_C,2018-06-14,2018-07-10,17,37.06800079345703,37.119998931884766,0.14027769859364173
NOW,C6_B_plus_C,2018-09-14,2018-11-08,39,40.59400177001953,37.23199844360352,-8.28201995325082
NOW,C6_B_plus_C,2018-11-13,2018-11-29,11,33.73400115966797,35.81999969482422,6.183667704530255
NOW,C6_B_plus_C,2019-01-04,2019-01-09,3,35.84600067138672,38.09400177001953,6.271274497930894
NOW,C6_B_plus_C,2019-02-21,2019-03-21,20,46.00199890136719,50.18999862670898,9.103951622452914
NOW,C6_B_plus_C,2019-03-26,2019-04-23,19,49.0,48.709999084472656,-0.5918386031170281
NOW,C6_B_plus_C,2019-05-14,2019-06-19,25,54.41400146484375,57.10200119018555,4.939904533722781
NOW,C6_B_plus_C,2019-07-19,2019-08-22,24,57.948001861572266,52.928001403808594,-8.662939698517272
NOW,C6_B_plus_C,2020-03-30,2020-04-09,8,57.27799987792969,55.61199951171875,-2.908621756628201
NOW,C6_B_plus_C,2020-05-22,2020-06-11,13,77.59200286865234,75.01000213623047,-3.327663466546524
NOW,C6_B_plus_C,2020-06-17,2020-07-02,11,80.12999725341797,82.84200286865234,3.3845073108606574
NOW,C6_B_plus_C,2020-07-14,2020-08-21,28,82.64600372314453,89.88400268554688,8.757832969938733
NOW,C6_B_plus_C,2020-09-08,2020-10-05,19,88.62799835205078,100.35800170898438,13.235099037596814
NOW,C6_B_plus_C,2020-10-22,2020-11-06,11,101.19200134277344,107.03600311279295,5.775161764242409
NOW,C6_B_plus_C,2020-11-10,2020-11-16,4,96.25599670410156,100.45600128173828,4.36336926679785
NOW,C6_B_plus_C,2020-11-19,2020-12-09,13,102.86599731445312,105.5979995727539,2.655884674844758
NOW,C6_B_plus_C,2020-12-29,2021-01-22,16,109.1959991455078,108.21800231933594,-0.895634303294064
NOW,C6_B_plus_C,2021-02-18,2021-03-29,27,115.16000366210938,97.0780029296875,-15.70163264797752
NOW,C6_B_plus_C,2021-11-03,2021-12-08,24,137.53399658203125,133.16200256347656,-3.1788460505814213
NOW,C6_B_plus_C,2021-12-15,2021-12-28,8,129.4080047607422,130.8000030517578,1.0756662955968146
NOW,C6_B_plus_C,2022-02-22,2022-03-18,18,110.02999877929688,115.97599792480467,5.403980015881443
NOW,C6_B_plus_C,2022-04-04,2022-04-05,1,114.96399688720705,110.6439971923828,-3.757697898293033
NOW,C6_B_plus_C,2022-04-06,2022-05-26,35,105.58999633789062,90.9739990234375,-13.84221784389647
NOW,C6_B_plus_C,2022-09-20,2022-10-05,11,82.23999786376953,84.11599731445312,2.281127795979743
NOW,C6_B_plus_C,2022-10-11,2022-10-26,11,74.26000213623047,73.28199768066406,-1.3170003062648052
NOW,C6_B_plus_C,2022-12-08,2022-12-13,3,79.24600219726562,83.23400115966797,5.032429210088215
NOW,C6_B_plus_C,2022-12-19,2023-01-05,11,76.45999908447266,73.26399993896484,-4.179962312027871
NOW,C6_B_plus_C,2023-01-06,2023-01-18,7,73.30599975585938,83.23999786376953,13.551412082223363
NOW,C6_B_plus_C,2023-03-23,2023-03-24,1,88.09400177001953,86.58000183105469,-1.718618644340089
NOW,C6_B_plus_C,2023-04-26,2023-05-16,14,90.80599975585938,93.64800262451172,3.1297523030343153
NOW,C6_B_plus_C,2023-06-12,2023-07-14,22,109.2699966430664,116.07599639892578,6.228608003065443
NOW,C6_B_plus_C,2023-12-15,2024-01-12,18,139.6479949951172,145.83599853515625,4.431143848685709
NOW,C6_B_plus_C,2024-02-13,2024-03-21,26,154.7519989013672,154.63600158691406,-0.07495690865166602
NOW,C6_B_plus_C,2024-11-29,2024-12-13,10,209.88800048828125,224.22000122070312,6.828404053152185
NOW,C6_B_plus_C,2024-12-19,2024-12-20,1,214.9739990234375,218.25,1.5239056776374778
NOW,C6_B_plus_C,2025-04-17,2025-04-29,7,154.4320068359375,188.572006225586,22.106815866167878
NOW,C6_B_plus_C,2025-09-26,2025-09-30,2,187.1999969482422,184.05599975585932,-1.6794857070708897
NOW,C6_B_plus_C,2025-11-05,2025-12-04,20,175.92599487304688,167.7740020751953,-4.633762511182198
NOW,C6_B_plus_C,2025-12-16,2026-02-19,43,156.2239990234375,107.37000274658205,-31.271761433738575
NOW,C6_B_plus_C,2026-02-20,2026-03-09,11,104.2699966430664,121.93000030517578,16.93680275310885
NOW,C6_B_plus_C,2026-03-12,2026-04-21,27,112.97000122070312,100.13999938964844,-11.356998931060854
NOW,C6_B_plus_C,2026-04-24,2026-05-08,10,90.16999816894533,91.18000030517578,1.1201088574251525
NOW,C6_B_plus_C,2026-06-12,2026-06-30,11,102.1500015258789,99.27999877929688,-2.809596381508559
NOW,C6_B_plus_C,2026-07-22,2026-07-29,5,95.45999908447266,115.76000213623048,21.26545489885699
NOW,C7_Full_Candidate,2014-04-16,2014-04-22,3,10.657999992370604,11.04599952697754,3.640453508019157
NOW,C7_Full_Candidate,2014-10-01,2014-10-22,15,11.460000038146973,11.61400032043457,1.3438069962912387
NOW,C7_Full_Candidate,2015-03-02,2015-03-18,12,15.288000106811523,16.010000228881836,4.72265905956285
NOW,C7_Full_Candidate,2015-03-31,2015-04-17,12,15.755999565124512,14.657999992370604,-6.968771281158835
NOW,C7_Full_Candidate,2016-05-06,2016-05-18,8,13.456000328063965,14.005999565124512,4.087390187658238
NOW,C7_Full_Candidate,2016-08-18,2016-09-01,10,14.61400032043457,14.800000190734863,1.2727512400571916
NOW,C7_Full_Candidate,2016-09-14,2016-09-20,4,14.51200008392334,15.055999755859377,3.748619547891884
NOW,C7_Full_Candidate,2017-10-24,2017-11-09,12,25.17799949645996,25.11000061035156,-0.270072632728278
NOW,C7_Full_Candidate,2018-02-06,2018-02-21,10,29.804000854492188,31.516000747680664,5.744194886943967
NOW,C7_Full_Candidate,2018-03-19,2018-04-18,21,33.96200180053711,34.86000061035156,2.644128031935536
NOW,C7_Full_Candidate,2018-04-25,2018-05-08,9,31.600000381469727,35.20600128173828,11.41139511625803
NOW,C7_Full_Candidate,2018-05-18,2018-06-04,10,34.78799819946289,36.70000076293945,5.496155750364742
NOW,C7_Full_Candidate,2018-06-14,2018-07-12,19,37.06800079345703,38.93199920654297,5.028591704937475
NOW,C7_Full_Candidate,2018-07-25,2018-07-26,1,36.77199935913086,38.4640007019043,4.601330828516118
NOW,C7_Full_Candidate,2018-09-14,2018-11-08,39,40.59400177001953,37.23199844360352,-8.28201995325082
NOW,C7_Full_Candidate,2018-11-13,2018-11-29,11,33.73400115966797,35.81999969482422,6.183667704530255
NOW,C7_Full_Candidate,2019-01-04,2019-01-09,3,35.84600067138672,38.09400177001953,6.271274497930894
NOW,C7_Full_Candidate,2019-02-21,2019-03-21,20,46.00199890136719,50.18999862670898,9.103951622452914
NOW,C7_Full_Candidate,2019-03-26,2019-04-23,19,49.0,48.709999084472656,-0.5918386031170281
NOW,C7_Full_Candidate,2019-05-14,2019-06-19,25,54.41400146484375,57.10200119018555,4.939904533722781
NOW,C7_Full_Candidate,2019-07-19,2019-09-05,33,57.948001861572266,53.92399978637695,-6.944160188314958
NOW,C7_Full_Candidate,2019-09-10,2019-09-23,9,50.63600158691406,53.400001525878906,5.458566735804725
NOW,C7_Full_Candidate,2020-03-30,2020-04-09,8,57.27799987792969,55.61199951171875,-2.908621756628201
NOW,C7_Full_Candidate,2020-05-22,2020-06-11,13,77.59200286865234,75.01000213623047,-3.327663466546524
NOW,C7_Full_Candidate,2020-06-17,2020-07-02,11,80.12999725341797,82.84200286865234,3.3845073108606574
NOW,C7_Full_Candidate,2020-07-14,2020-08-21,28,82.64600372314453,89.88400268554688,8.757832969938733
NOW,C7_Full_Candidate,2020-09-08,2020-10-05,19,88.62799835205078,100.35800170898438,13.235099037596814
NOW,C7_Full_Candidate,2020-10-22,2020-11-06,11,101.19200134277344,107.03600311279295,5.775161764242409
NOW,C7_Full_Candidate,2020-11-10,2020-11-16,4,96.25599670410156,100.45600128173828,4.36336926679785
NOW,C7_Full_Candidate,2020-11-19,2020-12-09,13,102.86599731445312,105.5979995727539,2.655884674844758
NOW,C7_Full_Candidate,2020-12-29,2021-01-29,21,109.1959991455078,108.63200378417967,-0.5164981920048003
NOW,C7_Full_Candidate,2021-02-18,2021-03-29,27,115.16000366210938,97.0780029296875,-15.70163264797752
NOW,C7_Full_Candidate,2021-11-03,2021-12-08,24,137.53399658203125,133.16200256347656,-3.1788460505814213
NOW,C7_Full_Candidate,2021-12-15,2022-01-31,31,129.4080047607422,117.15599822998048,-9.467734668665976
NOW,C7_Full_Candidate,2022-02-22,2022-03-18,18,110.02999877929688,115.97599792480467,5.403980015881443
NOW,C7_Full_Candidate,2022-04-04,2022-04-05,1,114.96399688720705,110.6439971923828,-3.757697898293033
NOW,C7_Full_Candidate,2022-04-06,2022-05-26,35,105.58999633789062,90.9739990234375,-13.84221784389647
NOW,C7_Full_Candidate,2022-09-20,2022-10-05,11,82.23999786376953,84.11599731445312,2.281127795979743
NOW,C7_Full_Candidate,2022-10-11,2022-10-26,11,74.26000213623047,73.28199768066406,-1.3170003062648052
NOW,C7_Full_Candidate,2022-12-08,2022-12-13,3,79.24600219726562,83.23400115966797,5.032429210088215
NOW,C7_Full_Candidate,2022-12-19,2023-01-05,11,76.45999908447266,73.26399993896484,-4.179962312027871
NOW,C7_Full_Candidate,2023-01-06,2023-01-18,7,73.30599975585938,83.23999786376953,13.551412082223363
NOW,C7_Full_Candidate,2023-03-23,2023-04-05,9,88.09400177001953,93.46600341796876,6.0980333961596145
NOW,C7_Full_Candidate,2023-04-26,2023-05-16,14,90.80599975585938,93.64800262451172,3.1297523030343153
NOW,C7_Full_Candidate,2023-06-12,2023-07-14,22,109.2699966430664,116.07599639892578,6.228608003065443
NOW,C7_Full_Candidate,2023-12-15,2024-01-12,18,139.6479949951172,145.83599853515625,4.431143848685709
NOW,C7_Full_Candidate,2024-02-13,2024-03-21,26,154.7519989013672,154.63600158691406,-0.07495690865166602
NOW,C7_Full_Candidate,2024-11-29,2024-12-13,10,209.88800048828125,224.22000122070312,6.828404053152185
NOW,C7_Full_Candidate,2024-12-19,2024-12-20,1,214.9739990234375,218.25,1.5239056776374778
NOW,C7_Full_Candidate,2025-04-17,2025-04-29,7,154.4320068359375,188.572006225586,22.106815866167878
NOW,C7_Full_Candidate,2025-09-26,2025-10-15,13,187.1999969482422,180.6100006103516,-3.520297246432448
NOW,C7_Full_Candidate,2025-11-05,2025-12-04,20,175.92599487304688,167.7740020751953,-4.633762511182198
NOW,C7_Full_Candidate,2025-12-16,2026-02-19,43,156.2239990234375,107.37000274658205,-31.271761433738575
NOW,C7_Full_Candidate,2026-02-20,2026-03-09,11,104.2699966430664,121.93000030517578,16.93680275310885
NOW,C7_Full_Candidate,2026-03-12,2026-04-21,27,112.97000122070312,100.13999938964844,-11.356998931060854
NOW,C7_Full_Candidate,2026-04-24,2026-05-08,10,90.16999816894533,91.18000030517578,1.1201088574251525
NOW,C7_Full_Candidate,2026-06-12,2026-06-30,11,102.1500015258789,99.27999877929688,-2.809596381508559
NOW,C7_Full_Candidate,2026-07-22,2026-07-29,5,95.45999908447266,115.76000213623048,21.26545489885699
QQQ,C0_Baseline,2014-04-16,2014-05-15,21,78.47340393066406,79.34750366210938,1.113880229048853
QQQ,C0_Baseline,2015-06-30,2015-07-16,12,98.80793762207033,103.30215454101562,4.5484371267166726
QQQ,C0_Baseline,2016-01-05,2016-03-04,43,101.42930603027344,98.0517578125,-3.329952998756933
QQQ,C0_Baseline,2016-05-18,2016-05-27,7,98.51944732666016,102.49333953857422,4.033611961644343
QQQ,C0_Baseline,2018-11-15,2019-01-03,35,160.03329467773438,143.04710388183594,-10.614160528347696
QQQ,C0_Baseline,2019-01-04,2019-01-18,10,149.16729736328125,157.779541015625,5.773546752254643
QQQ,C0_Baseline,2019-03-08,2019-03-11,1,163.43190002441406,166.83099365234375,2.0798226217904325
QQQ,C0_Baseline,2020-03-30,2020-04-17,14,185.26345825195312,207.69302368164065,12.106848075341412
QQQ,C0_Baseline,2020-08-04,2020-08-05,1,261.29266357421875,261.9401550292969,0.24780315153938814
QQQ,C0_Baseline,2020-09-07,2020-09-08,1,274.0489807128906,260.8770751953125,-4.806405586079434
QQQ,C0_Baseline,2022-02-04,2022-03-23,33,348.2743835449219,342.68560791015625,-1.6047047669369465
QQQ,C0_Baseline,2022-06-13,2022-06-27,10,268.2518005371094,285.396484375,6.391265148477118
QQQ,C0_Baseline,2022-08-23,2022-08-24,1,306.5242614746094,307.4123229980469,0.2897198150532243
QQQ,C0_Baseline,2022-09-14,2022-10-06,16,288.8900756835937,273.503173828125,-5.326213376855898
QQQ,C0_Baseline,2022-10-10,2022-10-24,10,260.45172119140625,272.22247314453125,4.519360401720925
QQQ,C0_Baseline,2022-11-03,2022-11-11,6,254.6641082763672,281.5196838378906,10.545489014250554
QQQ,C0_Baseline,2022-12-07,2022-12-08,1,274.2559509277344,277.5016784667969,1.1834665858965225
QQQ,C0_Baseline,2023-01-04,2023-01-16,8,260.4186096191406,275.3436889648437,5.731187708716683
QQQ,C0_Baseline,2023-03-10,2023-03-17,5,282.7719116210937,299.2452392578125,5.8256591124201185
QQQ,C1_Decoupled_Scores,2014-04-16,2014-05-15,21,78.47340393066406,79.34750366210938,1.113880229048853
QQQ,C1_Decoupled_Scores,2015-06-30,2015-07-16,12,98.80793762207033,103.30215454101562,4.5484371267166726
QQQ,C1_Decoupled_Scores,2016-01-05,2016-03-04,43,101.42930603027344,98.0517578125,-3.329952998756933
QQQ,C1_Decoupled_Scores,2016-05-18,2016-05-27,7,98.51944732666016,102.49333953857422,4.033611961644343
QQQ,C1_Decoupled_Scores,2018-11-15,2019-01-03,35,160.03329467773438,143.04710388183594,-10.614160528347696
QQQ,C1_Decoupled_Scores,2019-01-04,2019-01-18,10,149.16729736328125,157.779541015625,5.773546752254643
QQQ,C1_Decoupled_Scores,2019-03-08,2019-03-11,1,163.43190002441406,166.83099365234375,2.0798226217904325
QQQ,C1_Decoupled_Scores,2020-03-30,2020-04-17,14,185.26345825195312,207.69302368164065,12.106848075341412
QQQ,C1_Decoupled_Scores,2020-08-04,2020-08-05,1,261.29266357421875,261.9401550292969,0.24780315153938814
QQQ,C1_Decoupled_Scores,2020-09-07,2020-09-08,1,274.0489807128906,260.8770751953125,-4.806405586079434
QQQ,C1_Decoupled_Scores,2022-02-04,2022-03-23,33,348.2743835449219,342.68560791015625,-1.6047047669369465
QQQ,C1_Decoupled_Scores,2022-06-13,2022-06-27,10,268.2518005371094,285.396484375,6.391265148477118
QQQ,C1_Decoupled_Scores,2022-08-23,2022-08-24,1,306.5242614746094,307.4123229980469,0.2897198150532243
QQQ,C1_Decoupled_Scores,2022-09-14,2022-10-06,16,288.8900756835937,273.503173828125,-5.326213376855898
QQQ,C1_Decoupled_Scores,2022-10-10,2022-10-24,10,260.45172119140625,272.22247314453125,4.519360401720925
QQQ,C1_Decoupled_Scores,2022-11-03,2022-11-11,6,254.6641082763672,281.5196838378906,10.545489014250554
QQQ,C1_Decoupled_Scores,2022-12-07,2022-12-08,1,274.2559509277344,277.5016784667969,1.1834665858965225
QQQ,C1_Decoupled_Scores,2023-01-04,2023-01-16,8,260.4186096191406,275.3436889648437,5.731187708716683
QQQ,C1_Decoupled_Scores,2023-03-10,2023-03-17,5,282.7719116210937,299.2452392578125,5.8256591124201185
QQQ,C2_Panic_Latch,2014-04-16,2014-04-22,4,78.47340393066406,79.7026596069336,1.5664615203332484
QQQ,C2_Panic_Latch,2015-06-30,2015-07-16,12,98.80793762207033,103.30215454101562,4.5484371267166726
QQQ,C2_Panic_Latch,2016-01-05,2016-02-01,19,101.42930603027344,96.8826141357422,-4.482621514904373
QQQ,C2_Panic_Latch,2016-02-08,2016-02-18,8,89.65422058105469,94.02465057373048,4.87476212982586
QQQ,C2_Panic_Latch,2016-05-18,2016-05-27,7,98.51944732666016,102.49333953857422,4.033611961644343
QQQ,C2_Panic_Latch,2018-11-15,2018-11-29,10,160.03329467773438,160.09039306640625,0.035679068400645234
QQQ,C2_Panic_Latch,2019-01-04,2019-01-18,10,149.16729736328125,157.779541015625,5.773546752254643
QQQ,C2_Panic_Latch,2019-03-08,2019-03-11,1,163.43190002441406,166.83099365234375,2.0798226217904325
QQQ,C2_Panic_Latch,2020-03-30,2020-04-14,11,185.26345825195312,204.38406372070312,10.320764628471153
QQQ,C2_Panic_Latch,2020-08-04,2020-08-05,1,261.29266357421875,261.9401550292969,0.24780315153938814
QQQ,C2_Panic_Latch,2020-09-07,2020-09-08,1,274.0489807128906,260.8770751953125,-4.806405586079434
QQQ,C2_Panic_Latch,2022-02-04,2022-03-18,30,348.2743835449219,341.93170166015625,-1.8211738170939924
QQQ,C2_Panic_Latch,2022-06-13,2022-06-27,10,268.2518005371094,285.396484375,6.391265148477118
QQQ,C2_Panic_Latch,2022-08-23,2022-08-24,1,306.5242614746094,307.4123229980469,0.2897198150532243
QQQ,C2_Panic_Latch,2022-09-14,2022-10-06,16,288.8900756835937,273.503173828125,-5.326213376855898
QQQ,C2_Panic_Latch,2022-10-10,2022-10-24,10,260.45172119140625,272.22247314453125,4.519360401720925
QQQ,C2_Panic_Latch,2022-11-03,2022-11-11,6,254.6641082763672,281.5196838378906,10.545489014250554
QQQ,C2_Panic_Latch,2022-12-07,2022-12-08,1,274.2559509277344,277.5016784667969,1.1834665858965225
QQQ,C2_Panic_Latch,2023-01-04,2023-01-09,3,260.4186096191406,265.12255859375,1.8063029295367368
QQQ,C2_Panic_Latch,2023-03-10,2023-03-17,5,282.7719116210937,299.2452392578125,5.8256591124201185
QQQ,C3_Reentry_Stop,2014-04-16,2014-05-15,21,78.47340393066406,79.34750366210938,1.113880229048853
QQQ,C3_Reentry_Stop,2015-06-30,2015-07-16,12,98.80793762207033,103.30215454101562,4.5484371267166726
QQQ,C3_Reentry_Stop,2016-01-05,2016-03-14,49,101.42930603027344,98.97966003417967,-2.4151264481318866
QQQ,C3_Reentry_Stop,2016-05-18,2016-05-27,7,98.51944732666016,102.49333953857422,4.033611961644343
QQQ,C3_Reentry_Stop,2018-11-15,2019-01-03,35,160.03329467773438,143.04710388183594,-10.614160528347696
QQQ,C3_Reentry_Stop,2019-01-04,2019-01-18,10,149.16729736328125,157.779541015625,5.773546752254643
QQQ,C3_Reentry_Stop,2019-03-08,2019-03-12,2,163.43190002441406,167.74757385253906,2.6406557272358144
QQQ,C3_Reentry_Stop,2020-03-30,2020-06-03,47,185.26345825195312,228.33786010742188,23.25034967062353
QQQ,C3_Reentry_Stop,2020-08-04,2020-08-18,10,261.29266357421875,268.6275634765625,2.80715876290201
QQQ,C3_Reentry_Stop,2020-09-07,2020-10-06,21,274.0489807128906,265.9119567871094,-2.969185984423004
QQQ,C3_Reentry_Stop,2022-02-04,2022-03-23,33,348.2743835449219,342.68560791015625,-1.6047047669369465
QQQ,C3_Reentry_Stop,2022-06-13,2022-06-27,10,268.2518005371094,285.396484375,6.391265148477118
QQQ,C3_Reentry_Stop,2022-08-23,2022-08-24,1,306.5242614746094,307.4123229980469,0.2897198150532243
QQQ,C3_Reentry_Stop,2022-09-05,2022-10-06,23,288.05084228515625,273.503173828125,-5.050382196983743
QQQ,C3_Reentry_Stop,2022-10-10,2022-10-24,10,260.45172119140625,272.22247314453125,4.519360401720925
QQQ,C3_Reentry_Stop,2022-11-03,2022-11-11,6,254.6641082763672,281.5196838378906,10.545489014250554
QQQ,C3_Reentry_Stop,2022-12-07,2022-12-13,4,274.2559509277344,282.1943359375,2.894516958670248
QQQ,C3_Reentry_Stop,2022-12-20,2023-01-16,19,264.1426086425781,275.3436889648437,4.240542780972605
QQQ,C3_Reentry_Stop,2023-03-10,2023-03-17,5,282.7719116210937,299.2452392578125,5.8256591124201185
QQQ,C4_A_plus_B,2014-04-16,2014-05-15,21,78.47340393066406,79.34750366210938,1.113880229048853
QQQ,C4_A_plus_B,2015-06-30,2015-07-14,10,98.80793762207033,101.75173950195312,2.979317199335262
QQQ,C4_A_plus_B,2016-01-05,2016-02-01,19,101.42930603027344,96.8826141357422,-4.482621514904373
QQQ,C4_A_plus_B,2016-02-08,2016-02-18,8,89.65422058105469,94.02465057373048,4.87476212982586
QQQ,C4_A_plus_B,2016-05-18,2016-05-27,7,98.51944732666016,102.49333953857422,4.033611961644343
QQQ,C4_A_plus_B,2018-11-15,2018-11-29,10,160.03329467773438,160.09039306640625,0.035679068400645234
QQQ,C4_A_plus_B,2019-01-04,2019-01-18,10,149.16729736328125,157.779541015625,5.773546752254643
QQQ,C4_A_plus_B,2019-03-08,2019-03-11,1,163.43190002441406,166.83099365234375,2.0798226217904325
QQQ,C4_A_plus_B,2020-03-30,2020-04-14,11,185.26345825195312,204.38406372070312,10.320764628471153
QQQ,C4_A_plus_B,2020-08-04,2020-08-05,1,261.29266357421875,261.9401550292969,0.24780315153938814
QQQ,C4_A_plus_B,2020-09-07,2020-09-08,1,274.0489807128906,260.8770751953125,-4.806405586079434
QQQ,C4_A_plus_B,2022-02-04,2022-03-18,30,348.2743835449219,341.93170166015625,-1.8211738170939924
QQQ,C4_A_plus_B,2022-06-13,2022-06-27,10,268.2518005371094,285.396484375,6.391265148477118
QQQ,C4_A_plus_B,2022-08-23,2022-08-24,1,306.5242614746094,307.4123229980469,0.2897198150532243
QQQ,C4_A_plus_B,2022-09-14,2022-10-06,16,288.8900756835937,273.503173828125,-5.326213376855898
QQQ,C4_A_plus_B,2022-10-10,2022-10-24,10,260.45172119140625,272.22247314453125,4.519360401720925
QQQ,C4_A_plus_B,2022-11-03,2022-11-11,6,254.6641082763672,281.5196838378906,10.545489014250554
QQQ,C4_A_plus_B,2022-12-07,2022-12-08,1,274.2559509277344,277.5016784667969,1.1834665858965225
QQQ,C4_A_plus_B,2023-01-04,2023-01-09,3,260.4186096191406,265.12255859375,1.8063029295367368
QQQ,C4_A_plus_B,2023-03-10,2023-03-17,5,282.7719116210937,299.2452392578125,5.8256591124201185
QQQ,C5_A_plus_C,2014-04-16,2014-05-15,21,78.47340393066406,79.34750366210938,1.113880229048853
QQQ,C5_A_plus_C,2015-06-30,2015-07-16,12,98.80793762207033,103.30215454101562,4.5484371267166726
QQQ,C5_A_plus_C,2016-01-05,2016-03-14,49,101.42930603027344,98.97966003417967,-2.4151264481318866
QQQ,C5_A_plus_C,2016-05-18,2016-05-27,7,98.51944732666016,102.49333953857422,4.033611961644343
QQQ,C5_A_plus_C,2018-11-15,2019-01-03,35,160.03329467773438,143.04710388183594,-10.614160528347696
QQQ,C5_A_plus_C,2019-01-04,2019-01-18,10,149.16729736328125,157.779541015625,5.773546752254643
QQQ,C5_A_plus_C,2019-03-08,2019-03-12,2,163.43190002441406,167.74757385253906,2.6406557272358144
QQQ,C5_A_plus_C,2020-03-30,2020-06-03,47,185.26345825195312,228.33786010742188,23.25034967062353
QQQ,C5_A_plus_C,2020-08-04,2020-08-18,10,261.29266357421875,268.6275634765625,2.80715876290201
QQQ,C5_A_plus_C,2020-09-07,2020-10-06,21,274.0489807128906,265.9119567871094,-2.969185984423004
QQQ,C5_A_plus_C,2022-02-04,2022-03-23,33,348.2743835449219,342.68560791015625,-1.6047047669369465
QQQ,C5_A_plus_C,2022-06-13,2022-06-27,10,268.2518005371094,285.396484375,6.391265148477118
QQQ,C5_A_plus_C,2022-08-23,2022-08-24,1,306.5242614746094,307.4123229980469,0.2897198150532243
QQQ,C5_A_plus_C,2022-09-05,2022-10-06,23,288.05084228515625,273.503173828125,-5.050382196983743
QQQ,C5_A_plus_C,2022-10-10,2022-10-24,10,260.45172119140625,272.22247314453125,4.519360401720925
QQQ,C5_A_plus_C,2022-11-03,2022-11-11,6,254.6641082763672,281.5196838378906,10.545489014250554
QQQ,C5_A_plus_C,2022-12-07,2022-12-13,4,274.2559509277344,282.1943359375,2.894516958670248
QQQ,C5_A_plus_C,2022-12-20,2023-01-16,19,264.1426086425781,275.3436889648437,4.240542780972605
QQQ,C5_A_plus_C,2023-03-10,2023-03-17,5,282.7719116210937,299.2452392578125,5.8256591124201185
QQQ,C6_B_plus_C,2014-04-16,2014-04-22,4,78.47340393066406,79.7026596069336,1.5664615203332484
QQQ,C6_B_plus_C,2015-06-30,2015-07-16,12,98.80793762207033,103.30215454101562,4.5484371267166726
QQQ,C6_B_plus_C,2016-01-05,2016-02-01,19,101.42930603027344,96.8826141357422,-4.482621514904373
QQQ,C6_B_plus_C,2016-02-08,2016-02-18,8,89.65422058105469,94.02465057373048,4.87476212982586
QQQ,C6_B_plus_C,2016-05-18,2016-05-27,7,98.51944732666016,102.49333953857422,4.033611961644343
QQQ,C6_B_plus_C,2018-11-15,2018-11-29,10,160.03329467773438,160.09039306640625,0.035679068400645234
QQQ,C6_B_plus_C,2019-01-04,2019-01-18,10,149.16729736328125,157.779541015625,5.773546752254643
QQQ,C6_B_plus_C,2019-03-08,2019-03-12,2,163.43190002441406,167.74757385253906,2.6406557272358144
QQQ,C6_B_plus_C,2020-03-30,2020-04-14,11,185.26345825195312,204.38406372070312,10.320764628471153
QQQ,C6_B_plus_C,2020-08-04,2020-08-18,10,261.29266357421875,268.6275634765625,2.80715876290201
QQQ,C6_B_plus_C,2020-09-07,2020-10-06,21,274.0489807128906,265.9119567871094,-2.969185984423004
QQQ,C6_B_plus_C,2022-02-04,2022-03-18,30,348.2743835449219,341.93170166015625,-1.8211738170939924
QQQ,C6_B_plus_C,2022-06-13,2022-06-27,10,268.2518005371094,285.396484375,6.391265148477118
QQQ,C6_B_plus_C,2022-08-23,2022-08-24,1,306.5242614746094,307.4123229980469,0.2897198150532243
QQQ,C6_B_plus_C,2022-09-05,2022-09-12,5,288.05084228515625,303.2452697753906,5.274911668264672
QQQ,C6_B_plus_C,2022-09-14,2022-10-06,16,288.8900756835937,273.503173828125,-5.326213376855898
QQQ,C6_B_plus_C,2022-10-10,2022-10-24,10,260.45172119140625,272.22247314453125,4.519360401720925
QQQ,C6_B_plus_C,2022-11-03,2022-11-11,6,254.6641082763672,281.5196838378906,10.545489014250554
QQQ,C6_B_plus_C,2022-12-07,2022-12-13,4,274.2559509277344,282.1943359375,2.894516958670248
QQQ,C6_B_plus_C,2022-12-20,2023-01-09,14,264.1426086425781,265.12255859375,0.3709927588766583
QQQ,C6_B_plus_C,2023-03-10,2023-03-17,5,282.7719116210937,299.2452392578125,5.8256591124201185
QQQ,C7_Full_Candidate,2014-04-16,2014-05-15,21,78.47340393066406,79.34750366210938,1.113880229048853
QQQ,C7_Full_Candidate,2015-06-30,2015-07-14,10,98.80793762207033,101.75173950195312,2.979317199335262
QQQ,C7_Full_Candidate,2016-01-05,2016-02-01,19,101.42930603027344,96.8826141357422,-4.482621514904373
QQQ,C7_Full_Candidate,2016-02-08,2016-02-18,8,89.65422058105469,94.02465057373048,4.87476212982586
QQQ,C7_Full_Candidate,2016-05-18,2016-05-27,7,98.51944732666016,102.49333953857422,4.033611961644343
QQQ,C7_Full_Candidate,2018-11-15,2018-11-29,10,160.03329467773438,160.09039306640625,0.035679068400645234
QQQ,C7_Full_Candidate,2019-01-04,2019-01-18,10,149.16729736328125,157.779541015625,5.773546752254643
QQQ,C7_Full_Candidate,2019-03-08,2019-03-12,2,163.43190002441406,167.74757385253906,2.6406557272358144
QQQ,C7_Full_Candidate,2020-03-30,2020-04-14,11,185.26345825195312,204.38406372070312,10.320764628471153
QQQ,C7_Full_Candidate,2020-08-04,2020-08-18,10,261.29266357421875,268.6275634765625,2.80715876290201
QQQ,C7_Full_Candidate,2020-09-07,2020-10-06,21,274.0489807128906,265.9119567871094,-2.969185984423004
QQQ,C7_Full_Candidate,2022-02-04,2022-03-18,30,348.2743835449219,341.93170166015625,-1.8211738170939924
QQQ,C7_Full_Candidate,2022-06-13,2022-06-27,10,268.2518005371094,285.396484375,6.391265148477118
QQQ,C7_Full_Candidate,2022-08-23,2022-08-24,1,306.5242614746094,307.4123229980469,0.2897198150532243
QQQ,C7_Full_Candidate,2022-09-05,2022-09-12,5,288.05084228515625,303.2452697753906,5.274911668264672
QQQ,C7_Full_Candidate,2022-09-14,2022-10-06,16,288.8900756835937,273.503173828125,-5.326213376855898
QQQ,C7_Full_Candidate,2022-10-10,2022-10-24,10,260.45172119140625,272.22247314453125,4.519360401720925
QQQ,C7_Full_Candidate,2022-11-03,2022-11-11,6,254.6641082763672,281.5196838378906,10.545489014250554
QQQ,C7_Full_Candidate,2022-12-07,2022-12-13,4,274.2559509277344,282.1943359375,2.894516958670248
QQQ,C7_Full_Candidate,2022-12-20,2023-01-09,14,264.1426086425781,265.12255859375,0.3709927588766583
QQQ,C7_Full_Candidate,2023-03-10,2023-03-17,5,282.7719116210937,299.2452392578125,5.8256591124201185
SPY,C0_Baseline,2014-04-16,2014-04-21,3,151.46469116210938,152.20523071289062,0.48891893226036853
SPY,C0_Baseline,2015-06-30,2015-07-16,12,171.62454223632812,177.00216674804688,3.1333656839787665
SPY,C0_Baseline,2015-09-11,2015-10-12,21,164.02926635742188,168.8879852294922,2.962104860899092
SPY,C0_Baseline,2016-01-05,2016-03-01,40,169.7581787109375,167.0182342529297,-1.6140279536536275
SPY,C0_Baseline,2018-11-15,2019-01-21,47,242.8201446533203,238.36973571777344,-1.8328005453998975
SPY,C0_Baseline,2020-03-30,2020-04-29,22,239.9014892578125,268.83819580078125,12.061912009171245
SPY,C0_Baseline,2020-05-14,2020-05-15,1,261.2831115722656,262.48419189453125,0.45968540218238735
SPY,C0_Baseline,2020-06-12,2020-06-15,1,278.92388916015625,281.5278015136719,0.933556591855951
SPY,C0_Baseline,2022-02-04,2022-03-23,33,422.19049072265625,418.8771362304688,-0.7848008339827908
SPY,C0_Baseline,2022-05-25,2022-06-27,23,375.0545349121094,368.3519592285156,-1.7870936249749485
SPY,C0_Baseline,2022-08-25,2022-08-26,1,397.6615905761719,384.2011413574219,-3.3849005128323193
SPY,C0_Baseline,2022-09-16,2022-10-14,20,366.9810485839844,340.3969421386719,-7.243999805409208
SPY,C0_Baseline,2022-12-07,2022-12-08,1,374.21484375,377.14642333984375,0.7833947901335088
SPY,C0_Baseline,2023-10-20,2023-11-08,13,407.2051696777344,422.73193359375,3.813007562822358
SPY,C1_Decoupled_Scores,2014-04-16,2014-04-21,3,151.46469116210938,152.20523071289062,0.48891893226036853
SPY,C1_Decoupled_Scores,2015-06-30,2015-07-16,12,171.62454223632812,177.00216674804688,3.1333656839787665
SPY,C1_Decoupled_Scores,2015-09-11,2015-10-12,21,164.02926635742188,168.8879852294922,2.962104860899092
SPY,C1_Decoupled_Scores,2016-01-05,2016-03-01,40,169.7581787109375,167.0182342529297,-1.6140279536536275
SPY,C1_Decoupled_Scores,2018-11-15,2019-01-21,47,242.8201446533203,238.36973571777344,-1.8328005453998975
SPY,C1_Decoupled_Scores,2020-03-30,2020-04-29,22,239.9014892578125,268.83819580078125,12.061912009171245
SPY,C1_Decoupled_Scores,2020-05-14,2020-05-15,1,261.2831115722656,262.48419189453125,0.45968540218238735
SPY,C1_Decoupled_Scores,2020-06-12,2020-06-15,1,278.92388916015625,281.5278015136719,0.933556591855951
SPY,C1_Decoupled_Scores,2022-02-04,2022-03-23,33,422.19049072265625,418.8771362304688,-0.7848008339827908
SPY,C1_Decoupled_Scores,2022-05-25,2022-06-27,23,375.0545349121094,368.3519592285156,-1.7870936249749485
SPY,C1_Decoupled_Scores,2022-08-25,2022-08-26,1,397.6615905761719,384.2011413574219,-3.3849005128323193
SPY,C1_Decoupled_Scores,2022-09-16,2022-10-14,20,366.9810485839844,340.3969421386719,-7.243999805409208
SPY,C1_Decoupled_Scores,2022-12-07,2022-12-08,1,374.21484375,377.14642333984375,0.7833947901335088
SPY,C1_Decoupled_Scores,2023-10-20,2023-11-08,13,407.2051696777344,422.73193359375,3.813007562822358
SPY,C2_Panic_Latch,2014-04-16,2014-04-21,3,151.46469116210938,152.20523071289062,0.48891893226036853
SPY,C2_Panic_Latch,2015-06-30,2015-07-16,12,171.62454223632812,177.00216674804688,3.1333656839787665
SPY,C2_Panic_Latch,2015-09-11,2015-10-12,21,164.02926635742188,168.8879852294922,2.962104860899092
SPY,C2_Panic_Latch,2016-01-05,2016-03-01,40,169.7581787109375,167.0182342529297,-1.6140279536536275
SPY,C2_Panic_Latch,2018-11-15,2018-11-29,10,242.8201446533203,243.674057006836,0.351664543621301
SPY,C2_Panic_Latch,2019-01-04,2019-01-21,11,225.78298950195312,238.36973571777344,5.57470969960358
SPY,C2_Panic_Latch,2020-03-30,2020-04-14,11,239.9014892578125,260.2012023925781,8.461687002263808
SPY,C2_Panic_Latch,2020-05-14,2020-05-15,1,261.2831115722656,262.48419189453125,0.45968540218238735
SPY,C2_Panic_Latch,2020-06-12,2020-06-15,1,278.92388916015625,281.5278015136719,0.933556591855951
SPY,C2_Panic_Latch,2022-02-04,2022-03-23,33,422.19049072265625,418.8771362304688,-0.7848008339827908
SPY,C2_Panic_Latch,2022-05-25,2022-06-27,23,375.0545349121094,368.3519592285156,-1.7870936249749485
SPY,C2_Panic_Latch,2022-08-25,2022-08-26,1,397.6615905761719,384.2011413574219,-3.3849005128323193
SPY,C2_Panic_Latch,2022-09-16,2022-10-06,14,366.9810485839844,355.2167358398437,-3.2057003459807802
SPY,C2_Panic_Latch,2022-10-10,2022-10-24,10,342.6717224121094,360.6133728027344,5.235812941999259
SPY,C2_Panic_Latch,2022-12-07,2022-12-08,1,374.21484375,377.14642333984375,0.7833947901335088
SPY,C2_Panic_Latch,2023-10-20,2023-11-03,10,407.2051696777344,420.25689697265625,3.2051968557400987
SPY,C3_Reentry_Stop,2014-04-16,2014-04-21,3,151.46469116210938,152.20523071289062,0.48891893226036853
SPY,C3_Reentry_Stop,2015-06-30,2015-07-16,12,171.62454223632812,177.00216674804688,3.1333656839787665
SPY,C3_Reentry_Stop,2015-09-11,2015-11-10,42,164.02926635742188,174.7880096435547,6.559038838038435
SPY,C3_Reentry_Stop,2016-01-05,2016-03-14,49,169.7581787109375,170.7192840576172,0.5661614385697715
SPY,C3_Reentry_Stop,2018-11-15,2019-01-21,47,242.8201446533203,238.36973571777344,-1.8328005453998975
SPY,C3_Reentry_Stop,2020-03-30,2020-06-03,47,239.9014892578125,286.2314758300781,19.31208793892757
SPY,C3_Reentry_Stop,2020-06-12,2020-06-16,2,278.92388916015625,286.94659423828125,2.8763061859927013
SPY,C3_Reentry_Stop,2022-02-04,2022-03-23,33,422.19049072265625,418.8771362304688,-0.7848008339827908
SPY,C3_Reentry_Stop,2022-05-25,2022-06-27,23,375.0545349121094,368.3519592285156,-1.7870936249749485
SPY,C3_Reentry_Stop,2022-08-25,2022-08-26,1,397.6615905761719,384.2011413574219,-3.3849005128323193
SPY,C3_Reentry_Stop,2022-09-16,2022-10-14,20,366.9810485839844,340.3969421386719,-7.243999805409208
SPY,C3_Reentry_Stop,2022-12-07,2022-12-13,4,374.21484375,382.6003723144531,2.240832693973841
SPY,C3_Reentry_Stop,2022-12-20,2023-01-13,18,363.86627197265625,381.0392761230469,4.719592188990009
SPY,C3_Reentry_Stop,2023-10-20,2023-11-08,13,407.2051696777344,422.73193359375,3.813007562822358
SPY,C4_A_plus_B,2014-04-16,2014-04-21,3,151.46469116210938,152.20523071289062,0.48891893226036853
SPY,C4_A_plus_B,2015-06-30,2015-07-16,12,171.62454223632812,177.00216674804688,3.1333656839787665
SPY,C4_A_plus_B,2015-09-11,2015-10-06,17,164.02926635742188,165.76193237304688,1.0563151650325
SPY,C4_A_plus_B,2016-01-05,2016-02-01,19,169.7581787109375,163.2581787109375,-3.8289760466081186
SPY,C4_A_plus_B,2018-11-15,2018-11-29,10,242.8201446533203,243.674057006836,0.351664543621301
SPY,C4_A_plus_B,2019-01-04,2019-01-21,11,225.78298950195312,238.36973571777344,5.57470969960358
SPY,C4_A_plus_B,2020-03-30,2020-04-14,11,239.9014892578125,260.2012023925781,8.461687002263808
SPY,C4_A_plus_B,2020-05-14,2020-05-15,1,261.2831115722656,262.48419189453125,0.45968540218238735
SPY,C4_A_plus_B,2020-06-12,2020-06-15,1,278.92388916015625,281.5278015136719,0.933556591855951
SPY,C4_A_plus_B,2022-02-04,2022-03-18,30,422.19049072265625,419.5566101074219,-0.6238607152723896
SPY,C4_A_plus_B,2022-05-25,2022-06-27,23,375.0545349121094,368.3519592285156,-1.7870936249749485
SPY,C4_A_plus_B,2022-08-25,2022-08-26,1,397.6615905761719,384.2011413574219,-3.3849005128323193
SPY,C4_A_plus_B,2022-09-16,2022-10-06,14,366.9810485839844,355.2167358398437,-3.2057003459807802
SPY,C4_A_plus_B,2022-10-10,2022-10-24,10,342.6717224121094,360.6133728027344,5.235812941999259
SPY,C4_A_plus_B,2022-12-07,2022-12-08,1,374.21484375,377.14642333984375,0.7833947901335088
SPY,C4_A_plus_B,2023-10-20,2023-11-03,10,407.2051696777344,420.25689697265625,3.2051968557400987
SPY,C5_A_plus_C,2014-04-16,2014-04-21,3,151.46469116210938,152.20523071289062,0.48891893226036853
SPY,C5_A_plus_C,2015-06-30,2015-07-16,12,171.62454223632812,177.00216674804688,3.1333656839787665
SPY,C5_A_plus_C,2015-09-11,2015-11-10,42,164.02926635742188,174.7880096435547,6.559038838038435
SPY,C5_A_plus_C,2016-01-05,2016-03-14,49,169.7581787109375,170.7192840576172,0.5661614385697715
SPY,C5_A_plus_C,2018-11-15,2019-01-21,47,242.8201446533203,238.36973571777344,-1.8328005453998975
SPY,C5_A_plus_C,2020-03-30,2020-06-03,47,239.9014892578125,286.2314758300781,19.31208793892757
SPY,C5_A_plus_C,2020-06-12,2020-06-16,2,278.92388916015625,286.94659423828125,2.8763061859927013
SPY,C5_A_plus_C,2022-02-04,2022-03-23,33,422.19049072265625,418.8771362304688,-0.7848008339827908
SPY,C5_A_plus_C,2022-05-25,2022-06-27,23,375.0545349121094,368.3519592285156,-1.7870936249749485
SPY,C5_A_plus_C,2022-08-25,2022-08-26,1,397.6615905761719,384.2011413574219,-3.3849005128323193
SPY,C5_A_plus_C,2022-09-16,2022-10-14,20,366.9810485839844,340.3969421386719,-7.243999805409208
SPY,C5_A_plus_C,2022-12-07,2022-12-13,4,374.21484375,382.6003723144531,2.240832693973841
SPY,C5_A_plus_C,2022-12-20,2023-01-13,18,363.86627197265625,381.0392761230469,4.719592188990009
SPY,C5_A_plus_C,2023-10-20,2023-11-08,13,407.2051696777344,422.73193359375,3.813007562822358
SPY,C6_B_plus_C,2014-04-16,2014-04-21,3,151.46469116210938,152.20523071289062,0.48891893226036853
SPY,C6_B_plus_C,2015-06-30,2015-07-16,12,171.62454223632812,177.00216674804688,3.1333656839787665
SPY,C6_B_plus_C,2015-09-11,2015-11-10,42,164.02926635742188,174.7880096435547,6.559038838038435
SPY,C6_B_plus_C,2016-01-05,2016-03-14,49,169.7581787109375,170.7192840576172,0.5661614385697715
SPY,C6_B_plus_C,2018-11-15,2018-11-29,10,242.8201446533203,243.674057006836,0.351664543621301
SPY,C6_B_plus_C,2019-01-04,2019-01-21,11,225.78298950195312,238.36973571777344,5.57470969960358
SPY,C6_B_plus_C,2020-03-30,2020-04-14,11,239.9014892578125,260.2012023925781,8.461687002263808
SPY,C6_B_plus_C,2020-05-14,2020-05-19,3,261.2831115722656,267.70123291015625,2.4563858334622988
SPY,C6_B_plus_C,2020-06-12,2020-06-16,2,278.92388916015625,286.94659423828125,2.8763061859927013
SPY,C6_B_plus_C,2022-02-04,2022-03-23,33,422.19049072265625,418.8771362304688,-0.7848008339827908
SPY,C6_B_plus_C,2022-05-25,2022-06-27,23,375.0545349121094,368.3519592285156,-1.7870936249749485
SPY,C6_B_plus_C,2022-08-25,2022-08-26,1,397.6615905761719,384.2011413574219,-3.3849005128323193
SPY,C6_B_plus_C,2022-09-16,2022-10-06,14,366.9810485839844,355.2167358398437,-3.2057003459807802
SPY,C6_B_plus_C,2022-10-10,2022-10-24,10,342.6717224121094,360.6133728027344,5.235812941999259
SPY,C6_B_plus_C,2022-12-07,2022-12-13,4,374.21484375,382.6003723144531,2.240832693973841
SPY,C6_B_plus_C,2022-12-20,2023-01-02,9,363.86627197265625,365.6734313964844,0.4966548325655006
SPY,C6_B_plus_C,2023-10-20,2023-11-03,10,407.2051696777344,420.25689697265625,3.2051968557400987
SPY,C7_Full_Candidate,2014-04-16,2014-04-21,3,151.46469116210938,152.20523071289062,0.48891893226036853
SPY,C7_Full_Candidate,2015-06-30,2015-07-16,12,171.62454223632812,177.00216674804688,3.1333656839787665
SPY,C7_Full_Candidate,2015-09-11,2015-10-06,17,164.02926635742188,165.76193237304688,1.0563151650325
SPY,C7_Full_Candidate,2016-01-05,2016-02-01,19,169.7581787109375,163.2581787109375,-3.8289760466081186
SPY,C7_Full_Candidate,2016-02-12,2016-02-17,3,157.3399658203125,162.60910034179688,3.3488850045270144
SPY,C7_Full_Candidate,2018-11-15,2018-11-29,10,242.8201446533203,243.674057006836,0.351664543621301
SPY,C7_Full_Candidate,2019-01-04,2019-01-21,11,225.78298950195312,238.36973571777344,5.57470969960358
SPY,C7_Full_Candidate,2020-03-30,2020-04-14,11,239.9014892578125,260.2012023925781,8.461687002263808
SPY,C7_Full_Candidate,2020-05-14,2020-05-19,3,261.2831115722656,267.70123291015625,2.4563858334622988
SPY,C7_Full_Candidate,2020-06-12,2020-06-16,2,278.92388916015625,286.94659423828125,2.8763061859927013
SPY,C7_Full_Candidate,2022-02-04,2022-03-18,30,422.19049072265625,419.5566101074219,-0.6238607152723896
SPY,C7_Full_Candidate,2022-05-25,2022-06-27,23,375.0545349121094,368.3519592285156,-1.7870936249749485
SPY,C7_Full_Candidate,2022-08-25,2022-08-26,1,397.6615905761719,384.2011413574219,-3.3849005128323193
SPY,C7_Full_Candidate,2022-09-16,2022-10-06,14,366.9810485839844,355.2167358398437,-3.2057003459807802
SPY,C7_Full_Candidate,2022-10-10,2022-10-24,10,342.6717224121094,360.6133728027344,5.235812941999259
SPY,C7_Full_Candidate,2022-12-07,2022-12-13,4,374.21484375,382.6003723144531,2.240832693973841
SPY,C7_Full_Candidate,2022-12-20,2023-01-02,9,363.86627197265625,365.6734313964844,0.4966548325655006
SPY,C7_Full_Candidate,2023-10-20,2023-11-03,10,407.2051696777344,420.25689697265625,3.2051968557400987
