asset,group,horizon_rows,n,drop_5_pct_rate,drop_10_pct_rate,drop_20_pct_rate,median_endpoint_return_pct
NOW,all_ready_days,20,3101,44.69525959367946,20.477265398258627,3.708481135117704,2.3376931935732204
NOW,simple_dist_ge10_days,20,1528,40.05235602094241,12.630890052356019,2.74869109947644,2.2066233604840946
NOW,dashboard_score_ge70_days,20,280,47.14285714285714,10.0,0.7142857142857143,0.6556968272973807
NOW,dashboard_score_ge70_onsets,20,99,45.45454545454545,11.11111111111111,1.0101010101010102,1.9674265874131347
NOW,overheat_state_days,20,765,40.3921568627451,9.934640522875817,2.3529411764705883,1.7061290880287405
NOW,overheat_state_onsets,20,71,43.66197183098591,15.492957746478872,2.8169014084507045,1.2771576662264028
NOW,bubble_top_trigger,20,30,36.666666666666664,13.333333333333334,3.3333333333333335,3.4073652225960815
NOW,bear_top_trigger,20,24,58.333333333333336,20.833333333333336,0.0,8.201457632175147
NOW,all_ready_days,60,3061,59.32701731460307,37.471414570401826,14.537732767069587,7.178520787282405
NOW,simple_dist_ge10_days,60,1528,56.609947643979055,30.759162303664922,12.107329842931938,6.136988391267762
NOW,dashboard_score_ge70_days,60,280,57.14285714285714,20.0,8.928571428571429,6.443202476551413
NOW,dashboard_score_ge70_onsets,60,99,55.55555555555556,21.21212121212121,9.090909090909092,8.580626383786605
NOW,overheat_state_days,60,765,53.59477124183007,24.57516339869281,10.588235294117647,6.280570310529532
NOW,overheat_state_onsets,60,71,60.56338028169014,35.2112676056338,18.30985915492958,7.151940542729407
NOW,bubble_top_trigger,60,30,50.0,26.666666666666668,10.0,7.364372843653799
NOW,bear_top_trigger,60,23,65.21739130434783,34.78260869565217,21.73913043478261,13.489811217709736
QQQ,all_ready_days,20,3225,21.984496124031008,6.108527131782946,0.37209302325581395,1.937511604418929
QQQ,simple_dist_ge10_days,20,1180,21.610169491525426,3.305084745762712,0.6779661016949152,1.1378767119766597
QQQ,dashboard_score_ge70_days,20,228,26.31578947368421,7.456140350877193,2.1929824561403506,2.64519352009418
QQQ,dashboard_score_ge70_onsets,20,63,22.22222222222222,3.1746031746031744,0.0,2.497141007635606
QQQ,overheat_state_days,20,231,28.57142857142857,7.35930735930736,2.1645021645021645,1.8511887157554474
QQQ,overheat_state_onsets,20,59,27.11864406779661,3.389830508474576,0.0,2.2294397931490684
QQQ,bubble_top_trigger,20,2,50.0,0.0,0.0,3.0986302071579264
QQQ,bear_top_trigger,20,18,33.33333333333333,5.555555555555555,0.0,2.860761850481186
QQQ,all_ready_days,60,3185,37.86499215070644,17.29984301412873,3.453689167974882,5.055188483377826
QQQ,simple_dist_ge10_days,60,1156,41.86851211072664,12.889273356401384,4.58477508650519,3.354427279769978
QQQ,dashboard_score_ge70_days,60,226,38.93805309734513,15.04424778761062,4.867256637168142,4.20749231221158
QQQ,dashboard_score_ge70_onsets,60,62,37.096774193548384,16.129032258064516,4.838709677419355,5.291831292799653
QQQ,overheat_state_days,60,229,41.48471615720524,14.41048034934498,4.8034934497816595,3.374146687807622
QQQ,overheat_state_onsets,60,58,39.6551724137931,15.517241379310345,5.172413793103448,5.291831292799653
QQQ,bubble_top_trigger,60,2,50.0,0.0,0.0,4.778995566932176
QQQ,bear_top_trigger,60,18,50.0,33.33333333333333,0.0,3.4091439764437403
SPY,all_ready_days,20,3225,13.674418604651162,3.0387596899224807,0.5581395348837209,1.5788340528869682
SPY,simple_dist_ge10_days,20,599,11.352253756260435,2.337228714524207,1.1686143572621035,1.273113534005077
SPY,dashboard_score_ge70_days,20,149,24.161073825503358,3.3557046979865772,2.013422818791946,0.9601607815415969
SPY,dashboard_score_ge70_onsets,20,51,19.607843137254903,3.9215686274509802,0.0,1.1044108679449938
SPY,overheat_state_days,20,122,22.131147540983605,4.098360655737705,2.459016393442623,0.79898906625534
SPY,overheat_state_onsets,20,44,11.363636363636363,4.545454545454546,0.0,1.1031724446686653
SPY,bear_top_trigger,20,16,31.25,0.0,0.0,1.9689062012292369
SPY,all_ready_days,60,3185,28.540031397174253,11.679748822605966,1.8838304552590266,3.942046402252064
SPY,simple_dist_ge10_days,60,594,23.400673400673398,4.545454545454546,4.377104377104377,3.853194202689436
SPY,dashboard_score_ge70_days,60,145,32.41379310344827,4.137931034482759,3.4482758620689653,4.370525796342584
SPY,dashboard_score_ge70_onsets,60,49,26.53061224489796,6.122448979591836,4.081632653061225,3.969118162884344
SPY,overheat_state_days,60,119,31.932773109243694,4.201680672268908,4.201680672268908,3.326822909578553
SPY,overheat_state_onsets,60,42,19.047619047619047,4.761904761904762,4.761904761904762,3.963507944040179
SPY,bear_top_trigger,60,16,43.75,12.5,0.0,5.713444121725953
