Asset,Config,entry_dt,entry_vwap,holding_trading_days_to_end,total_buy_shares,total_buy_cost,latest_market_val,unrealized_pnl,unrealized_pnl_pct,num_dca_additions,eval_price,valuation_quality,executor_cash,executor_equity
NOW,C0_Baseline,2026-07-29,115.7849,32,6967.642,807150.99,991843.88,184692.89,22.8821,2,142.35,good,-0.0,991843.88
NOW,C1_Decoupled_Scores,2026-07-29,115.7834,32,7398.494,857051.36,1053175.67,196124.31,22.8836,2,142.35,good,-0.0,1053175.67
NOW,C2_Panic_Latch,2026-07-29,115.7828,32,7603.4932,880793.94,1082357.31,201563.37,22.8843,2,142.35,good,-0.0,1082357.31
NOW,C3_Reentry_Stop,2026-07-29,115.7997,32,4363.0068,505487.66,621074.04,115586.39,22.8663,2,142.35,good,-0.0,621074.04
NOW,C4_A_plus_B,2026-07-29,115.7843,32,7122.524,825089.09,1013891.33,188802.24,22.8826,2,142.35,good,-0.0,1013891.33
NOW,C5_A_plus_C,2026-07-29,115.8011,32,4217.9254,488684.63,600421.7,111737.07,22.8649,2,142.35,good,-0.0,600421.7
NOW,C6_B_plus_C,2026-07-29,115.7852,32,6881.997,797231.76,979652.31,182420.54,22.8817,2,142.35,good,-0.0,979652.31
NOW,C7_Full_Candidate,2026-07-29,115.7879,32,6220.8407,720658.04,885536.71,164878.66,22.8789,2,142.35,good,-0.0,885536.71
QQQ,C0_Baseline,2023-03-17,309.7337,917,1483.2885,459654.13,1108698.83,649044.7,141.2028,42,747.46,good,-0.0,1108698.83
QQQ,C1_Decoupled_Scores,2023-03-17,309.7337,917,1483.2885,459654.13,1108698.83,649044.7,141.2028,42,747.46,good,-0.0,1108698.83
QQQ,C2_Panic_Latch,2023-03-17,310.4951,917,1382.8941,429596.57,1033658.05,604061.48,140.6113,42,747.46,good,-0.0,1033658.05
QQQ,C3_Reentry_Stop,2023-03-17,311.2861,917,1292.0498,402398.25,965755.55,563357.3,139.9999,42,747.46,good,-0.0,965755.55
QQQ,C4_A_plus_B,2023-03-17,310.3547,917,1400.3782,434831.22,1046726.71,611895.49,140.7202,42,747.46,good,-0.0,1046726.71
QQQ,C5_A_plus_C,2023-03-17,311.2861,917,1292.0498,402398.25,965755.55,563357.3,139.9999,42,747.46,good,-0.0,965755.55
QQQ,C6_B_plus_C,2023-03-17,311.6011,917,1259.1154,392537.86,941138.42,548600.56,139.7574,42,747.46,good,-0.0,941138.42
QQQ,C7_Full_Candidate,2023-03-17,311.4485,917,1274.8602,397251.78,952907.04,555655.26,139.8748,42,747.46,good,-0.0,952907.04
SPY,C0_Baseline,2023-11-08,431.1827,749,1132.4988,488558.02,875851.96,387293.94,79.2729,34,773.38,good,-0.0,875851.96
SPY,C1_Decoupled_Scores,2023-11-08,431.1827,749,1132.4988,488558.02,875851.96,387293.94,79.2729,34,773.38,good,-0.0,875851.96
SPY,C2_Panic_Latch,2023-11-03,429.873,752,1010.1134,434437.59,781201.48,346763.89,79.819,34,773.38,good,-0.0,781201.48
SPY,C3_Reentry_Stop,2023-11-08,432.6092,749,968.9314,419378.29,749352.21,329973.92,78.6817,34,773.38,good,-0.0,749352.21
SPY,C4_A_plus_B,2023-11-03,429.6368,752,1035.5565,445135.61,800878.73,355743.12,79.9179,34,773.38,good,-0.0,800878.73
SPY,C5_A_plus_C,2023-11-08,432.6092,749,968.9314,419378.29,749352.21,329973.92,78.6817,34,773.38,good,-0.0,749352.21
SPY,C6_B_plus_C,2023-11-03,430.7322,752,927.264,399602.16,717127.44,317525.28,79.4603,34,773.38,good,-0.0,717127.44
SPY,C7_Full_Candidate,2023-11-03,430.345,752,962.8572,414567.92,744654.49,330086.57,79.6218,34,773.38,good,-0.0,744654.49
