Asset,Config,entry_dt,entry_price,entry_vwap,exit_dt,exit_price,exit_reason,duration_trading_days,total_buy_cost,net_sell_proceeds,realized_pnl,wave_return_pct,is_short_term,num_dca_additions
NOW,C0_Baseline,2014-04-22,11.04599952697754,11.0563,2014-10-01,11.460000038146973,BEAR,113,106000.0,109760.49,3760.49,3.5476,False,5
NOW,C0_Baseline,2014-10-22,11.61400032043457,11.6676,2015-03-02,15.288000106811523,BUBBLE,88,114760.49,150220.17,35459.69,30.8989,False,4
NOW,C0_Baseline,2015-03-03,15.09000015258789,15.09,2015-03-31,15.755999565124512,BUBBLE,20,151220.17,157736.48,6516.31,4.3092,False,0
NOW,C0_Baseline,2015-04-01,15.130000114440918,15.0667,2016-05-06,13.456000328063965,BEAR,277,171736.48,153223.41,-18513.07,-10.7799,False,13
NOW,C0_Baseline,2016-05-09,13.486000061035156,13.4979,2016-08-18,14.61400032043457,BEAR,71,156223.41,168972.01,12748.6,8.1605,False,3
NOW,C0_Baseline,2016-08-19,14.73799991607666,14.7409,2016-09-14,14.51200008392334,BEAR,17,169972.01,167165.39,-2806.62,-1.6512,False,1
NOW,C0_Baseline,2016-09-20,15.055999755859377,15.261,2017-10-24,25.17799949645996,BUBBLE,276,180165.39,296943.82,116778.43,64.8174,False,13
NOW,C0_Baseline,2017-10-25,24.92399978637696,24.9349,2018-02-06,29.804000854492188,BUBBLE,70,300943.82,359350.81,58406.98,19.4079,False,4
NOW,C0_Baseline,2018-02-07,30.63400077819824,30.6409,2018-03-19,33.96200180053711,BUBBLE,27,360350.81,399009.41,38658.6,10.728,False,1
NOW,C0_Baseline,2018-03-20,34.422000885009766,34.4165,2018-04-16,33.88999938964844,BUBBLE,18,400009.41,393496.39,-6513.02,-1.6282,False,1
NOW,C0_Baseline,2018-04-17,34.90800094604492,34.9032,2018-05-18,34.78799819946289,BUBBLE,23,394496.39,392801.67,-1694.72,-0.4296,False,1
NOW,C0_Baseline,2018-05-21,34.290000915527344,34.2957,2018-06-14,37.06800079345703,BUBBLE,17,393801.67,425209.05,31407.38,7.9754,False,1
NOW,C0_Baseline,2018-06-15,37.27000045776367,37.2658,2018-09-14,40.59400177001953,BUBBLE,63,428209.05,465985.57,37776.52,8.822,False,3
NOW,C0_Baseline,2018-09-17,38.56399917602539,38.5576,2018-11-14,33.47600173950195,BEAR,42,467985.57,405902.92,-62082.65,-13.2659,False,2
NOW,C0_Baseline,2018-12-06,37.52000045776367,37.51,2019-01-04,35.84600067138672,BEAR,19,407902.92,389418.62,-18484.29,-4.5315,False,1
NOW,C0_Baseline,2019-01-09,38.09400177001953,38.109,2019-02-21,46.00199890136719,BUBBLE,29,390418.62,470809.27,80390.65,20.5909,False,1
NOW,C0_Baseline,2019-02-22,47.0,47.0008,2019-03-26,49.0,BUBBLE,22,471809.27,491385.96,19576.69,4.1493,False,1
NOW,C0_Baseline,2019-03-27,48.27399826049805,48.2841,2019-05-14,54.41400146484375,BUBBLE,33,493385.96,555468.02,62082.06,12.5829,False,2
NOW,C0_Baseline,2019-05-15,54.79199981689453,54.7857,2019-06-12,53.57600021362305,BUBBLE,19,556468.02,543636.71,-12831.31,-2.3058,False,1
NOW,C0_Baseline,2019-06-13,54.757999420166016,54.7631,2019-07-19,57.948001861572266,BUBBLE,25,544636.71,575735.95,31099.24,5.7101,False,1
NOW,C0_Baseline,2019-07-22,58.762001037597656,58.7245,2020-03-30,57.27799987792969,BEAR,174,583735.95,568788.71,-14947.24,-2.5606,False,8
NOW,C0_Baseline,2020-05-04,70.9280014038086,70.928,2020-05-22,77.59200286865234,BUBBLE,14,570788.71,623792.74,53004.04,9.2861,False,0
NOW,C0_Baseline,2020-05-26,76.13400268554688,76.1378,2020-06-17,80.12999725341797,BUBBLE,16,624792.74,656895.84,32103.09,5.1382,False,1
NOW,C0_Baseline,2020-06-18,80.20600128173828,80.2099,2020-07-14,82.64600372314453,BUBBLE,17,657895.84,677199.81,19303.98,2.9342,False,1
NOW,C0_Baseline,2020-07-15,84.71199798583984,84.712,2020-08-04,87.62999725341797,BUBBLE,14,677199.81,699826.54,22626.73,3.3412,False,0
NOW,C0_Baseline,2020-08-05,87.14800262451172,87.1639,2020-09-08,88.62799835205078,BUBBLE,23,701826.54,712901.94,11075.4,1.5781,False,1
NOW,C0_Baseline,2020-09-09,91.63999938964844,91.6491,2020-10-22,101.19200134277344,BUBBLE,31,713901.94,787448.68,73546.74,10.3021,False,1
NOW,C0_Baseline,2020-10-23,102.802001953125,102.7928,2020-11-19,102.86599731445312,BUBBLE,19,788448.68,788221.67,-227.01,-0.0288,False,1
NOW,C0_Baseline,2020-11-20,103.61199951171876,103.6141,2020-12-29,109.1959991455078,BUBBLE,25,789221.67,830907.22,41685.56,5.2819,False,1
NOW,C0_Baseline,2020-12-30,109.47599792480467,109.4803,2021-02-18,115.16000366210938,BUBBLE,33,832907.22,875241.52,42334.29,5.0827,False,2
NOW,C0_Baseline,2021-02-19,114.14600372314452,114.1225,2021-11-03,137.53399658203125,BUBBLE,179,884241.52,1064572.62,180331.1,20.3939,False,9
NOW,C0_Baseline,2021-11-04,140.3459930419922,140.2809,2022-02-22,110.02999877929688,BEAR,74,1067572.62,836518.58,-231054.05,-21.6429,False,3
NOW,C0_Baseline,2022-03-18,115.97599792480467,115.9748,2022-04-06,105.58999633789062,BEAR,13,838518.58,762671.66,-75846.91,-9.0453,False,1
NOW,C0_Baseline,2022-05-24,83.93000030517578,83.93,2022-05-25,90.45800018310548,BEAR,1,763671.66,822246.7,58575.04,7.6702,True,0
NOW,C0_Baseline,2022-06-07,101.28600311279295,101.2491,2022-09-20,82.23999786376953,BEAR,72,826246.7,670451.45,-155795.25,-18.8558,False,3
NOW,C0_Baseline,2022-10-05,84.11599731445312,84.116,2022-10-13,72.37999725341797,BEAR,6,671451.45,577191.98,-94259.47,-14.0382,False,0
NOW,C0_Baseline,2022-10-26,73.28199768066406,73.3047,2022-12-08,79.24600219726562,BEAR,30,579191.98,625509.26,46317.28,7.9969,False,2
NOW,C0_Baseline,2022-12-13,83.23400115966797,83.2265,2023-01-06,73.30599975585938,BEAR,16,626509.26,551278.72,-75230.54,-12.0079,False,1
NOW,C0_Baseline,2023-01-18,83.23999786376953,83.2698,2023-03-23,88.09400177001953,BEAR,45,553278.72,584747.35,31468.63,5.6877,False,2
NOW,C0_Baseline,2023-04-05,93.46600341796876,93.466,2023-04-26,90.80599975585938,BEAR,14,585747.35,568508.43,-17238.92,-2.9431,False,0
NOW,C0_Baseline,2023-05-01,90.08200073242188,90.1102,2023-06-12,109.2699966430664,BUBBLE,29,570508.43,691122.27,120613.84,21.1415,False,1
NOW,C0_Baseline,2023-06-13,110.94400024414062,110.9471,2023-07-10,113.12000274658205,BUBBLE,17,692122.27,704972.0,12849.73,1.8566,False,1
NOW,C0_Baseline,2023-07-11,112.28800201416016,112.3311,2023-12-15,139.6479949951172,BUBBLE,111,709972.0,881742.13,171770.12,24.1939,False,5
NOW,C0_Baseline,2023-12-18,140.74400329589844,140.7531,2024-02-13,154.7519989013672,BUBBLE,38,883742.13,970665.32,86923.2,9.8358,False,2
NOW,C0_Baseline,2024-02-14,158.39999389648438,158.3967,2024-03-15,148.78199768066406,BUBBLE,21,971665.32,911773.15,-59892.18,-6.1639,False,1
NOW,C0_Baseline,2024-03-25,154.92799377441406,154.9509,2024-11-29,209.88800048828125,BUBBLE,173,919773.15,1244628.99,324855.84,35.3191,False,8
NOW,C0_Baseline,2024-12-02,209.68600463867188,209.6116,2025-04-17,154.4320068359375,BEAR,93,1249628.99,919748.0,-329880.99,-26.3983,False,4
NOW,C0_Baseline,2025-04-29,188.572006225586,188.5968,2025-09-26,187.1999969482422,BEAR,104,924748.0,916981.4,-7766.61,-0.8399,False,5
NOW,C0_Baseline,2025-10-01,182.48599243164065,182.4804,2025-11-05,175.92599487304688,BEAR,25,918981.4,885087.37,-33894.03,-3.6882,False,1
NOW,C0_Baseline,2026-02-19,107.37000274658205,107.37,2026-02-20,104.2699966430664,BEAR,1,888087.37,861584.34,-26503.03,-2.9843,True,0
NOW,C0_Baseline,2026-04-21,100.13999938964844,100.14,2026-04-24,90.16999816894533,BEAR,3,863584.34,776828.12,-86756.22,-10.0461,True,0
NOW,C0_Baseline,2026-04-27,90.4499969482422,90.4858,2026-06-12,102.1500015258789,BEAR,33,778828.12,878345.53,99517.41,12.7778,False,2
NOW,C0_Baseline,2026-06-15,104.1500015258789,104.1524,2026-07-22,95.45999908447266,BEAR,25,879345.53,805150.99,-74194.54,-8.4375,False,1
NOW,C1_Decoupled_Scores,2014-05-22,10.088000297546388,10.1367,2014-10-01,11.460000038146973,BEAR,91,106000.0,119717.82,13717.82,12.9413,False,4
NOW,C1_Decoupled_Scores,2014-10-22,11.61400032043457,11.6633,2015-03-02,15.288000106811523,BUBBLE,88,124717.82,163314.33,38596.51,30.9471,False,4
NOW,C1_Decoupled_Scores,2015-03-03,15.09000015258789,15.09,2015-03-31,15.755999565124512,BUBBLE,20,164314.33,171394.89,7080.56,4.3092,False,0
NOW,C1_Decoupled_Scores,2015-04-01,15.130000114440918,15.0714,2016-05-06,13.456000328063965,BEAR,277,185394.89,165358.5,-20036.39,-10.8074,False,13
NOW,C1_Decoupled_Scores,2016-05-09,13.486000061035156,13.497,2016-08-18,14.61400032043457,BEAR,71,168358.5,182108.95,13750.46,8.1674,False,3
NOW,C1_Decoupled_Scores,2016-08-19,14.73799991607666,14.7407,2016-09-14,14.51200008392334,BEAR,17,183108.95,180087.96,-3021.0,-1.6498,False,1
NOW,C1_Decoupled_Scores,2016-09-20,15.055999755859377,15.2471,2017-10-24,25.17799949645996,BUBBLE,276,193087.96,318532.51,125444.55,64.9676,False,13
NOW,C1_Decoupled_Scores,2017-10-25,24.92399978637696,24.9341,2018-02-06,29.804000854492188,BUBBLE,70,322532.51,385140.65,62608.14,19.4114,False,4
NOW,C1_Decoupled_Scores,2018-02-07,30.63400077819824,30.6404,2018-03-19,33.96200180053711,BUBBLE,27,386140.65,427572.42,41431.77,10.7297,False,1
NOW,C1_Decoupled_Scores,2018-03-20,34.422000885009766,34.4169,2018-04-16,33.88999938964844,BUBBLE,18,428572.42,421589.84,-6982.58,-1.6293,False,1
NOW,C1_Decoupled_Scores,2018-04-17,34.90800094604492,34.9035,2018-05-18,34.78799819946289,BUBBLE,23,422589.84,420770.57,-1819.28,-0.4305,False,1
NOW,C1_Decoupled_Scores,2018-05-21,34.290000915527344,34.2953,2018-06-14,37.06800079345703,BUBBLE,17,421770.57,455413.62,33643.06,7.9766,False,1
NOW,C1_Decoupled_Scores,2018-06-15,37.27000045776367,37.2661,2018-09-14,40.59400177001953,BUBBLE,63,458413.62,498851.12,40437.49,8.8212,False,3
NOW,C1_Decoupled_Scores,2018-09-17,38.56399917602539,38.558,2018-11-14,33.47600173950195,BEAR,42,500851.12,434403.78,-66447.33,-13.2669,False,2
NOW,C1_Decoupled_Scores,2018-12-06,37.52000045776367,37.5106,2019-01-04,35.84600067138672,BEAR,19,436403.78,416620.67,-19783.11,-4.5332,False,1
NOW,C1_Decoupled_Scores,2019-01-09,38.09400177001953,38.1081,2019-02-21,46.00199890136719,BUBBLE,29,417620.67,503625.4,86004.73,20.594,False,1
NOW,C1_Decoupled_Scores,2019-02-22,47.0,47.0008,2019-03-26,49.0,BUBBLE,22,504625.4,525564.33,20938.93,4.1494,False,1
NOW,C1_Decoupled_Scores,2019-03-27,48.27399826049805,48.2834,2019-05-14,54.41400146484375,BUBBLE,33,527564.33,593955.06,66390.73,12.5844,False,2
NOW,C1_Decoupled_Scores,2019-05-15,54.79199981689453,54.7861,2019-06-12,53.57600021362305,BUBBLE,19,594955.06,581231.99,-13723.07,-2.3066,False,1
NOW,C1_Decoupled_Scores,2019-06-13,54.757999420166016,54.7627,2019-07-19,57.948001861572266,BUBBLE,25,582231.99,615481.63,33249.64,5.7107,False,1
NOW,C1_Decoupled_Scores,2019-07-22,58.762001037597656,58.7269,2020-03-30,57.27799987792969,BEAR,174,623481.63,607491.91,-15989.72,-2.5646,False,8
NOW,C1_Decoupled_Scores,2020-05-04,70.9280014038086,70.928,2020-05-22,77.59200286865234,BUBBLE,14,609491.91,666089.96,56598.05,9.2861,False,0
NOW,C1_Decoupled_Scores,2020-05-26,76.13400268554688,76.1376,2020-06-17,80.12999725341797,BUBBLE,16,667089.96,701368.59,34278.62,5.1385,False,1
NOW,C1_Decoupled_Scores,2020-06-18,80.20600128173828,80.2096,2020-07-14,82.64600372314453,BUBBLE,17,702368.59,722979.7,20611.11,2.9345,False,1
NOW,C1_Decoupled_Scores,2020-07-15,84.71199798583984,84.712,2020-08-04,87.62999725341797,BUBBLE,14,722979.7,747136.03,24156.33,3.3412,False,0
NOW,C1_Decoupled_Scores,2020-08-05,87.14800262451172,87.1629,2020-09-08,88.62799835205078,BUBBLE,23,749136.03,760966.78,11830.74,1.5793,False,1
NOW,C1_Decoupled_Scores,2020-09-09,91.63999938964844,91.6485,2020-10-22,101.19200134277344,BUBBLE,31,761966.78,840470.46,78503.68,10.3028,False,1
NOW,C1_Decoupled_Scores,2020-10-23,102.802001953125,102.7934,2020-11-19,102.86599731445312,BUBBLE,19,841470.46,841223.42,-247.03,-0.0294,False,1
NOW,C1_Decoupled_Scores,2020-11-20,103.61199951171876,103.614,2020-12-29,109.1959991455078,BUBBLE,25,842223.42,886709.59,44486.17,5.282,False,1
NOW,C1_Decoupled_Scores,2020-12-30,109.47599792480467,109.4801,2021-02-18,115.16000366210938,BUBBLE,33,888709.59,933882.48,45172.89,5.083,False,2
NOW,C1_Decoupled_Scores,2021-02-19,114.14600372314452,114.124,2021-11-03,137.53399658203125,BUBBLE,179,942882.48,1135158.23,192275.75,20.3923,False,9
NOW,C1_Decoupled_Scores,2021-11-04,140.3459930419922,140.285,2022-02-22,110.02999877929688,BEAR,74,1138158.23,891801.75,-246356.48,-21.6452,False,3
NOW,C1_Decoupled_Scores,2022-03-18,115.97599792480467,115.9749,2022-04-06,105.58999633789062,BEAR,13,893801.75,812953.75,-80848.0,-9.0454,False,1
NOW,C1_Decoupled_Scores,2022-05-24,83.93000030517578,83.93,2022-05-25,90.45800018310548,BEAR,1,813953.75,876385.52,62431.77,7.6702,True,0
NOW,C1_Decoupled_Scores,2022-06-07,101.28600311279295,101.2514,2022-09-20,82.23999786376953,BEAR,72,880385.52,714365.97,-166019.55,-18.8576,False,3
NOW,C1_Decoupled_Scores,2022-10-05,84.11599731445312,84.116,2022-10-13,72.37999725341797,BEAR,6,715365.97,614941.7,-100424.27,-14.0382,False,0
NOW,C1_Decoupled_Scores,2022-10-26,73.28199768066406,73.3033,2022-12-08,79.24600219726562,BEAR,30,616941.7,666290.42,49348.72,7.9989,False,2
NOW,C1_Decoupled_Scores,2022-12-13,83.23400115966797,83.2269,2023-01-06,73.30599975585938,BEAR,16,667290.42,587159.68,-80130.74,-12.0084,False,1
NOW,C1_Decoupled_Scores,2023-01-18,83.23999786376953,83.268,2023-03-23,88.09400177001953,BEAR,45,589159.68,622682.7,33523.01,5.69,False,2
NOW,C1_Decoupled_Scores,2023-04-05,93.46600341796876,93.466,2023-04-26,90.80599975585938,BEAR,14,623682.7,605327.32,-18355.38,-2.9431,False,0
NOW,C1_Decoupled_Scores,2023-05-01,90.08200073242188,90.1085,2023-06-12,109.2699966430664,BUBBLE,29,607327.32,735739.15,128411.84,21.1438,False,1
NOW,C1_Decoupled_Scores,2023-06-13,110.94400024414062,110.9469,2023-07-10,113.12000274658205,BUBBLE,17,736739.15,750418.51,13679.36,1.8567,False,1
NOW,C1_Decoupled_Scores,2023-07-11,112.28800201416016,112.3285,2023-12-15,139.6479949951172,BUBBLE,111,755418.51,938205.6,182787.09,24.1968,False,5
NOW,C1_Decoupled_Scores,2023-12-18,140.74400329589844,140.7526,2024-02-13,154.7519989013672,BUBBLE,38,940205.6,1032686.45,92480.85,9.8362,False,2
NOW,C1_Decoupled_Scores,2024-02-14,158.39999389648438,158.3969,2024-03-15,148.78199768066406,BUBBLE,21,1033686.45,969970.14,-63716.31,-6.164,False,1
NOW,C1_Decoupled_Scores,2024-03-25,154.92799377441406,154.9495,2024-11-29,209.88800048828125,BUBBLE,173,977970.14,1323392.31,345422.16,35.3203,False,8
NOW,C1_Decoupled_Scores,2024-12-02,209.68600463867188,209.616,2025-04-17,154.4320068359375,BEAR,93,1328392.31,977698.55,-350693.75,-26.3999,False,4
NOW,C1_Decoupled_Scores,2025-04-29,188.572006225586,188.5954,2025-09-26,187.1999969482422,BEAR,104,982698.55,974452.81,-8245.74,-0.8391,False,5
NOW,C1_Decoupled_Scores,2025-10-01,182.48599243164065,182.4808,2025-11-05,175.92599487304688,BEAR,25,976452.81,940437.43,-36015.38,-3.6884,False,1
NOW,C1_Decoupled_Scores,2026-02-19,107.37000274658205,107.37,2026-02-20,104.2699966430664,BEAR,1,943437.43,915282.59,-28154.84,-2.9843,True,0
NOW,C1_Decoupled_Scores,2026-04-21,100.13999938964844,100.14,2026-04-24,90.16999816894533,BEAR,3,917282.59,825131.82,-92150.78,-10.0461,True,0
NOW,C1_Decoupled_Scores,2026-04-27,90.4499969482422,90.4837,2026-06-12,102.1500015258789,BEAR,33,827131.82,932842.95,105711.13,12.7804,False,2
NOW,C1_Decoupled_Scores,2026-06-15,104.1500015258789,104.1523,2026-07-22,95.45999908447266,BEAR,25,933842.95,855051.36,-78791.59,-8.4373,False,1
NOW,C2_Panic_Latch,2014-04-22,11.04599952697754,11.0563,2014-10-01,11.460000038146973,BEAR,113,106000.0,109760.49,3760.49,3.5476,False,5
NOW,C2_Panic_Latch,2014-10-22,11.61400032043457,11.6676,2015-03-02,15.288000106811523,BUBBLE,88,114760.49,150220.17,35459.69,30.8989,False,4
NOW,C2_Panic_Latch,2015-03-03,15.09000015258789,15.09,2015-03-31,15.755999565124512,BUBBLE,20,151220.17,157736.48,6516.31,4.3092,False,0
NOW,C2_Panic_Latch,2015-04-01,15.130000114440918,15.0667,2016-05-06,13.456000328063965,BEAR,277,171736.48,153223.41,-18513.07,-10.7799,False,13
NOW,C2_Panic_Latch,2016-05-09,13.486000061035156,13.4979,2016-08-18,14.61400032043457,BEAR,71,156223.41,168972.01,12748.6,8.1605,False,3
NOW,C2_Panic_Latch,2016-08-19,14.73799991607666,14.7409,2016-09-14,14.51200008392334,BEAR,17,169972.01,167165.39,-2806.62,-1.6512,False,1
NOW,C2_Panic_Latch,2016-09-20,15.055999755859377,15.261,2017-10-24,25.17799949645996,BUBBLE,276,180165.39,296943.82,116778.43,64.8174,False,13
NOW,C2_Panic_Latch,2017-10-25,24.92399978637696,24.9349,2018-02-06,29.804000854492188,BUBBLE,70,300943.82,359350.81,58406.98,19.4079,False,4
NOW,C2_Panic_Latch,2018-02-07,30.63400077819824,30.6409,2018-03-19,33.96200180053711,BUBBLE,27,360350.81,399009.41,38658.6,10.728,False,1
NOW,C2_Panic_Latch,2018-03-20,34.422000885009766,34.4165,2018-04-16,33.88999938964844,BUBBLE,18,400009.41,393496.39,-6513.02,-1.6282,False,1
NOW,C2_Panic_Latch,2018-04-17,34.90800094604492,34.9032,2018-05-18,34.78799819946289,BUBBLE,23,394496.39,392801.67,-1694.72,-0.4296,False,1
NOW,C2_Panic_Latch,2018-05-21,34.290000915527344,34.2957,2018-06-14,37.06800079345703,BUBBLE,17,393801.67,425209.05,31407.38,7.9754,False,1
NOW,C2_Panic_Latch,2018-06-15,37.27000045776367,37.2658,2018-09-14,40.59400177001953,BUBBLE,63,428209.05,465985.57,37776.52,8.822,False,3
NOW,C2_Panic_Latch,2018-09-17,38.56399917602539,38.5576,2018-11-14,33.47600173950195,BEAR,42,467985.57,405902.92,-62082.65,-13.2659,False,2
NOW,C2_Panic_Latch,2018-11-29,35.81999969482422,35.8157,2019-01-04,35.84600067138672,BEAR,23,407902.92,407840.33,-62.59,-0.0153,False,2
NOW,C2_Panic_Latch,2019-01-09,38.09400177001953,38.1084,2019-02-21,46.00199890136719,BUBBLE,29,408840.33,493032.94,84192.6,20.593,False,1
NOW,C2_Panic_Latch,2019-02-22,47.0,47.0008,2019-03-26,49.0,BUBBLE,22,494032.94,514532.16,20499.22,4.1494,False,1
NOW,C2_Panic_Latch,2019-03-27,48.27399826049805,48.2836,2019-05-14,54.41400146484375,BUBBLE,33,516532.16,581532.12,64999.97,12.5839,False,2
NOW,C2_Panic_Latch,2019-05-15,54.79199981689453,54.786,2019-06-12,53.57600021362305,BUBBLE,19,582532.12,569096.9,-13435.22,-2.3063,False,1
NOW,C2_Panic_Latch,2019-06-13,54.757999420166016,54.7628,2019-07-19,57.948001861572266,BUBBLE,25,570096.9,602652.43,32555.53,5.7105,False,1
NOW,C2_Panic_Latch,2019-07-22,58.762001037597656,58.7261,2020-03-30,57.27799987792969,BEAR,174,610652.43,594999.2,-15653.23,-2.5634,False,8
NOW,C2_Panic_Latch,2020-04-09,55.61199951171875,55.6321,2020-05-22,77.59200286865234,BUBBLE,30,596999.2,831822.74,234823.55,39.334,False,1
NOW,C2_Panic_Latch,2020-05-26,76.13400268554688,76.1368,2020-06-17,80.12999725341797,BUBBLE,16,832822.74,875625.73,42802.99,5.1395,False,1
NOW,C2_Panic_Latch,2020-06-18,80.20600128173828,80.2089,2020-07-14,82.64600372314453,BUBBLE,17,876625.73,902358.57,25732.84,2.9354,False,1
NOW,C2_Panic_Latch,2020-07-15,84.71199798583984,84.712,2020-08-04,87.62999725341797,BUBBLE,14,902358.57,932508.34,30149.77,3.3412,False,0
NOW,C2_Panic_Latch,2020-08-05,87.14800262451172,87.1599,2020-09-08,88.62799835205078,BUBBLE,23,934508.34,949298.76,14790.41,1.5827,False,1
NOW,C2_Panic_Latch,2020-09-09,91.63999938964844,91.6468,2020-10-22,101.19200134277344,BUBBLE,31,950298.76,1048225.17,97926.42,10.3048,False,1
NOW,C2_Panic_Latch,2020-10-23,102.802001953125,102.7951,2020-11-19,102.86599731445312,BUBBLE,19,1049225.17,1048899.69,-325.48,-0.031,False,1
NOW,C2_Panic_Latch,2020-11-20,103.61199951171876,103.6136,2020-12-29,109.1959991455078,BUBBLE,25,1049899.69,1105359.47,55459.78,5.2824,False,1
NOW,C2_Panic_Latch,2020-12-30,109.47599792480467,109.4793,2021-02-18,115.16000366210938,BUBBLE,33,1107359.47,1163654.8,56295.33,5.0837,False,2
NOW,C2_Panic_Latch,2021-02-19,114.14600372314452,114.1283,2021-11-03,137.53399658203125,BUBBLE,179,1172654.8,1411733.13,239078.33,20.3878,False,9
NOW,C2_Panic_Latch,2021-11-04,140.3459930419922,140.2969,2022-02-22,110.02999877929688,BEAR,74,1414733.13,1108417.26,-306315.87,-21.6518,False,3
NOW,C2_Panic_Latch,2022-03-18,115.97599792480467,115.9751,2022-04-06,105.58999633789062,BEAR,13,1110417.26,1009973.57,-100443.69,-9.0456,False,1
NOW,C2_Panic_Latch,2022-05-26,90.9739990234375,90.986,2022-09-20,82.23999786376953,BEAR,79,1014973.57,916492.57,-98481.01,-9.7028,False,4
NOW,C2_Panic_Latch,2022-10-05,84.11599731445312,84.116,2022-10-13,72.37999725341797,BEAR,6,917492.57,788693.43,-128799.14,-14.0382,False,0
NOW,C2_Panic_Latch,2022-10-26,73.28199768066406,73.2986,2022-12-08,79.24600219726562,BEAR,30,790693.43,853995.01,63301.58,8.0058,False,2
NOW,C2_Panic_Latch,2022-12-13,83.23400115966797,83.2285,2023-01-06,73.30599975585938,BEAR,16,854995.01,752309.98,-102685.04,-12.01,False,1
NOW,C2_Panic_Latch,2023-01-18,83.23999786376953,83.2619,2023-03-23,88.09400177001953,BEAR,45,754309.98,797288.76,42978.79,5.6978,False,2
NOW,C2_Panic_Latch,2023-03-24,86.58000183105469,86.5898,2023-04-26,90.80599975585938,BEAR,22,798288.76,836321.69,38032.93,4.7643,False,1
NOW,C2_Panic_Latch,2023-05-01,90.08200073242188,90.1012,2023-06-12,109.2699966430664,BUBBLE,29,838321.69,1015656.63,177334.94,21.1536,False,1
NOW,C2_Panic_Latch,2023-06-13,110.94400024414062,110.9461,2023-07-10,113.12000274658205,BUBBLE,17,1016656.63,1035540.89,18884.26,1.8575,False,1
NOW,C2_Panic_Latch,2023-07-11,112.28800201416016,112.3174,2023-12-15,139.6479949951172,BUBBLE,111,1040540.89,1292446.22,251905.33,24.2091,False,5
NOW,C2_Panic_Latch,2023-12-18,140.74400329589844,140.7502,2024-02-13,154.7519989013672,BUBBLE,38,1294446.22,1421794.7,127348.48,9.8381,False,2
NOW,C2_Panic_Latch,2024-02-14,158.39999389648438,158.3977,2024-03-15,148.78199768066406,BUBBLE,21,1422794.7,1335086.57,-87708.13,-6.1645,False,1
NOW,C2_Panic_Latch,2024-03-25,154.92799377441406,154.9437,2024-11-29,209.88800048828125,BUBBLE,173,1343086.57,1817537.74,474451.18,35.3254,False,8
NOW,C2_Panic_Latch,2024-12-02,209.68600463867188,209.635,2025-04-17,154.4320068359375,BEAR,93,1822537.74,1341268.83,-481268.92,-26.4065,False,4
NOW,C2_Panic_Latch,2025-04-29,188.572006225586,188.5891,2025-09-26,187.1999969482422,BEAR,104,1346268.83,1335017.08,-11251.75,-0.8358,False,5
NOW,C2_Panic_Latch,2025-09-30,184.05599975585932,184.0494,2025-11-05,175.92599487304688,BEAR,26,1337017.08,1276727.76,-60289.32,-4.5092,False,2
NOW,C2_Panic_Latch,2025-12-04,167.7740020751953,167.774,2025-12-16,156.2239990234375,BEAR,8,1277727.76,1188576.46,-89151.31,-6.9773,False,0
NOW,C2_Panic_Latch,2026-02-19,107.37000274658205,107.37,2026-02-20,104.2699966430664,BEAR,1,1190576.46,1155046.29,-35530.16,-2.9843,True,0
NOW,C2_Panic_Latch,2026-03-09,121.93000030517578,121.9094,2026-04-24,90.16999816894533,BEAR,33,1157046.29,854951.07,-302095.22,-26.1092,False,1
NOW,C2_Panic_Latch,2026-05-08,91.18000030517578,91.2104,2026-06-12,102.1500015258789,BEAR,24,856951.07,958772.8,101821.73,11.8819,False,1
NOW,C2_Panic_Latch,2026-06-15,104.1500015258789,104.1522,2026-07-22,95.45999908447266,BEAR,25,959772.8,878793.94,-80978.86,-8.4373,False,1
NOW,C3_Reentry_Stop,2014-04-22,11.04599952697754,11.0563,2014-10-01,11.460000038146973,BEAR,113,106000.0,109760.49,3760.49,3.5476,False,5
NOW,C3_Reentry_Stop,2014-10-22,11.61400032043457,11.6676,2015-03-02,15.288000106811523,BUBBLE,88,114760.49,150220.17,35459.69,30.8989,False,4
NOW,C3_Reentry_Stop,2015-03-18,16.010000228881836,16.01,2015-03-31,15.755999565124512,BUBBLE,9,151220.17,148672.3,-2547.87,-1.6849,False,0
NOW,C3_Reentry_Stop,2015-04-17,14.657999992370604,14.6316,2016-05-06,13.456000328063965,BEAR,266,162672.3,149452.21,-13220.09,-8.1268,False,13
NOW,C3_Reentry_Stop,2016-05-18,14.005999565124512,14.0085,2016-08-18,14.61400032043457,BEAR,64,152452.21,158882.66,6430.45,4.218,False,3
NOW,C3_Reentry_Stop,2016-09-01,14.800000190734863,14.8,2016-09-14,14.51200008392334,BEAR,8,159882.66,156614.73,-3267.92,-2.044,False,0
NOW,C3_Reentry_Stop,2016-09-20,15.055999755859377,15.274,2017-10-24,25.17799949645996,BUBBLE,276,169614.73,279317.7,109702.97,64.6777,False,13
NOW,C3_Reentry_Stop,2017-11-09,25.11000061035156,25.1199,2018-02-06,29.804000854492188,BUBBLE,59,283317.7,335811.44,52493.74,18.5282,False,3
NOW,C3_Reentry_Stop,2018-02-21,31.516000747680664,31.5211,2018-03-19,33.96200180053711,BUBBLE,18,336811.44,362530.37,25718.93,7.636,False,1
NOW,C3_Reentry_Stop,2018-04-18,34.86000061035156,34.86,2018-04-25,31.600000381469727,STOP_LOSS_5PCT,5,363530.37,329204.75,-34325.61,-9.4423,True,0
NOW,C3_Reentry_Stop,2018-05-08,35.20600128173828,35.206,2018-05-18,34.78799819946289,BUBBLE,8,330204.75,325958.09,-4246.66,-1.2861,False,0
NOW,C3_Reentry_Stop,2018-06-04,36.70000076293945,36.7,2018-06-14,37.06800079345703,BUBBLE,8,326958.09,329906.51,2948.42,0.9018,False,0
NOW,C3_Reentry_Stop,2018-07-12,38.93199920654297,38.932,2018-07-25,36.77199935913086,STOP_LOSS_5PCT,9,330906.51,312234.98,-18671.53,-5.6425,False,0
NOW,C3_Reentry_Stop,2018-07-26,38.4640007019043,38.4567,2018-09-14,40.59400177001953,BUBBLE,35,314234.98,331368.02,17133.04,5.4523,False,2
NOW,C3_Reentry_Stop,2018-11-09,35.518001556396484,35.518,2018-11-14,33.47600173950195,STOP_LOSS_5PCT,3,333368.02,313887.99,-19480.03,-5.8434,True,0
NOW,C3_Reentry_Stop,2018-12-06,37.52000045776367,37.507,2019-01-04,35.84600067138672,BEAR,19,315887.99,301596.92,-14291.07,-4.5241,False,1
NOW,C3_Reentry_Stop,2019-01-09,38.09400177001953,38.1134,2019-02-21,46.00199890136719,BUBBLE,29,302596.92,364862.51,62265.59,20.5771,False,1
NOW,C3_Reentry_Stop,2019-03-21,50.18999862670898,50.19,2019-03-26,49.0,BUBBLE,3,365862.51,356830.95,-9031.56,-2.4686,True,0
NOW,C3_Reentry_Stop,2019-04-23,48.709999084472656,48.7199,2019-05-14,54.41400146484375,BUBBLE,15,358830.95,400368.62,41537.67,11.5758,False,1
NOW,C3_Reentry_Stop,2019-06-19,57.10200119018555,57.1034,2019-07-19,57.948001861572266,BUBBLE,21,402368.62,407911.98,5543.36,1.3777,False,1
NOW,C3_Reentry_Stop,2019-09-05,53.92399978637695,53.924,2019-09-10,50.63600158691406,STOP_LOSS_5PCT,3,409911.98,384533.01,-25378.97,-6.1913,True,0
NOW,C3_Reentry_Stop,2019-10-14,53.88800048828125,53.9474,2020-03-30,57.27799987792969,BEAR,115,390533.01,414229.54,23696.53,6.0677,False,5
NOW,C3_Reentry_Stop,2020-06-03,77.61799621582031,77.618,2020-06-17,80.12999725341797,BUBBLE,10,417229.54,430302.09,13072.55,3.1332,False,0
NOW,C3_Reentry_Stop,2020-07-02,82.84200286865234,82.842,2020-07-14,82.64600372314453,BUBBLE,7,431302.09,429851.59,-1450.5,-0.3363,False,0
NOW,C3_Reentry_Stop,2020-08-21,89.88400268554688,89.9049,2020-09-08,88.62799835205078,BUBBLE,11,431851.59,425292.36,-6559.23,-1.5189,False,1
NOW,C3_Reentry_Stop,2020-10-05,100.35800170898438,100.358,2020-10-22,101.19200134277344,BUBBLE,13,426292.36,429405.34,3112.97,0.7302,False,0
NOW,C3_Reentry_Stop,2020-11-06,107.03600311279295,107.036,2020-11-10,96.25599670410156,STOP_LOSS_5PCT,2,430405.34,386670.7,-43734.64,-10.1613,True,0
NOW,C3_Reentry_Stop,2020-11-16,100.45600128173828,100.456,2020-11-19,102.86599731445312,BUBBLE,3,386670.7,395551.4,8880.7,2.2967,True,0
NOW,C3_Reentry_Stop,2020-12-09,105.5979995727539,105.598,2020-12-29,109.1959991455078,BUBBLE,13,396551.4,409653.08,13101.68,3.3039,False,0
NOW,C3_Reentry_Stop,2021-01-29,108.63200378417967,108.6503,2021-02-18,115.16000366210938,BUBBLE,13,411653.08,435881.06,24227.98,5.8855,False,1
NOW,C3_Reentry_Stop,2021-03-29,97.0780029296875,97.3131,2021-11-03,137.53399658203125,BUBBLE,153,444881.06,628128.44,183247.38,41.1902,False,8
NOW,C3_Reentry_Stop,2021-12-09,128.42999267578125,128.43,2021-12-17,123.1259994506836,STOP_LOSS_5PCT,6,629128.44,602543.4,-26585.04,-4.2257,False,0
NOW,C3_Reentry_Stop,2022-01-31,117.15599822998048,117.1545,2022-02-22,110.02999877929688,BEAR,15,604543.4,567212.11,-37331.29,-6.1751,False,1
NOW,C3_Reentry_Stop,2022-03-18,115.97599792480467,115.976,2022-04-04,114.96399688720705,STOP_LOSS_5PCT,11,568212.11,562690.95,-5521.16,-0.9717,False,0
NOW,C3_Reentry_Stop,2022-04-05,110.6439971923828,110.644,2022-04-06,105.58999633789062,BEAR,1,563690.95,537404.97,-26285.97,-4.6632,True,0
NOW,C3_Reentry_Stop,2022-05-24,83.93000030517578,83.93,2022-05-25,90.45800018310548,BEAR,1,538404.97,579701.64,41296.66,7.6702,True,0
NOW,C3_Reentry_Stop,2022-06-27,99.33999633789062,99.3397,2022-07-13,84.55400085449219,STOP_LOSS_5PCT,11,581701.64,494626.26,-87075.37,-14.9691,False,1
NOW,C3_Reentry_Stop,2022-08-08,98.98999786376952,98.9623,2022-09-20,82.23999786376953,BEAR,30,496626.26,412295.68,-84330.58,-16.9807,False,1
NOW,C3_Reentry_Stop,2022-10-05,84.11599731445312,84.116,2022-10-11,74.26000213623047,STOP_LOSS_5PCT,4,413295.68,364504.53,-48791.15,-11.8054,True,0
NOW,C3_Reentry_Stop,2022-10-26,73.28199768066406,73.3179,2022-12-08,79.24600219726562,BEAR,30,366504.53,395742.28,29237.75,7.9775,False,2
NOW,C3_Reentry_Stop,2022-12-13,83.23400115966797,83.234,2022-12-19,76.45999908447266,STOP_LOSS_5PCT,4,395742.28,363171.43,-32570.85,-8.2303,True,0
NOW,C3_Reentry_Stop,2023-01-05,73.26399993896484,73.264,2023-01-06,73.30599975585938,BEAR,1,364171.43,364016.0,-155.43,-0.0427,True,0
NOW,C3_Reentry_Stop,2023-01-18,83.23999786376953,83.2851,2023-03-23,88.09400177001953,BEAR,45,366016.0,386762.79,20746.79,5.6683,False,2
NOW,C3_Reentry_Stop,2023-04-05,93.46600341796876,93.466,2023-04-26,90.80599975585938,BEAR,14,387762.79,376350.68,-11412.11,-2.9431,False,0
NOW,C3_Reentry_Stop,2023-05-16,93.64800262451172,93.6841,2023-06-12,109.2699966430664,BUBBLE,18,378350.68,440854.44,62503.75,16.5201,False,1
NOW,C3_Reentry_Stop,2023-07-14,116.07599639892578,116.1053,2023-12-15,139.6479949951172,BUBBLE,108,446854.44,536925.79,90071.35,20.1568,False,5
NOW,C3_Reentry_Stop,2024-01-12,145.83599853515625,145.8541,2024-02-13,154.7519989013672,BUBBLE,21,538925.79,571231.88,32306.09,5.9945,False,1
NOW,C3_Reentry_Stop,2024-03-21,154.63600158691406,154.6762,2024-11-29,209.88800048828125,BUBBLE,175,580231.88,786559.12,206327.24,35.5594,False,8
NOW,C3_Reentry_Stop,2024-12-13,224.22000122070312,224.22,2024-12-19,214.9739990234375,STOP_LOSS_5PCT,4,787559.12,754328.39,-33230.73,-4.2195,True,0
NOW,C3_Reentry_Stop,2024-12-20,218.25,218.0702,2025-04-17,154.4320068359375,BEAR,79,758328.39,536492.93,-221835.46,-29.2532,False,4
NOW,C3_Reentry_Stop,2025-04-29,188.572006225586,188.6144,2025-09-26,187.1999969482422,BEAR,104,541492.93,536895.08,-4597.85,-0.8491,False,5
NOW,C3_Reentry_Stop,2025-10-15,180.6100006103516,180.6042,2025-11-05,175.92599487304688,BEAR,15,538895.08,524411.49,-14483.59,-2.6876,False,1
NOW,C3_Reentry_Stop,2026-02-19,107.37000274658205,107.37,2026-02-20,104.2699966430664,BEAR,1,527411.49,511672.04,-15739.45,-2.9843,True,0
NOW,C3_Reentry_Stop,2026-04-21,100.13999938964844,100.14,2026-04-24,90.16999816894533,STOP_LOSS_5PCT,3,513672.04,462068.23,-51603.81,-10.0461,True,0
NOW,C3_Reentry_Stop,2026-04-27,90.4499969482422,90.5101,2026-06-12,102.1500015258789,BEAR,33,464068.23,523225.71,59157.48,12.7476,False,2
NOW,C3_Reentry_Stop,2026-06-30,99.27999877929688,99.2925,2026-07-22,95.45999908447266,BEAR,15,524225.71,503487.66,-20738.06,-3.9559,False,1
NOW,C4_A_plus_B,2014-04-22,11.04599952697754,11.0563,2014-10-01,11.460000038146973,BEAR,113,106000.0,109760.49,3760.49,3.5476,False,5
NOW,C4_A_plus_B,2014-10-22,11.61400032043457,11.6676,2015-03-02,15.288000106811523,BUBBLE,88,114760.49,150220.17,35459.69,30.8989,False,4
NOW,C4_A_plus_B,2015-03-03,15.09000015258789,15.09,2015-03-31,15.755999565124512,BUBBLE,20,151220.17,157736.48,6516.31,4.3092,False,0
NOW,C4_A_plus_B,2015-04-01,15.130000114440918,15.0667,2016-05-06,13.456000328063965,BEAR,277,171736.48,153223.41,-18513.07,-10.7799,False,13
NOW,C4_A_plus_B,2016-05-09,13.486000061035156,13.4979,2016-08-18,14.61400032043457,BEAR,71,156223.41,168972.01,12748.6,8.1605,False,3
NOW,C4_A_plus_B,2016-08-19,14.73799991607666,14.7409,2016-09-14,14.51200008392334,BEAR,17,169972.01,167165.39,-2806.62,-1.6512,False,1
NOW,C4_A_plus_B,2016-09-20,15.055999755859377,15.261,2017-10-24,25.17799949645996,BUBBLE,276,180165.39,296943.82,116778.43,64.8174,False,13
NOW,C4_A_plus_B,2017-10-25,24.92399978637696,24.9349,2018-02-06,29.804000854492188,BUBBLE,70,300943.82,359350.81,58406.98,19.4079,False,4
NOW,C4_A_plus_B,2018-02-07,30.63400077819824,30.6409,2018-03-19,33.96200180053711,BUBBLE,27,360350.81,399009.41,38658.6,10.728,False,1
NOW,C4_A_plus_B,2018-03-20,34.422000885009766,34.4165,2018-04-16,33.88999938964844,BUBBLE,18,400009.41,393496.39,-6513.02,-1.6282,False,1
NOW,C4_A_plus_B,2018-04-17,34.90800094604492,34.9032,2018-05-18,34.78799819946289,BUBBLE,23,394496.39,392801.67,-1694.72,-0.4296,False,1
NOW,C4_A_plus_B,2018-05-21,34.290000915527344,34.2957,2018-06-14,37.06800079345703,BUBBLE,17,393801.67,425209.05,31407.38,7.9754,False,1
NOW,C4_A_plus_B,2018-06-15,37.27000045776367,37.2658,2018-09-14,40.59400177001953,BUBBLE,63,428209.05,465985.57,37776.52,8.822,False,3
NOW,C4_A_plus_B,2018-09-17,38.56399917602539,38.5576,2018-11-14,33.47600173950195,BEAR,42,467985.57,405902.92,-62082.65,-13.2659,False,2
NOW,C4_A_plus_B,2018-11-29,35.81999969482422,35.8157,2019-01-04,35.84600067138672,BEAR,23,407902.92,407840.33,-62.59,-0.0153,False,2
NOW,C4_A_plus_B,2019-01-09,38.09400177001953,38.1084,2019-02-21,46.00199890136719,BUBBLE,29,408840.33,493032.94,84192.6,20.593,False,1
NOW,C4_A_plus_B,2019-02-22,47.0,47.0008,2019-03-26,49.0,BUBBLE,22,494032.94,514532.16,20499.22,4.1494,False,1
NOW,C4_A_plus_B,2019-03-27,48.27399826049805,48.2836,2019-05-14,54.41400146484375,BUBBLE,33,516532.16,581532.12,64999.97,12.5839,False,2
NOW,C4_A_plus_B,2019-05-15,54.79199981689453,54.786,2019-06-12,53.57600021362305,BUBBLE,19,582532.12,569096.9,-13435.22,-2.3063,False,1
NOW,C4_A_plus_B,2019-06-13,54.757999420166016,54.7628,2019-07-19,57.948001861572266,BUBBLE,25,570096.9,602652.43,32555.53,5.7105,False,1
NOW,C4_A_plus_B,2019-07-22,58.762001037597656,58.7261,2020-03-30,57.27799987792969,BEAR,174,610652.43,594999.2,-15653.23,-2.5634,False,8
NOW,C4_A_plus_B,2020-04-09,55.61199951171875,55.6321,2020-05-22,77.59200286865234,BUBBLE,30,596999.2,831822.74,234823.55,39.334,False,1
NOW,C4_A_plus_B,2020-05-26,76.13400268554688,76.1368,2020-06-17,80.12999725341797,BUBBLE,16,832822.74,875625.73,42802.99,5.1395,False,1
NOW,C4_A_plus_B,2020-06-18,80.20600128173828,80.2089,2020-07-14,82.64600372314453,BUBBLE,17,876625.73,902358.57,25732.84,2.9354,False,1
NOW,C4_A_plus_B,2020-07-15,84.71199798583984,84.712,2020-08-04,87.62999725341797,BUBBLE,14,902358.57,932508.34,30149.77,3.3412,False,0
NOW,C4_A_plus_B,2020-08-05,87.14800262451172,87.1599,2020-09-08,88.62799835205078,BUBBLE,23,934508.34,949298.76,14790.41,1.5827,False,1
NOW,C4_A_plus_B,2020-09-09,91.63999938964844,91.6468,2020-10-22,101.19200134277344,BUBBLE,31,950298.76,1048225.17,97926.42,10.3048,False,1
NOW,C4_A_plus_B,2020-10-23,102.802001953125,102.7951,2020-11-19,102.86599731445312,BUBBLE,19,1049225.17,1048899.69,-325.48,-0.031,False,1
NOW,C4_A_plus_B,2020-11-20,103.61199951171876,103.6136,2020-12-29,109.1959991455078,BUBBLE,25,1049899.69,1105359.47,55459.78,5.2824,False,1
NOW,C4_A_plus_B,2020-12-30,109.47599792480467,109.4793,2021-02-18,115.16000366210938,BUBBLE,33,1107359.47,1163654.8,56295.33,5.0837,False,2
NOW,C4_A_plus_B,2021-02-19,114.14600372314452,114.1283,2021-11-03,137.53399658203125,BUBBLE,179,1172654.8,1411733.13,239078.33,20.3878,False,9
NOW,C4_A_plus_B,2021-11-04,140.3459930419922,140.2969,2022-02-22,110.02999877929688,BEAR,74,1414733.13,1108417.26,-306315.87,-21.6518,False,3
NOW,C4_A_plus_B,2022-03-18,115.97599792480467,115.9751,2022-04-06,105.58999633789062,BEAR,13,1110417.26,1009973.57,-100443.69,-9.0456,False,1
NOW,C4_A_plus_B,2022-05-26,90.9739990234375,90.986,2022-09-20,82.23999786376953,BEAR,79,1014973.57,916492.57,-98481.01,-9.7028,False,4
NOW,C4_A_plus_B,2022-10-05,84.11599731445312,84.116,2022-10-13,72.37999725341797,BEAR,6,917492.57,788693.43,-128799.14,-14.0382,False,0
NOW,C4_A_plus_B,2022-10-26,73.28199768066406,73.2986,2022-12-08,79.24600219726562,BEAR,30,790693.43,853995.01,63301.58,8.0058,False,2
NOW,C4_A_plus_B,2022-12-13,83.23400115966797,83.2285,2023-01-06,73.30599975585938,BEAR,16,854995.01,752309.98,-102685.04,-12.01,False,1
NOW,C4_A_plus_B,2023-01-18,83.23999786376953,83.2619,2023-03-23,88.09400177001953,BEAR,45,754309.98,797288.76,42978.79,5.6978,False,2
NOW,C4_A_plus_B,2023-04-05,93.46600341796876,93.466,2023-04-26,90.80599975585938,BEAR,14,798288.76,774794.62,-23494.15,-2.9431,False,0
NOW,C4_A_plus_B,2023-05-01,90.08200073242188,90.1027,2023-06-12,109.2699966430664,BUBBLE,29,776794.62,941098.52,164303.91,21.1515,False,1
NOW,C4_A_plus_B,2023-06-13,110.94400024414062,110.9463,2023-07-10,113.12000274658205,BUBBLE,17,942098.52,959596.42,17497.9,1.8573,False,1
NOW,C4_A_plus_B,2023-07-11,112.28800201416016,112.3197,2023-12-15,139.6479949951172,BUBBLE,111,964596.42,1198091.59,233495.17,24.2065,False,5
NOW,C4_A_plus_B,2023-12-18,140.74400329589844,140.7507,2024-02-13,154.7519989013672,BUBBLE,38,1200091.59,1318152.81,118061.22,9.8377,False,2
NOW,C4_A_plus_B,2024-02-14,158.39999389648438,158.3975,2024-03-15,148.78199768066406,BUBBLE,21,1319152.81,1237835.08,-81317.73,-6.1644,False,1
NOW,C4_A_plus_B,2024-03-25,154.92799377441406,154.9449,2024-11-29,209.88800048828125,BUBBLE,173,1245835.08,1685918.42,440083.34,35.3244,False,8
NOW,C4_A_plus_B,2024-12-02,209.68600463867188,209.631,2025-04-17,154.4320068359375,BEAR,93,1690918.42,1244429.17,-446489.25,-26.4051,False,4
NOW,C4_A_plus_B,2025-04-29,188.572006225586,188.5904,2025-09-26,187.1999969482422,BEAR,104,1249429.17,1238978.1,-10451.07,-0.8365,False,5
NOW,C4_A_plus_B,2025-10-01,182.48599243164065,182.4819,2025-11-05,175.92599487304688,BEAR,25,1240978.1,1195198.68,-45779.41,-3.689,False,1
NOW,C4_A_plus_B,2025-12-04,167.7740020751953,167.774,2025-12-16,156.2239990234375,BEAR,8,1196198.68,1112735.93,-83462.75,-6.9773,False,0
NOW,C4_A_plus_B,2026-02-19,107.37000274658205,107.37,2026-02-20,104.2699966430664,BEAR,1,1114735.93,1081469.06,-33266.87,-2.9843,True,0
NOW,C4_A_plus_B,2026-03-09,121.93000030517578,121.908,2026-04-24,90.16999816894533,BEAR,33,1083469.06,800593.43,-282875.64,-26.1083,False,1
NOW,C4_A_plus_B,2026-05-08,91.18000030517578,91.2125,2026-06-12,102.1500015258789,BEAR,24,802593.43,897936.17,95342.75,11.8793,False,1
NOW,C4_A_plus_B,2026-06-15,104.1500015258789,104.1524,2026-07-22,95.45999908447266,BEAR,25,898936.17,823089.09,-75847.08,-8.4374,False,1
NOW,C5_A_plus_C,2014-05-22,10.088000297546388,10.1367,2014-10-01,11.460000038146973,BEAR,91,106000.0,119717.82,13717.82,12.9413,False,4
NOW,C5_A_plus_C,2014-10-22,11.61400032043457,11.6633,2015-03-02,15.288000106811523,BUBBLE,88,124717.82,163314.33,38596.51,30.9471,False,4
NOW,C5_A_plus_C,2015-03-18,16.010000228881836,16.01,2015-03-31,15.755999565124512,BUBBLE,9,164314.33,161545.84,-2768.49,-1.6849,False,0
NOW,C5_A_plus_C,2015-04-17,14.657999992370604,14.6336,2016-05-06,13.456000328063965,BEAR,266,175545.84,161258.26,-14287.57,-8.1389,False,13
NOW,C5_A_plus_C,2016-05-18,14.005999565124512,14.0083,2016-08-18,14.61400032043457,BEAR,64,164258.26,171188.9,6930.64,4.2194,False,3
NOW,C5_A_plus_C,2016-09-01,14.800000190734863,14.8,2016-09-14,14.51200008392334,BEAR,8,172188.9,168669.45,-3519.46,-2.044,False,0
NOW,C5_A_plus_C,2016-09-20,15.055999755859377,15.2593,2017-10-24,25.17799949645996,BUBBLE,276,181669.45,299456.53,117787.08,64.8359,False,13
NOW,C5_A_plus_C,2017-11-09,25.11000061035156,25.1193,2018-02-06,29.804000854492188,BUBBLE,59,303456.53,359691.08,56234.55,18.5313,False,3
NOW,C5_A_plus_C,2018-02-21,31.516000747680664,31.5208,2018-03-19,33.96200180053711,BUBBLE,18,360691.08,388237.61,27546.54,7.6372,False,1
NOW,C5_A_plus_C,2018-04-18,34.86000061035156,34.86,2018-04-25,31.600000381469727,STOP_LOSS_5PCT,5,389237.61,352484.65,-36752.97,-9.4423,True,0
NOW,C5_A_plus_C,2018-05-08,35.20600128173828,35.206,2018-05-18,34.78799819946289,BUBBLE,8,353484.65,348938.59,-4546.06,-1.2861,False,0
NOW,C5_A_plus_C,2018-06-04,36.70000076293945,36.7,2018-06-14,37.06800079345703,BUBBLE,8,349938.59,353094.24,3155.65,0.9018,False,0
NOW,C5_A_plus_C,2018-07-12,38.93199920654297,38.932,2018-07-25,36.77199935913086,STOP_LOSS_5PCT,9,354094.24,334114.33,-19979.91,-5.6425,False,0
NOW,C5_A_plus_C,2018-07-26,38.4640007019043,38.4571,2018-09-14,40.59400177001953,BUBBLE,35,336114.33,354435.9,18321.57,5.451,False,2
NOW,C5_A_plus_C,2018-11-09,35.518001556396484,35.518,2018-11-14,33.47600173950195,STOP_LOSS_5PCT,3,356435.9,335607.92,-20827.98,-5.8434,True,0
NOW,C5_A_plus_C,2018-12-06,37.52000045776367,37.5079,2019-01-04,35.84600067138672,BEAR,19,337607.92,322327.05,-15280.87,-4.5262,False,1
NOW,C5_A_plus_C,2019-01-09,38.09400177001953,38.1122,2019-02-21,46.00199890136719,BUBBLE,29,323327.05,389871.02,66543.97,20.581,False,1
NOW,C5_A_plus_C,2019-03-21,50.18999862670898,50.19,2019-03-26,49.0,BUBBLE,3,390871.02,381222.1,-9648.92,-2.4686,True,0
NOW,C5_A_plus_C,2019-04-23,48.709999084472656,48.7193,2019-05-14,54.41400146484375,BUBBLE,15,383222.1,427588.78,44366.67,11.5773,False,1
NOW,C5_A_plus_C,2019-06-19,57.10200119018555,57.1033,2019-07-19,57.948001861572266,BUBBLE,21,429588.78,435507.81,5919.04,1.3778,False,1
NOW,C5_A_plus_C,2019-09-05,53.92399978637695,53.924,2019-09-10,50.63600158691406,STOP_LOSS_5PCT,3,437507.81,410420.29,-27087.52,-6.1913,True,0
NOW,C5_A_plus_C,2019-10-14,53.88800048828125,53.9437,2020-03-30,57.27799987792969,BEAR,115,416420.29,441717.85,25297.55,6.075,False,5
NOW,C5_A_plus_C,2020-06-03,77.61799621582031,77.618,2020-06-17,80.12999725341797,BUBBLE,10,444717.85,458651.66,13933.81,3.1332,False,0
NOW,C5_A_plus_C,2020-07-02,82.84200286865234,82.842,2020-07-14,82.64600372314453,BUBBLE,7,459651.66,458105.81,-1545.84,-0.3363,False,0
NOW,C5_A_plus_C,2020-08-21,89.88400268554688,89.9037,2020-09-08,88.62799835205078,BUBBLE,11,460105.81,453123.92,-6981.89,-1.5175,False,1
NOW,C5_A_plus_C,2020-10-05,100.35800170898438,100.358,2020-10-22,101.19200134277344,BUBBLE,13,454123.92,457440.14,3316.21,0.7302,False,0
NOW,C5_A_plus_C,2020-11-06,107.03600311279295,107.036,2020-11-10,96.25599670410156,STOP_LOSS_5PCT,2,458440.14,411856.81,-46583.33,-10.1613,True,0
NOW,C5_A_plus_C,2020-11-16,100.45600128173828,100.456,2020-11-19,102.86599731445312,BUBBLE,3,411856.81,421315.96,9459.15,2.2967,True,0
NOW,C5_A_plus_C,2020-12-09,105.5979995727539,105.598,2020-12-29,109.1959991455078,BUBBLE,13,422315.96,436268.88,13952.92,3.3039,False,0
NOW,C5_A_plus_C,2021-01-29,108.63200378417967,108.6491,2021-02-18,115.16000366210938,BUBBLE,13,438268.88,464068.07,25799.19,5.8866,False,1
NOW,C5_A_plus_C,2021-04-05,102.8040008544922,102.949,2021-11-03,137.53399658203125,BUBBLE,149,473068.07,631360.41,158292.34,33.4608,False,7
NOW,C5_A_plus_C,2021-12-09,128.42999267578125,128.43,2021-12-17,123.1259994506836,STOP_LOSS_5PCT,6,632360.41,605638.8,-26721.61,-4.2257,False,0
NOW,C5_A_plus_C,2022-01-31,117.15599822998048,117.1545,2022-02-22,110.02999877929688,BEAR,15,607638.8,570116.32,-37522.48,-6.1751,False,1
NOW,C5_A_plus_C,2022-03-18,115.97599792480467,115.976,2022-04-04,114.96399688720705,STOP_LOSS_5PCT,11,571116.32,565566.94,-5549.38,-0.9717,False,0
NOW,C5_A_plus_C,2022-04-05,110.6439971923828,110.644,2022-04-06,105.58999633789062,BEAR,1,566566.94,540146.85,-26420.08,-4.6632,True,0
NOW,C5_A_plus_C,2022-05-24,83.93000030517578,83.93,2022-05-25,90.45800018310548,BEAR,1,541146.85,582653.82,41506.97,7.6702,True,0
NOW,C5_A_plus_C,2022-06-27,99.33999633789062,99.3397,2022-07-13,84.55400085449219,STOP_LOSS_5PCT,11,584653.82,497136.53,-87517.3,-14.9691,False,1
NOW,C5_A_plus_C,2022-08-08,98.98999786376952,98.9624,2022-09-20,82.23999786376953,BEAR,30,499136.53,414379.1,-84757.42,-16.9808,False,1
NOW,C5_A_plus_C,2022-10-05,84.11599731445312,84.116,2022-10-11,74.26000213623047,STOP_LOSS_5PCT,4,415379.1,366342.0,-49037.11,-11.8054,True,0
NOW,C5_A_plus_C,2022-10-26,73.28199768066406,73.3177,2022-12-08,79.24600219726562,BEAR,30,368342.0,397727.3,29385.3,7.9777,False,2
NOW,C5_A_plus_C,2022-12-13,83.23400115966797,83.234,2022-12-19,76.45999908447266,STOP_LOSS_5PCT,4,397727.3,364993.07,-32734.23,-8.2303,True,0
NOW,C5_A_plus_C,2023-01-05,73.26399993896484,73.264,2023-01-06,73.30599975585938,BEAR,1,365993.07,365836.86,-156.21,-0.0427,True,0
NOW,C5_A_plus_C,2023-01-18,83.23999786376953,83.2849,2023-03-23,88.09400177001953,BEAR,45,367836.86,388687.91,20851.05,5.6686,False,2
NOW,C5_A_plus_C,2023-04-05,93.46600341796876,93.466,2023-04-26,90.80599975585938,BEAR,14,389687.91,378219.15,-11468.76,-2.9431,False,0
NOW,C5_A_plus_C,2023-05-16,93.64800262451172,93.6839,2023-06-12,109.2699966430664,BUBBLE,18,380219.15,443032.41,62813.26,16.5203,False,1
NOW,C5_A_plus_C,2023-07-14,116.07599639892578,116.1052,2023-12-15,139.6479949951172,BUBBLE,108,449032.41,539543.43,90511.02,20.1569,False,5
NOW,C5_A_plus_C,2024-01-12,145.83599853515625,145.854,2024-02-13,154.7519989013672,BUBBLE,21,541543.43,574006.79,32463.35,5.9946,False,1
NOW,C5_A_plus_C,2024-03-21,154.63600158691406,154.676,2024-11-29,209.88800048828125,BUBBLE,175,583006.79,790321.75,207314.96,35.5596,False,8
NOW,C5_A_plus_C,2024-12-13,224.22000122070312,224.22,2024-12-19,214.9739990234375,STOP_LOSS_5PCT,4,791321.75,757932.26,-33389.49,-4.2195,True,0
NOW,C5_A_plus_C,2024-12-20,218.25,218.0711,2025-04-17,154.4320068359375,BEAR,79,761932.26,539040.44,-222891.81,-29.2535,False,4
NOW,C5_A_plus_C,2025-04-29,188.572006225586,188.6142,2025-09-26,187.1999969482422,BEAR,104,544040.44,539421.53,-4618.91,-0.849,False,5
NOW,C5_A_plus_C,2025-10-23,187.83399963378903,187.8138,2025-11-05,175.92599487304688,STOP_LOSS_5PCT,9,541421.53,506644.89,-34776.64,-6.4232,False,1
NOW,C5_A_plus_C,2026-02-19,107.37000274658205,107.37,2026-02-20,104.2699966430664,BEAR,1,509644.89,494435.65,-15209.24,-2.9843,True,0
NOW,C5_A_plus_C,2026-04-21,100.13999938964844,100.14,2026-04-24,90.16999816894533,STOP_LOSS_5PCT,3,496435.65,446563.42,-49872.23,-10.0461,True,0
NOW,C5_A_plus_C,2026-04-27,90.4499969482422,90.5121,2026-06-12,102.1500015258789,BEAR,33,448563.42,505732.8,57169.38,12.745,False,2
NOW,C5_A_plus_C,2026-06-30,99.27999877929688,99.293,2026-07-22,95.45999908447266,BEAR,15,506732.8,486684.63,-20048.17,-3.9564,False,1
NOW,C6_B_plus_C,2014-04-22,11.04599952697754,11.0563,2014-10-01,11.460000038146973,BEAR,113,106000.0,109760.49,3760.49,3.5476,False,5
NOW,C6_B_plus_C,2014-10-22,11.61400032043457,11.6676,2015-03-02,15.288000106811523,BUBBLE,88,114760.49,150220.17,35459.69,30.8989,False,4
NOW,C6_B_plus_C,2015-03-18,16.010000228881836,16.01,2015-03-31,15.755999565124512,BUBBLE,9,151220.17,148672.3,-2547.87,-1.6849,False,0
NOW,C6_B_plus_C,2015-04-17,14.657999992370604,14.6316,2016-05-06,13.456000328063965,BEAR,266,162672.3,149452.21,-13220.09,-8.1268,False,13
NOW,C6_B_plus_C,2016-05-18,14.005999565124512,14.0085,2016-08-18,14.61400032043457,BEAR,64,152452.21,158882.66,6430.45,4.218,False,3
NOW,C6_B_plus_C,2016-09-01,14.800000190734863,14.8,2016-09-14,14.51200008392334,BEAR,8,159882.66,156614.73,-3267.92,-2.044,False,0
NOW,C6_B_plus_C,2016-09-20,15.055999755859377,15.274,2017-10-24,25.17799949645996,BUBBLE,276,169614.73,279317.7,109702.97,64.6777,False,13
NOW,C6_B_plus_C,2017-11-09,25.11000061035156,25.1199,2018-02-06,29.804000854492188,BUBBLE,59,283317.7,335811.44,52493.74,18.5282,False,3
NOW,C6_B_plus_C,2018-02-21,31.516000747680664,31.5211,2018-03-19,33.96200180053711,BUBBLE,18,336811.44,362530.37,25718.93,7.636,False,1
NOW,C6_B_plus_C,2018-04-18,34.86000061035156,34.86,2018-04-25,31.600000381469727,STOP_LOSS_5PCT,5,363530.37,329204.75,-34325.61,-9.4423,True,0
NOW,C6_B_plus_C,2018-05-08,35.20600128173828,35.206,2018-05-18,34.78799819946289,BUBBLE,8,330204.75,325958.09,-4246.66,-1.2861,False,0
NOW,C6_B_plus_C,2018-06-04,36.70000076293945,36.7,2018-06-14,37.06800079345703,BUBBLE,8,326958.09,329906.51,2948.42,0.9018,False,0
NOW,C6_B_plus_C,2018-07-10,37.119998931884766,37.1213,2018-09-14,40.59400177001953,BUBBLE,47,332906.51,363685.77,30779.26,9.2456,False,2
NOW,C6_B_plus_C,2018-11-08,37.23199844360352,37.232,2018-11-13,33.73400115966797,STOP_LOSS_5PCT,3,365685.77,330997.93,-34687.84,-9.4857,True,0
NOW,C6_B_plus_C,2018-11-29,35.81999969482422,35.8147,2019-01-04,35.84600067138672,BEAR,23,332997.93,332955.89,-42.04,-0.0126,False,2
NOW,C6_B_plus_C,2019-01-09,38.09400177001953,38.1116,2019-02-21,46.00199890136719,BUBBLE,29,333955.89,402693.49,68737.6,20.5828,False,1
NOW,C6_B_plus_C,2019-03-21,50.18999862670898,50.19,2019-03-26,49.0,BUBBLE,3,403693.49,393728.04,-9965.45,-2.4686,True,0
NOW,C6_B_plus_C,2019-04-23,48.709999084472656,48.719,2019-05-14,54.41400146484375,BUBBLE,15,395728.04,441545.22,45817.17,11.5779,False,1
NOW,C6_B_plus_C,2019-06-19,57.10200119018555,57.1033,2019-07-19,57.948001861572266,BUBBLE,21,443545.22,449656.87,6111.65,1.3779,False,1
NOW,C6_B_plus_C,2019-08-22,52.928001403808594,52.9805,2020-03-30,57.27799987792969,BEAR,151,457656.87,494285.01,36628.14,8.0034,False,7
NOW,C6_B_plus_C,2020-04-09,55.61199951171875,55.6362,2020-05-22,77.59200286865234,BUBBLE,30,496285.01,691442.88,195157.87,39.3237,False,1
NOW,C6_B_plus_C,2020-06-11,75.01000213623047,75.01,2020-06-17,80.12999725341797,BUBBLE,4,692442.88,738967.96,46525.08,6.719,True,0
NOW,C6_B_plus_C,2020-07-02,82.84200286865234,82.842,2020-07-14,82.64600372314453,BUBBLE,7,739967.96,737479.39,-2488.57,-0.3363,False,0
NOW,C6_B_plus_C,2020-08-21,89.88400268554688,89.8962,2020-09-08,88.62799835205078,BUBBLE,11,739479.39,728318.32,-11161.08,-1.5093,False,1
NOW,C6_B_plus_C,2020-10-05,100.35800170898438,100.358,2020-10-22,101.19200134277344,BUBBLE,13,729318.32,734644.12,5325.8,0.7302,False,0
NOW,C6_B_plus_C,2020-11-06,107.03600311279295,107.036,2020-11-10,96.25599670410156,STOP_LOSS_5PCT,2,735644.12,660893.35,-74750.76,-10.1613,True,0
NOW,C6_B_plus_C,2020-11-16,100.45600128173828,100.456,2020-11-19,102.86599731445312,BUBBLE,3,660893.35,676072.15,15178.79,2.2967,True,0
NOW,C6_B_plus_C,2020-12-09,105.5979995727539,105.598,2020-12-29,109.1959991455078,BUBBLE,13,677072.15,699441.97,22369.82,3.3039,False,0
NOW,C6_B_plus_C,2021-01-22,108.21800231933594,108.2292,2021-02-18,115.16000366210938,BUBBLE,18,701441.97,745614.94,44172.96,6.2975,False,1
NOW,C6_B_plus_C,2021-03-29,97.0780029296875,97.2165,2021-11-03,137.53399658203125,BUBBLE,153,754614.94,1066501.29,311886.35,41.3305,False,8
NOW,C6_B_plus_C,2021-12-08,133.16200256347656,133.162,2021-12-15,129.4080047607422,STOP_LOSS_5PCT,5,1067501.29,1036370.25,-31131.04,-2.9163,True,0
NOW,C6_B_plus_C,2021-12-28,130.8000030517578,130.7738,2022-02-22,110.02999877929688,BEAR,38,1038370.25,872787.23,-165583.02,-15.9464,False,2
NOW,C6_B_plus_C,2022-03-18,115.97599792480467,115.976,2022-04-04,114.96399688720705,STOP_LOSS_5PCT,11,873787.23,865296.87,-8490.36,-0.9717,False,0
NOW,C6_B_plus_C,2022-04-05,110.6439971923828,110.644,2022-04-06,105.58999633789062,BEAR,1,866296.87,825899.82,-40397.06,-4.6632,True,0
NOW,C6_B_plus_C,2022-05-26,90.9739990234375,90.9887,2022-09-20,82.23999786376953,BEAR,79,830899.82,750257.22,-80642.6,-9.7055,False,4
NOW,C6_B_plus_C,2022-10-05,84.11599731445312,84.116,2022-10-11,74.26000213623047,STOP_LOSS_5PCT,4,751257.22,662568.4,-88688.81,-11.8054,True,0
NOW,C6_B_plus_C,2022-10-26,73.28199768066406,73.3018,2022-12-08,79.24600219726562,BEAR,30,664568.4,717741.71,53173.31,8.0012,False,2
NOW,C6_B_plus_C,2022-12-13,83.23400115966797,83.234,2022-12-19,76.45999908447266,STOP_LOSS_5PCT,4,717741.71,658669.28,-59072.43,-8.2303,True,0
NOW,C6_B_plus_C,2023-01-05,73.26399993896484,73.264,2023-01-06,73.30599975585938,BEAR,1,659669.28,659387.73,-281.55,-0.0427,True,0
NOW,C6_B_plus_C,2023-01-18,83.23999786376953,83.265,2023-03-23,88.09400177001953,BEAR,45,661387.73,699046.2,37658.47,5.6939,False,2
NOW,C6_B_plus_C,2023-03-24,86.58000183105469,86.5912,2023-04-26,90.80599975585938,BEAR,22,700046.2,733386.86,33340.66,4.7626,False,1
NOW,C6_B_plus_C,2023-05-16,93.64800262451172,93.6666,2023-06-12,109.2699966430664,BUBBLE,18,735386.86,857033.61,121646.75,16.5419,False,1
NOW,C6_B_plus_C,2023-07-14,116.07599639892578,116.0912,2023-12-15,139.6479949951172,BUBBLE,108,863033.61,1037119.61,174086.01,20.1714,False,5
NOW,C6_B_plus_C,2024-01-12,145.83599853515625,145.8454,2024-02-13,154.7519989013672,BUBBLE,21,1039119.61,1101475.63,62356.02,6.0009,False,1
NOW,C6_B_plus_C,2024-03-21,154.63600158691406,154.657,2024-11-29,209.88800048828125,BUBBLE,175,1110475.63,1505541.53,395065.9,35.5763,False,8
NOW,C6_B_plus_C,2024-12-13,224.22000122070312,224.22,2024-12-19,214.9739990234375,STOP_LOSS_5PCT,4,1506541.53,1442973.64,-63567.89,-4.2195,True,0
NOW,C6_B_plus_C,2024-12-20,218.25,218.1557,2025-04-17,154.4320068359375,BEAR,79,1446973.64,1023285.93,-423687.71,-29.281,False,4
NOW,C6_B_plus_C,2025-04-29,188.572006225586,188.5943,2025-09-26,187.1999969482422,BEAR,104,1028285.93,1019663.27,-8622.66,-0.8385,False,5
NOW,C6_B_plus_C,2025-09-30,184.05599975585932,184.0473,2025-11-05,175.92599487304688,BEAR,26,1021663.27,975604.83,-46058.44,-4.5082,False,2
NOW,C6_B_plus_C,2025-12-04,167.7740020751953,167.774,2025-12-16,156.2239990234375,STOP_LOSS_5PCT,8,976604.83,908463.87,-68140.96,-6.9773,False,0
NOW,C6_B_plus_C,2026-02-19,107.37000274658205,107.37,2026-02-20,104.2699966430664,BEAR,1,910463.87,883293.06,-27170.81,-2.9843,True,0
NOW,C6_B_plus_C,2026-03-09,121.93000030517578,121.93,2026-03-12,112.97000122070312,STOP_LOSS_5PCT,3,884293.06,818492.08,-65800.98,-7.4411,True,0
NOW,C6_B_plus_C,2026-04-21,100.13999938964844,100.14,2026-04-24,90.16999816894533,BEAR,3,819492.08,737165.4,-82326.68,-10.0461,True,0
NOW,C6_B_plus_C,2026-05-08,91.18000030517578,91.2153,2026-06-12,102.1500015258789,BEAR,24,739165.4,826948.04,87782.65,11.8759,False,1
NOW,C6_B_plus_C,2026-06-30,99.27999877929688,99.2879,2026-07-22,95.45999908447266,BEAR,15,827948.04,795231.76,-32716.28,-3.9515,False,1
NOW,C7_Full_Candidate,2014-04-22,11.04599952697754,11.0563,2014-10-01,11.460000038146973,BEAR,113,106000.0,109760.49,3760.49,3.5476,False,5
NOW,C7_Full_Candidate,2014-10-22,11.61400032043457,11.6676,2015-03-02,15.288000106811523,BUBBLE,88,114760.49,150220.17,35459.69,30.8989,False,4
NOW,C7_Full_Candidate,2015-03-18,16.010000228881836,16.01,2015-03-31,15.755999565124512,BUBBLE,9,151220.17,148672.3,-2547.87,-1.6849,False,0
NOW,C7_Full_Candidate,2015-04-17,14.657999992370604,14.6316,2016-05-06,13.456000328063965,BEAR,266,162672.3,149452.21,-13220.09,-8.1268,False,13
NOW,C7_Full_Candidate,2016-05-18,14.005999565124512,14.0085,2016-08-18,14.61400032043457,BEAR,64,152452.21,158882.66,6430.45,4.218,False,3
NOW,C7_Full_Candidate,2016-09-01,14.800000190734863,14.8,2016-09-14,14.51200008392334,BEAR,8,159882.66,156614.73,-3267.92,-2.044,False,0
NOW,C7_Full_Candidate,2016-09-20,15.055999755859377,15.274,2017-10-24,25.17799949645996,BUBBLE,276,169614.73,279317.7,109702.97,64.6777,False,13
NOW,C7_Full_Candidate,2017-11-09,25.11000061035156,25.1199,2018-02-06,29.804000854492188,BUBBLE,59,283317.7,335811.44,52493.74,18.5282,False,3
NOW,C7_Full_Candidate,2018-02-21,31.516000747680664,31.5211,2018-03-19,33.96200180053711,BUBBLE,18,336811.44,362530.37,25718.93,7.636,False,1
NOW,C7_Full_Candidate,2018-04-18,34.86000061035156,34.86,2018-04-25,31.600000381469727,STOP_LOSS_5PCT,5,363530.37,329204.75,-34325.61,-9.4423,True,0
NOW,C7_Full_Candidate,2018-05-08,35.20600128173828,35.206,2018-05-18,34.78799819946289,BUBBLE,8,330204.75,325958.09,-4246.66,-1.2861,False,0
NOW,C7_Full_Candidate,2018-06-04,36.70000076293945,36.7,2018-06-14,37.06800079345703,BUBBLE,8,326958.09,329906.51,2948.42,0.9018,False,0
NOW,C7_Full_Candidate,2018-07-12,38.93199920654297,38.932,2018-07-25,36.77199935913086,STOP_LOSS_5PCT,9,330906.51,312234.98,-18671.53,-5.6425,False,0
NOW,C7_Full_Candidate,2018-07-26,38.4640007019043,38.4567,2018-09-14,40.59400177001953,BUBBLE,35,314234.98,331368.02,17133.04,5.4523,False,2
NOW,C7_Full_Candidate,2018-11-08,37.23199844360352,37.232,2018-11-13,33.73400115966797,STOP_LOSS_5PCT,3,333368.02,301745.74,-31622.28,-9.4857,True,0
NOW,C7_Full_Candidate,2018-11-29,35.81999969482422,35.8142,2019-01-04,35.84600067138672,BEAR,23,303745.74,303711.73,-34.01,-0.0112,False,2
NOW,C7_Full_Candidate,2019-01-09,38.09400177001953,38.1133,2019-02-21,46.00199890136719,BUBBLE,29,304711.73,367413.79,62702.06,20.5775,False,1
NOW,C7_Full_Candidate,2019-03-21,50.18999862670898,50.19,2019-03-26,49.0,BUBBLE,3,368413.79,359319.24,-9094.54,-2.4686,True,0
NOW,C7_Full_Candidate,2019-04-23,48.709999084472656,48.7198,2019-05-14,54.41400146484375,BUBBLE,15,361319.24,403145.52,41826.28,11.576,False,1
NOW,C7_Full_Candidate,2019-06-19,57.10200119018555,57.1034,2019-07-19,57.948001861572266,BUBBLE,21,405145.52,410727.21,5581.69,1.3777,False,1
NOW,C7_Full_Candidate,2019-09-05,53.92399978637695,53.924,2019-09-10,50.63600158691406,STOP_LOSS_5PCT,3,412727.21,387173.94,-25553.27,-6.1913,True,0
NOW,C7_Full_Candidate,2019-09-23,53.400001525878906,53.453,2020-03-30,57.27799987792969,BEAR,130,393173.94,420888.01,27714.07,7.0488,False,6
NOW,C7_Full_Candidate,2020-04-09,55.61199951171875,55.6404,2020-05-22,77.59200286865234,BUBBLE,30,422888.01,589138.91,166250.9,39.3132,False,1
NOW,C7_Full_Candidate,2020-06-11,75.01000213623047,75.01,2020-06-17,80.12999725341797,BUBBLE,4,590138.91,629790.21,39651.3,6.719,True,0
NOW,C7_Full_Candidate,2020-07-02,82.84200286865234,82.842,2020-07-14,82.64600372314453,BUBBLE,7,630790.21,628668.82,-2121.39,-0.3363,False,0
NOW,C7_Full_Candidate,2020-08-21,89.88400268554688,89.8983,2020-09-08,88.62799835205078,BUBBLE,11,630668.82,621135.45,-9533.37,-1.5116,False,1
NOW,C7_Full_Candidate,2020-10-05,100.35800170898438,100.358,2020-10-22,101.19200134277344,BUBBLE,13,622135.45,626678.56,4543.11,0.7302,False,0
NOW,C7_Full_Candidate,2020-11-06,107.03600311279295,107.036,2020-11-10,96.25599670410156,STOP_LOSS_5PCT,2,627678.56,563898.46,-63780.1,-10.1613,True,0
NOW,C7_Full_Candidate,2020-11-16,100.45600128173828,100.456,2020-11-19,102.86599731445312,BUBBLE,3,563898.46,576849.57,12951.1,2.2967,True,0
NOW,C7_Full_Candidate,2020-12-09,105.5979995727539,105.598,2020-12-29,109.1959991455078,BUBBLE,13,577849.57,596941.17,19091.6,3.3039,False,0
NOW,C7_Full_Candidate,2021-01-29,108.63200378417967,108.6445,2021-02-18,115.16000366210938,BUBBLE,13,598941.17,634225.37,35284.2,5.8911,False,1
NOW,C7_Full_Candidate,2021-03-29,97.0780029296875,97.2405,2021-11-03,137.53399658203125,BUBBLE,153,643225.37,908849.3,265623.93,41.2956,False,8
NOW,C7_Full_Candidate,2021-12-08,133.16200256347656,133.162,2021-12-15,129.4080047607422,STOP_LOSS_5PCT,5,909849.3,883315.79,-26533.51,-2.9163,True,0
NOW,C7_Full_Candidate,2022-01-31,117.15599822998048,117.1549,2022-02-22,110.02999877929688,BEAR,15,885315.79,830642.98,-54672.8,-6.1755,False,1
NOW,C7_Full_Candidate,2022-03-18,115.97599792480467,115.976,2022-04-04,114.96399688720705,STOP_LOSS_5PCT,11,831642.98,823562.13,-8080.85,-0.9717,False,0
NOW,C7_Full_Candidate,2022-04-05,110.6439971923828,110.644,2022-04-06,105.58999633789062,BEAR,1,824562.13,786111.25,-38450.89,-4.6632,True,0
NOW,C7_Full_Candidate,2022-05-26,90.9739990234375,90.9894,2022-09-20,82.23999786376953,BEAR,79,791111.25,714324.52,-76786.73,-9.7062,False,4
NOW,C7_Full_Candidate,2022-10-05,84.11599731445312,84.116,2022-10-11,74.26000213623047,STOP_LOSS_5PCT,4,715324.52,630877.7,-84446.82,-11.8054,True,0
NOW,C7_Full_Candidate,2022-10-26,73.28199768066406,73.3028,2022-12-08,79.24600219726562,BEAR,30,632877.7,683506.13,50628.43,7.9997,False,2
NOW,C7_Full_Candidate,2022-12-13,83.23400115966797,83.234,2022-12-19,76.45999908447266,STOP_LOSS_5PCT,4,683506.13,627251.39,-56254.74,-8.2303,True,0
NOW,C7_Full_Candidate,2023-01-05,73.26399993896484,73.264,2023-01-06,73.30599975585938,BEAR,1,628251.39,627983.25,-268.14,-0.0427,True,0
NOW,C7_Full_Candidate,2023-01-18,83.23999786376953,83.2662,2023-03-23,88.09400177001953,BEAR,45,629983.25,665843.64,35860.39,5.6923,False,2
NOW,C7_Full_Candidate,2023-04-05,93.46600341796876,93.466,2023-04-26,90.80599975585938,BEAR,14,666843.64,647218.01,-19625.64,-2.9431,False,0
NOW,C7_Full_Candidate,2023-05-16,93.64800262451172,93.669,2023-06-12,109.2699966430664,BUBBLE,18,649218.01,756590.9,107372.89,16.5388,False,1
NOW,C7_Full_Candidate,2023-07-14,116.07599639892578,116.0932,2023-12-15,139.6479949951172,BUBBLE,108,762590.9,916400.4,153809.5,20.1693,False,5
NOW,C7_Full_Candidate,2024-01-12,145.83599853515625,145.8466,2024-02-13,154.7519989013672,BUBBLE,21,918400.4,973504.02,55103.62,6.0,False,1
NOW,C7_Full_Candidate,2024-03-21,154.63600158691406,154.6597,2024-11-29,209.88800048828125,BUBBLE,175,982504.02,1332018.81,349514.79,35.5739,False,8
NOW,C7_Full_Candidate,2024-12-13,224.22000122070312,224.22,2024-12-19,214.9739990234375,STOP_LOSS_5PCT,4,1333018.81,1276772.64,-56246.17,-4.2195,True,0
NOW,C7_Full_Candidate,2024-12-20,218.25,218.1435,2025-04-17,154.4320068359375,BEAR,79,1280772.64,905800.93,-374971.71,-29.277,False,4
NOW,C7_Full_Candidate,2025-04-29,188.572006225586,188.5972,2025-09-26,187.1999969482422,BEAR,104,910800.93,903149.64,-7651.29,-0.8401,False,5
NOW,C7_Full_Candidate,2025-10-15,180.6100006103516,180.6065,2025-11-05,175.92599487304688,BEAR,15,905149.64,880810.9,-24338.74,-2.6889,False,1
NOW,C7_Full_Candidate,2025-12-04,167.7740020751953,167.774,2025-12-16,156.2239990234375,STOP_LOSS_5PCT,8,881810.9,820284.02,-61526.87,-6.9773,False,0
NOW,C7_Full_Candidate,2026-02-19,107.37000274658205,107.37,2026-02-20,104.2699966430664,BEAR,1,822284.02,797744.75,-24539.28,-2.9843,True,0
NOW,C7_Full_Candidate,2026-03-09,121.93000030517578,121.93,2026-03-12,112.97000122070312,STOP_LOSS_5PCT,3,798744.75,739309.49,-59435.26,-7.4411,True,0
NOW,C7_Full_Candidate,2026-04-21,100.13999938964844,100.14,2026-04-24,90.16999816894533,BEAR,3,740309.49,665937.54,-74371.95,-10.0461,True,0
NOW,C7_Full_Candidate,2026-05-08,91.18000030517578,91.219,2026-06-12,102.1500015258789,BEAR,24,667937.54,747230.41,79292.88,11.8713,False,1
NOW,C7_Full_Candidate,2026-06-30,99.27999877929688,99.2888,2026-07-22,95.45999908447266,BEAR,15,748230.41,718658.04,-29572.37,-3.9523,False,1
QQQ,C0_Baseline,2014-05-15,79.34750366210938,80.6918,2015-06-30,98.80793762207033,BEAR,293,115000.0,140677.91,25677.91,22.3286,False,13
QQQ,C0_Baseline,2015-07-16,103.30215454101562,103.2188,2016-01-05,101.42930603027344,BEAR,123,147677.91,144972.61,-2705.29,-1.8319,False,6
QQQ,C0_Baseline,2016-03-04,98.0517578125,98.0815,2016-05-18,98.51944732666016,BEAR,53,148972.61,149488.2,515.59,0.3461,False,2
QQQ,C0_Baseline,2016-05-27,102.49333953857422,106.5366,2018-11-15,160.03329467773438,BEAR,644,179488.2,269347.65,89859.44,50.0643,False,30
QQQ,C0_Baseline,2019-01-03,143.04710388183594,143.0471,2019-01-04,149.16729736328125,BEAR,1,271347.65,282674.29,11326.65,4.1742,True,0
QQQ,C0_Baseline,2019-01-18,157.779541015625,157.8227,2019-03-08,163.43190002441406,BEAR,35,284674.29,294497.33,9823.04,3.4506,False,2
QQQ,C0_Baseline,2019-03-11,166.83099365234375,167.5275,2020-03-30,185.26345825195312,BEAR,275,306497.33,338607.19,32109.86,10.4764,False,12
QQQ,C0_Baseline,2020-04-17,207.69302368164065,207.8349,2020-08-04,261.29266357421875,BUBBLE,77,342607.19,430299.67,87692.49,25.5956,False,3
QQQ,C0_Baseline,2020-08-05,261.9401550292969,262.0036,2020-09-07,274.0489807128906,BUBBLE,23,432299.67,451722.26,19422.59,4.4929,False,1
QQQ,C0_Baseline,2020-09-08,260.8770751953125,262.7945,2022-02-04,348.2743835449219,BEAR,368,468722.26,620563.93,151841.67,32.3948,False,17
QQQ,C0_Baseline,2022-03-23,342.68560791015625,342.5894,2022-06-13,268.2518005371094,BEAR,58,624563.93,488552.57,-136011.36,-21.777,False,3
QQQ,C0_Baseline,2022-06-27,285.396484375,285.4157,2022-08-23,306.5242614746094,BEAR,41,490552.57,526305.92,35753.35,7.2884,False,2
QQQ,C0_Baseline,2022-08-24,307.4123229980469,307.3731,2022-09-14,288.8900756835937,BEAR,15,527305.92,495102.43,-32203.49,-6.1072,False,1
QQQ,C0_Baseline,2022-10-06,273.503173828125,273.5032,2022-10-10,260.45172119140625,BEAR,2,496102.43,471956.45,-24145.99,-4.8671,True,0
QQQ,C0_Baseline,2022-10-24,272.22247314453125,272.1948,2022-11-03,254.6641082763672,BEAR,8,472956.45,442053.42,-30903.03,-6.534,False,1
QQQ,C0_Baseline,2022-11-11,281.5196838378906,281.5297,2022-12-07,274.2559509277344,BEAR,18,443053.42,431175.14,-11878.28,-2.681,False,1
QQQ,C0_Baseline,2022-12-08,277.5016784667969,277.4563,2023-01-04,260.4186096191406,BEAR,19,432175.14,405231.23,-26943.91,-6.2345,False,1
QQQ,C0_Baseline,2023-01-16,275.3436889648437,275.4395,2023-03-10,282.7719116210937,BEAR,39,407231.23,417654.13,10422.9,2.5595,False,2
QQQ,C1_Decoupled_Scores,2014-05-15,79.34750366210938,80.6918,2015-06-30,98.80793762207033,BEAR,293,115000.0,140677.91,25677.91,22.3286,False,13
QQQ,C1_Decoupled_Scores,2015-07-16,103.30215454101562,103.2188,2016-01-05,101.42930603027344,BEAR,123,147677.91,144972.61,-2705.29,-1.8319,False,6
QQQ,C1_Decoupled_Scores,2016-03-04,98.0517578125,98.0815,2016-05-18,98.51944732666016,BEAR,53,148972.61,149488.2,515.59,0.3461,False,2
QQQ,C1_Decoupled_Scores,2016-05-27,102.49333953857422,106.5366,2018-11-15,160.03329467773438,BEAR,644,179488.2,269347.65,89859.44,50.0643,False,30
QQQ,C1_Decoupled_Scores,2019-01-03,143.04710388183594,143.0471,2019-01-04,149.16729736328125,BEAR,1,271347.65,282674.29,11326.65,4.1742,True,0
QQQ,C1_Decoupled_Scores,2019-01-18,157.779541015625,157.8227,2019-03-08,163.43190002441406,BEAR,35,284674.29,294497.33,9823.04,3.4506,False,2
QQQ,C1_Decoupled_Scores,2019-03-11,166.83099365234375,167.5275,2020-03-30,185.26345825195312,BEAR,275,306497.33,338607.19,32109.86,10.4764,False,12
QQQ,C1_Decoupled_Scores,2020-04-17,207.69302368164065,207.8349,2020-08-04,261.29266357421875,BUBBLE,77,342607.19,430299.67,87692.49,25.5956,False,3
QQQ,C1_Decoupled_Scores,2020-08-05,261.9401550292969,262.0036,2020-09-07,274.0489807128906,BUBBLE,23,432299.67,451722.26,19422.59,4.4929,False,1
QQQ,C1_Decoupled_Scores,2020-09-08,260.8770751953125,262.7945,2022-02-04,348.2743835449219,BEAR,368,468722.26,620563.93,151841.67,32.3948,False,17
QQQ,C1_Decoupled_Scores,2022-03-23,342.68560791015625,342.5894,2022-06-13,268.2518005371094,BEAR,58,624563.93,488552.57,-136011.36,-21.777,False,3
QQQ,C1_Decoupled_Scores,2022-06-27,285.396484375,285.4157,2022-08-23,306.5242614746094,BEAR,41,490552.57,526305.92,35753.35,7.2884,False,2
QQQ,C1_Decoupled_Scores,2022-08-24,307.4123229980469,307.3731,2022-09-14,288.8900756835937,BEAR,15,527305.92,495102.43,-32203.49,-6.1072,False,1
QQQ,C1_Decoupled_Scores,2022-10-06,273.503173828125,273.5032,2022-10-10,260.45172119140625,BEAR,2,496102.43,471956.45,-24145.99,-4.8671,True,0
QQQ,C1_Decoupled_Scores,2022-10-24,272.22247314453125,272.1948,2022-11-03,254.6641082763672,BEAR,8,472956.45,442053.42,-30903.03,-6.534,False,1
QQQ,C1_Decoupled_Scores,2022-11-11,281.5196838378906,281.5297,2022-12-07,274.2559509277344,BEAR,18,443053.42,431175.14,-11878.28,-2.681,False,1
QQQ,C1_Decoupled_Scores,2022-12-08,277.5016784667969,277.4563,2023-01-04,260.4186096191406,BEAR,19,432175.14,405231.23,-26943.91,-6.2345,False,1
QQQ,C1_Decoupled_Scores,2023-01-16,275.3436889648437,275.4395,2023-03-10,282.7719116210937,BEAR,39,407231.23,417654.13,10422.9,2.5595,False,2
QQQ,C2_Panic_Latch,2014-04-22,79.7026596069336,81.0171,2015-06-30,98.80793762207033,BEAR,310,115000.0,140113.05,25113.05,21.8374,False,14
QQQ,C2_Panic_Latch,2015-07-16,103.30215454101562,103.2185,2016-01-05,101.42930603027344,BEAR,123,147113.05,144418.56,-2694.5,-1.8316,False,6
QQQ,C2_Panic_Latch,2016-02-01,96.8826141357422,96.8826,2016-02-08,89.65422058105469,BEAR,5,145418.56,134434.4,-10984.15,-7.5535,True,0
QQQ,C2_Panic_Latch,2016-02-18,94.02465057373048,94.1397,2016-05-18,98.51944732666016,BEAR,64,137434.4,143684.58,6250.18,4.5478,False,3
QQQ,C2_Panic_Latch,2016-05-27,102.49333953857422,106.6772,2018-11-15,160.03329467773438,BEAR,644,173684.58,260294.91,86610.33,49.8665,False,30
QQQ,C2_Panic_Latch,2018-11-29,160.09039306640625,160.0311,2019-01-04,149.16729736328125,BEAR,26,262294.91,244244.56,-18050.35,-6.8817,False,2
QQQ,C2_Panic_Latch,2019-01-18,157.779541015625,157.8294,2019-03-08,163.43190002441406,BEAR,35,246244.56,254730.66,8486.1,3.4462,False,2
QQQ,C2_Panic_Latch,2019-03-11,166.83099365234375,167.6318,2020-03-30,185.26345825195312,BEAR,275,266730.66,294491.01,27760.34,10.4076,False,12
QQQ,C2_Panic_Latch,2020-04-14,204.38406372070312,204.5745,2020-08-04,261.29266357421875,BUBBLE,80,298491.01,380866.4,82375.4,27.5973,False,3
QQQ,C2_Panic_Latch,2020-08-05,261.9401550292969,262.0118,2020-09-07,274.0489807128906,BUBBLE,23,382866.4,400055.51,17189.1,4.4896,False,1
QQQ,C2_Panic_Latch,2020-09-08,260.8770751953125,263.034,2022-02-04,348.2743835449219,BEAR,368,417055.51,551657.07,134601.56,32.2743,False,17
QQQ,C2_Panic_Latch,2022-03-18,341.93170166015625,341.8281,2022-06-13,268.2518005371094,BEAR,61,555657.07,435619.59,-120037.48,-21.6028,False,3
QQQ,C2_Panic_Latch,2022-06-27,285.396484375,285.418,2022-08-23,306.5242614746094,BEAR,41,437619.59,469511.16,31891.57,7.2875,False,2
QQQ,C2_Panic_Latch,2022-08-24,307.4123229980469,307.3684,2022-09-14,288.8900756835937,BEAR,15,470511.16,441783.02,-28728.14,-6.1057,False,1
QQQ,C2_Panic_Latch,2022-10-06,273.503173828125,273.5032,2022-10-10,260.45172119140625,BEAR,2,442783.02,421232.17,-21550.86,-4.8671,True,0
QQQ,C2_Panic_Latch,2022-10-24,272.22247314453125,272.1915,2022-11-03,254.6641082763672,BEAR,8,422232.17,394648.29,-27583.88,-6.5329,False,1
QQQ,C2_Panic_Latch,2022-11-11,281.5196838378906,281.5308,2022-12-07,274.2559509277344,BEAR,18,395648.29,385039.31,-10608.98,-2.6814,False,1
QQQ,C2_Panic_Latch,2022-12-08,277.5016784667969,277.4509,2023-01-04,260.4186096191406,BEAR,19,386039.31,361978.8,-24060.51,-6.2327,False,1
QQQ,C2_Panic_Latch,2023-01-09,265.12255859375,265.2761,2023-03-10,282.7719116210937,BEAR,44,363978.8,387596.57,23617.77,6.4888,False,2
QQQ,C3_Reentry_Stop,2014-05-15,79.34750366210938,80.6918,2015-06-30,98.80793762207033,BEAR,293,115000.0,140677.91,25677.91,22.3286,False,13
QQQ,C3_Reentry_Stop,2015-07-16,103.30215454101562,103.2188,2016-01-05,101.42930603027344,BEAR,123,147677.91,144972.61,-2705.29,-1.8319,False,6
QQQ,C3_Reentry_Stop,2016-03-14,98.97966003417967,98.9974,2016-05-18,98.51944732666016,BEAR,47,148972.61,148105.19,-867.42,-0.5823,False,2
QQQ,C3_Reentry_Stop,2016-05-27,102.49333953857422,106.5692,2018-11-15,160.03329467773438,BEAR,644,178105.19,267190.37,89085.18,50.0183,False,30
QQQ,C3_Reentry_Stop,2019-01-03,143.04710388183594,143.0471,2019-01-04,149.16729736328125,BEAR,1,269190.37,280426.97,11236.6,4.1742,True,0
QQQ,C3_Reentry_Stop,2019-01-18,157.779541015625,157.823,2019-03-08,163.43190002441406,BEAR,35,282426.97,292171.82,9744.85,3.4504,False,2
QQQ,C3_Reentry_Stop,2019-03-12,167.74757385253906,168.4205,2020-03-30,185.26345825195312,BEAR,274,304171.82,334256.27,30084.45,9.8906,False,12
QQQ,C3_Reentry_Stop,2020-06-03,228.33786010742188,228.3805,2020-08-04,261.29266357421875,BUBBLE,44,338256.27,386616.02,48359.74,14.2968,False,1
QQQ,C3_Reentry_Stop,2020-08-18,268.6275634765625,268.6842,2020-09-07,274.0489807128906,BUBBLE,14,388616.02,395979.32,7363.3,1.8948,False,1
QQQ,C3_Reentry_Stop,2020-10-06,265.9119567871094,267.963,2022-02-04,348.2743835449219,BEAR,348,412979.32,536217.27,123237.94,29.8412,False,16
QQQ,C3_Reentry_Stop,2022-03-23,342.68560791015625,342.5744,2022-06-13,268.2518005371094,BEAR,58,540217.27,422592.61,-117624.66,-21.7736,False,3
QQQ,C3_Reentry_Stop,2022-06-27,285.396484375,285.4187,2022-08-23,306.5242614746094,BEAR,41,424592.61,455533.78,30941.17,7.2873,False,2
QQQ,C3_Reentry_Stop,2022-08-24,307.4123229980469,307.3671,2022-09-05,288.05084228515625,STOP_LOSS_5PCT,8,456533.78,427415.66,-29118.11,-6.3781,False,1
QQQ,C3_Reentry_Stop,2022-10-06,273.503173828125,273.5032,2022-10-10,260.45172119140625,BEAR,2,428415.66,407564.09,-20851.58,-4.8671,True,0
QQQ,C3_Reentry_Stop,2022-10-24,272.22247314453125,272.1905,2022-11-03,254.6641082763672,BEAR,8,408564.09,381874.58,-26689.51,-6.5325,False,1
QQQ,C3_Reentry_Stop,2022-11-11,281.5196838378906,281.5312,2022-12-07,274.2559509277344,BEAR,18,382874.58,372607.62,-10266.96,-2.6815,False,1
QQQ,C3_Reentry_Stop,2022-12-13,282.1943359375,282.1943,2022-12-20,264.1426086425781,STOP_LOSS_5PCT,5,372607.62,348423.64,-24183.98,-6.4905,True,0
QQQ,C3_Reentry_Stop,2023-01-16,275.3436889648437,275.4548,2023-03-10,282.7719116210937,BEAR,39,351423.64,360398.25,8974.61,2.5538,False,2
QQQ,C4_A_plus_B,2014-05-15,79.34750366210938,80.6918,2015-06-30,98.80793762207033,BEAR,293,115000.0,140677.91,25677.91,22.3286,False,13
QQQ,C4_A_plus_B,2015-07-14,101.75173950195312,101.7328,2016-01-05,101.42930603027344,BEAR,125,147677.91,147090.14,-587.77,-0.398,False,6
QQQ,C4_A_plus_B,2016-02-01,96.8826141357422,96.8826,2016-02-08,89.65422058105469,BEAR,5,148090.14,136904.19,-11185.95,-7.5535,True,0
QQQ,C4_A_plus_B,2016-02-18,94.02465057373048,94.1377,2016-05-18,98.51944732666016,BEAR,64,139904.19,146269.84,6365.66,4.55,False,3
QQQ,C4_A_plus_B,2016-05-27,102.49333953857422,106.6134,2018-11-15,160.03329467773438,BEAR,644,176269.84,264327.51,88057.67,49.9562,False,30
QQQ,C4_A_plus_B,2018-11-29,160.09039306640625,160.032,2019-01-04,149.16729736328125,BEAR,26,266327.51,247998.26,-18329.25,-6.8822,False,2
QQQ,C4_A_plus_B,2019-01-18,157.779541015625,157.8287,2019-03-08,163.43190002441406,BEAR,35,249998.26,258614.95,8616.69,3.4467,False,2
QQQ,C4_A_plus_B,2019-03-11,166.83099365234375,167.6202,2020-03-30,185.26345825195312,BEAR,275,270614.95,298800.14,28185.19,10.4152,False,12
QQQ,C4_A_plus_B,2020-04-14,204.38406372070312,204.5718,2020-08-04,261.29266357421875,BUBBLE,80,302800.14,386369.86,83569.72,27.599,False,3
QQQ,C4_A_plus_B,2020-08-05,261.9401550292969,262.0108,2020-09-07,274.0489807128906,BUBBLE,23,388369.86,405807.62,17437.76,4.49,False,1
QQQ,C4_A_plus_B,2020-09-08,260.8770751953125,263.0044,2022-02-04,348.2743835449219,BEAR,368,422807.62,559328.55,136520.92,32.2891,False,17
QQQ,C4_A_plus_B,2022-03-18,341.93170166015625,341.8295,2022-06-13,268.2518005371094,BEAR,61,563328.55,441631.99,-121696.55,-21.6031,False,3
QQQ,C4_A_plus_B,2022-06-27,285.396484375,285.4177,2022-08-23,306.5242614746094,BEAR,41,443631.99,475962.2,32330.21,7.2876,False,2
QQQ,C4_A_plus_B,2022-08-24,307.4123229980469,307.369,2022-09-14,288.8900756835937,BEAR,15,476962.2,447839.32,-29122.89,-6.1059,False,1
QQQ,C4_A_plus_B,2022-10-06,273.503173828125,273.5032,2022-10-10,260.45172119140625,BEAR,2,448839.32,426993.69,-21845.62,-4.8671,True,0
QQQ,C4_A_plus_B,2022-10-24,272.22247314453125,272.1919,2022-11-03,254.6641082763672,BEAR,8,427993.69,400032.81,-27960.89,-6.533,False,1
QQQ,C4_A_plus_B,2022-11-11,281.5196838378906,281.5307,2022-12-07,274.2559509277344,BEAR,18,401032.81,390279.65,-10753.15,-2.6814,False,1
QQQ,C4_A_plus_B,2022-12-08,277.5016784667969,277.4516,2023-01-04,260.4186096191406,BEAR,19,391279.65,366891.63,-24388.02,-6.2329,False,1
QQQ,C4_A_plus_B,2023-01-09,265.12255859375,265.2741,2023-03-10,282.7719116210937,BEAR,44,368891.63,392831.22,23939.58,6.4896,False,2
QQQ,C5_A_plus_C,2014-05-15,79.34750366210938,80.6918,2015-06-30,98.80793762207033,BEAR,293,115000.0,140677.91,25677.91,22.3286,False,13
QQQ,C5_A_plus_C,2015-07-16,103.30215454101562,103.2188,2016-01-05,101.42930603027344,BEAR,123,147677.91,144972.61,-2705.29,-1.8319,False,6
QQQ,C5_A_plus_C,2016-03-14,98.97966003417967,98.9974,2016-05-18,98.51944732666016,BEAR,47,148972.61,148105.19,-867.42,-0.5823,False,2
QQQ,C5_A_plus_C,2016-05-27,102.49333953857422,106.5692,2018-11-15,160.03329467773438,BEAR,644,178105.19,267190.37,89085.18,50.0183,False,30
QQQ,C5_A_plus_C,2019-01-03,143.04710388183594,143.0471,2019-01-04,149.16729736328125,BEAR,1,269190.37,280426.97,11236.6,4.1742,True,0
QQQ,C5_A_plus_C,2019-01-18,157.779541015625,157.823,2019-03-08,163.43190002441406,BEAR,35,282426.97,292171.82,9744.85,3.4504,False,2
QQQ,C5_A_plus_C,2019-03-12,167.74757385253906,168.4205,2020-03-30,185.26345825195312,BEAR,274,304171.82,334256.27,30084.45,9.8906,False,12
QQQ,C5_A_plus_C,2020-06-03,228.33786010742188,228.3805,2020-08-04,261.29266357421875,BUBBLE,44,338256.27,386616.02,48359.74,14.2968,False,1
QQQ,C5_A_plus_C,2020-08-18,268.6275634765625,268.6842,2020-09-07,274.0489807128906,BUBBLE,14,388616.02,395979.32,7363.3,1.8948,False,1
QQQ,C5_A_plus_C,2020-10-06,265.9119567871094,267.963,2022-02-04,348.2743835449219,BEAR,348,412979.32,536217.27,123237.94,29.8412,False,16
QQQ,C5_A_plus_C,2022-03-23,342.68560791015625,342.5744,2022-06-13,268.2518005371094,BEAR,58,540217.27,422592.61,-117624.66,-21.7736,False,3
QQQ,C5_A_plus_C,2022-06-27,285.396484375,285.4187,2022-08-23,306.5242614746094,BEAR,41,424592.61,455533.78,30941.17,7.2873,False,2
QQQ,C5_A_plus_C,2022-08-24,307.4123229980469,307.3671,2022-09-05,288.05084228515625,STOP_LOSS_5PCT,8,456533.78,427415.66,-29118.11,-6.3781,False,1
QQQ,C5_A_plus_C,2022-10-06,273.503173828125,273.5032,2022-10-10,260.45172119140625,BEAR,2,428415.66,407564.09,-20851.58,-4.8671,True,0
QQQ,C5_A_plus_C,2022-10-24,272.22247314453125,272.1905,2022-11-03,254.6641082763672,BEAR,8,408564.09,381874.58,-26689.51,-6.5325,False,1
QQQ,C5_A_plus_C,2022-11-11,281.5196838378906,281.5312,2022-12-07,274.2559509277344,BEAR,18,382874.58,372607.62,-10266.96,-2.6815,False,1
QQQ,C5_A_plus_C,2022-12-13,282.1943359375,282.1943,2022-12-20,264.1426086425781,STOP_LOSS_5PCT,5,372607.62,348423.64,-24183.98,-6.4905,True,0
QQQ,C5_A_plus_C,2023-01-16,275.3436889648437,275.4548,2023-03-10,282.7719116210937,BEAR,39,351423.64,360398.25,8974.61,2.5538,False,2
QQQ,C6_B_plus_C,2014-04-22,79.7026596069336,81.0171,2015-06-30,98.80793762207033,BEAR,310,115000.0,140113.05,25113.05,21.8374,False,14
QQQ,C6_B_plus_C,2015-07-16,103.30215454101562,103.2185,2016-01-05,101.42930603027344,BEAR,123,147113.05,144418.56,-2694.5,-1.8316,False,6
QQQ,C6_B_plus_C,2016-02-01,96.8826141357422,96.8826,2016-02-08,89.65422058105469,STOP_LOSS_5PCT,5,145418.56,134434.4,-10984.15,-7.5535,True,0
QQQ,C6_B_plus_C,2016-02-18,94.02465057373048,94.1397,2016-05-18,98.51944732666016,BEAR,64,137434.4,143684.58,6250.18,4.5478,False,3
QQQ,C6_B_plus_C,2016-05-27,102.49333953857422,106.6772,2018-11-15,160.03329467773438,BEAR,644,173684.58,260294.91,86610.33,49.8665,False,30
QQQ,C6_B_plus_C,2018-11-29,160.09039306640625,160.0311,2019-01-04,149.16729736328125,BEAR,26,262294.91,244244.56,-18050.35,-6.8817,False,2
QQQ,C6_B_plus_C,2019-01-18,157.779541015625,157.8294,2019-03-08,163.43190002441406,BEAR,35,246244.56,254730.66,8486.1,3.4462,False,2
QQQ,C6_B_plus_C,2019-03-12,167.74757385253906,168.5154,2020-03-30,185.26345825195312,BEAR,274,266730.66,292946.91,26216.25,9.8287,False,12
QQQ,C6_B_plus_C,2020-04-14,204.38406372070312,204.5755,2020-08-04,261.29266357421875,BUBBLE,80,296946.91,378894.34,81947.43,27.5967,False,3
QQQ,C6_B_plus_C,2020-08-18,268.6275634765625,268.6853,2020-09-07,274.0489807128906,BUBBLE,14,380894.34,388109.68,7215.34,1.8943,False,1
QQQ,C6_B_plus_C,2020-10-06,265.9119567871094,268.0031,2022-02-04,348.2743835449219,BEAR,348,405109.68,525920.42,120810.74,29.8217,False,16
QQQ,C6_B_plus_C,2022-03-18,341.93170166015625,341.8231,2022-06-13,268.2518005371094,BEAR,61,529920.42,415448.89,-114471.53,-21.6016,False,3
QQQ,C6_B_plus_C,2022-06-27,285.396484375,285.4191,2022-08-23,306.5242614746094,BEAR,41,417448.89,447868.88,30419.99,7.2871,False,2
QQQ,C6_B_plus_C,2022-08-24,307.4123229980469,307.3663,2022-09-05,288.05084228515625,STOP_LOSS_5PCT,8,448868.88,420240.7,-28628.18,-6.3778,False,1
QQQ,C6_B_plus_C,2022-09-12,303.2452697753906,303.2453,2022-09-14,288.8900756835937,BEAR,2,420240.7,399946.96,-20293.74,-4.8291,True,0
QQQ,C6_B_plus_C,2022-10-06,273.503173828125,273.5032,2022-10-10,260.45172119140625,BEAR,2,400946.96,381432.32,-19514.64,-4.8671,True,0
QQQ,C6_B_plus_C,2022-10-24,272.22247314453125,272.1883,2022-11-03,254.6641082763672,BEAR,8,382432.32,357452.75,-24979.57,-6.5318,False,1
QQQ,C6_B_plus_C,2022-11-11,281.5196838378906,281.532,2022-12-07,274.2559509277344,BEAR,18,358452.75,348839.7,-9613.05,-2.6818,False,1
QQQ,C6_B_plus_C,2022-12-13,282.1943359375,282.1943,2022-12-20,264.1426086425781,STOP_LOSS_5PCT,5,348839.7,326198.37,-22641.34,-6.4905,True,0
QQQ,C6_B_plus_C,2023-01-09,265.12255859375,265.2923,2023-03-10,282.7719116210937,BEAR,44,329198.37,350537.86,21339.5,6.4823,False,2
QQQ,C7_Full_Candidate,2014-05-15,79.34750366210938,80.6918,2015-06-30,98.80793762207033,BEAR,293,115000.0,140677.91,25677.91,22.3286,False,13
QQQ,C7_Full_Candidate,2015-07-14,101.75173950195312,101.7328,2016-01-05,101.42930603027344,BEAR,125,147677.91,147090.14,-587.77,-0.398,False,6
QQQ,C7_Full_Candidate,2016-02-01,96.8826141357422,96.8826,2016-02-08,89.65422058105469,STOP_LOSS_5PCT,5,148090.14,136904.19,-11185.95,-7.5535,True,0
QQQ,C7_Full_Candidate,2016-02-18,94.02465057373048,94.1377,2016-05-18,98.51944732666016,BEAR,64,139904.19,146269.84,6365.66,4.55,False,3
QQQ,C7_Full_Candidate,2016-05-27,102.49333953857422,106.6134,2018-11-15,160.03329467773438,BEAR,644,176269.84,264327.51,88057.67,49.9562,False,30
QQQ,C7_Full_Candidate,2018-11-29,160.09039306640625,160.032,2019-01-04,149.16729736328125,BEAR,26,266327.51,247998.26,-18329.25,-6.8822,False,2
QQQ,C7_Full_Candidate,2019-01-18,157.779541015625,157.8287,2019-03-08,163.43190002441406,BEAR,35,249998.26,258614.95,8616.69,3.4467,False,2
QQQ,C7_Full_Candidate,2019-03-12,167.74757385253906,168.5043,2020-03-30,185.26345825195312,BEAR,274,270614.95,297232.5,26617.55,9.8359,False,12
QQQ,C7_Full_Candidate,2020-04-14,204.38406372070312,204.5728,2020-08-04,261.29266357421875,BUBBLE,80,301232.5,384367.73,83135.23,27.5984,False,3
QQQ,C7_Full_Candidate,2020-08-18,268.6275634765625,268.6845,2020-09-07,274.0489807128906,BUBBLE,14,386367.73,393687.95,7320.22,1.8946,False,1
QQQ,C7_Full_Candidate,2020-10-06,265.9119567871094,267.9745,2022-02-04,348.2743835449219,BEAR,348,410687.95,533219.18,122531.22,29.8356,False,16
QQQ,C7_Full_Candidate,2022-03-18,341.93170166015625,341.8246,2022-06-13,268.2518005371094,BEAR,61,537219.18,421169.18,-116050.0,-21.602,False,3
QQQ,C7_Full_Candidate,2022-06-27,285.396484375,285.4188,2022-08-23,306.5242614746094,BEAR,41,423169.18,454006.5,30837.32,7.2872,False,2
QQQ,C7_Full_Candidate,2022-08-24,307.4123229980469,307.3669,2022-09-05,288.05084228515625,STOP_LOSS_5PCT,8,455006.5,425986.01,-29020.49,-6.378,False,1
QQQ,C7_Full_Candidate,2022-09-12,303.2452697753906,303.2453,2022-09-14,288.8900756835937,BEAR,2,425986.01,405414.83,-20571.18,-4.8291,True,0
QQQ,C7_Full_Candidate,2022-10-06,273.503173828125,273.5032,2022-10-10,260.45172119140625,BEAR,2,406414.83,386634.06,-19780.77,-4.8671,True,0
QQQ,C7_Full_Candidate,2022-10-24,272.22247314453125,272.1887,2022-11-03,254.6641082763672,BEAR,8,387634.06,362314.11,-25319.95,-6.5319,False,1
QQQ,C7_Full_Candidate,2022-11-11,281.5196838378906,281.5318,2022-12-07,274.2559509277344,BEAR,18,363314.11,353570.9,-9743.21,-2.6818,False,1
QQQ,C7_Full_Candidate,2022-12-13,282.1943359375,282.1943,2022-12-20,264.1426086425781,STOP_LOSS_5PCT,5,353570.9,330622.48,-22948.41,-6.4905,True,0
QQQ,C7_Full_Candidate,2023-01-09,265.12255859375,265.2901,2023-03-10,282.7719116210937,BEAR,44,333622.48,355251.78,21629.3,6.4832,False,2
SPY,C0_Baseline,2014-04-21,152.20523071289062,153.7294,2015-06-30,171.62454223632812,BEAR,311,115000.0,128258.47,13258.47,11.5291,False,14
SPY,C0_Baseline,2015-07-16,177.00216674804688,176.8669,2015-09-11,164.02926635742188,BEAR,41,131258.47,121609.58,-9648.89,-7.3511,False,2
SPY,C0_Baseline,2015-10-12,168.8879852294922,168.9983,2016-01-05,169.7581787109375,BEAR,61,125609.58,126048.26,438.68,0.3492,False,3
SPY,C0_Baseline,2016-03-01,167.0182342529297,174.179,2018-11-15,242.8201446533203,BEAR,707,160048.26,222897.72,62849.46,39.2691,False,32
SPY,C0_Baseline,2019-01-21,238.36973571777344,239.8701,2020-03-30,239.9014892578125,BEAR,310,238897.72,238690.16,-207.56,-0.0869,False,14
SPY,C0_Baseline,2020-04-29,268.83819580078125,268.8002,2020-05-14,261.2831115722656,BEAR,11,240690.16,233725.31,-6964.85,-2.8937,False,1
SPY,C0_Baseline,2020-05-15,262.48419189453125,262.5633,2020-06-12,278.92388916015625,BEAR,20,234725.31,249102.02,14376.71,6.1249,False,1
SPY,C0_Baseline,2020-06-15,281.5278015136719,286.4894,2022-02-04,422.19049072265625,BEAR,429,269102.02,396170.94,127068.92,47.2196,False,20
SPY,C0_Baseline,2022-03-23,418.8771362304688,418.8379,2022-05-25,375.0545349121094,BEAR,45,399170.94,357086.2,-42084.74,-10.543,False,2
SPY,C0_Baseline,2022-06-27,368.3519592285156,368.381,2022-08-25,397.6615905761719,BEAR,43,360086.2,388318.92,28232.72,7.8405,False,2
SPY,C0_Baseline,2022-08-26,384.2011413574219,384.1683,2022-09-16,366.9810485839844,BEAR,15,389318.92,371529.56,-17789.36,-4.5694,False,1
SPY,C0_Baseline,2022-10-14,340.3969421386719,340.5489,2022-12-07,374.21484375,BEAR,38,374529.56,411143.43,36613.88,9.776,False,2
SPY,C0_Baseline,2022-12-08,377.14642333984375,377.7254,2023-10-20,407.2051696777344,BEAR,226,421143.43,453558.02,32414.59,7.6968,False,10
SPY,C1_Decoupled_Scores,2014-04-21,152.20523071289062,153.7294,2015-06-30,171.62454223632812,BEAR,311,115000.0,128258.47,13258.47,11.5291,False,14
SPY,C1_Decoupled_Scores,2015-07-16,177.00216674804688,176.8669,2015-09-11,164.02926635742188,BEAR,41,131258.47,121609.58,-9648.89,-7.3511,False,2
SPY,C1_Decoupled_Scores,2015-10-12,168.8879852294922,168.9983,2016-01-05,169.7581787109375,BEAR,61,125609.58,126048.26,438.68,0.3492,False,3
SPY,C1_Decoupled_Scores,2016-03-01,167.0182342529297,174.179,2018-11-15,242.8201446533203,BEAR,707,160048.26,222897.72,62849.46,39.2691,False,32
SPY,C1_Decoupled_Scores,2019-01-21,238.36973571777344,239.8701,2020-03-30,239.9014892578125,BEAR,310,238897.72,238690.16,-207.56,-0.0869,False,14
SPY,C1_Decoupled_Scores,2020-04-29,268.83819580078125,268.8002,2020-05-14,261.2831115722656,BEAR,11,240690.16,233725.31,-6964.85,-2.8937,False,1
SPY,C1_Decoupled_Scores,2020-05-15,262.48419189453125,262.5633,2020-06-12,278.92388916015625,BEAR,20,234725.31,249102.02,14376.71,6.1249,False,1
SPY,C1_Decoupled_Scores,2020-06-15,281.5278015136719,286.4894,2022-02-04,422.19049072265625,BEAR,429,269102.02,396170.94,127068.92,47.2196,False,20
SPY,C1_Decoupled_Scores,2022-03-23,418.8771362304688,418.8379,2022-05-25,375.0545349121094,BEAR,45,399170.94,357086.2,-42084.74,-10.543,False,2
SPY,C1_Decoupled_Scores,2022-06-27,368.3519592285156,368.381,2022-08-25,397.6615905761719,BEAR,43,360086.2,388318.92,28232.72,7.8405,False,2
SPY,C1_Decoupled_Scores,2022-08-26,384.2011413574219,384.1683,2022-09-16,366.9810485839844,BEAR,15,389318.92,371529.56,-17789.36,-4.5694,False,1
SPY,C1_Decoupled_Scores,2022-10-14,340.3969421386719,340.5489,2022-12-07,374.21484375,BEAR,38,374529.56,411143.43,36613.88,9.776,False,2
SPY,C1_Decoupled_Scores,2022-12-08,377.14642333984375,377.7254,2023-10-20,407.2051696777344,BEAR,226,421143.43,453558.02,32414.59,7.6968,False,10
SPY,C2_Panic_Latch,2014-04-21,152.20523071289062,153.7294,2015-06-30,171.62454223632812,BEAR,311,115000.0,128258.47,13258.47,11.5291,False,14
SPY,C2_Panic_Latch,2015-07-16,177.00216674804688,176.8669,2015-09-11,164.02926635742188,BEAR,41,131258.47,121609.58,-9648.89,-7.3511,False,2
SPY,C2_Panic_Latch,2015-10-12,168.8879852294922,168.9983,2016-01-05,169.7581787109375,BEAR,61,125609.58,126048.26,438.68,0.3492,False,3
SPY,C2_Panic_Latch,2016-03-01,167.0182342529297,174.179,2018-11-15,242.8201446533203,BEAR,707,160048.26,222897.72,62849.46,39.2691,False,32
SPY,C2_Panic_Latch,2018-11-29,243.674057006836,243.563,2019-01-04,225.78298950195312,BEAR,26,224897.72,208271.92,-16625.8,-7.3926,False,2
SPY,C2_Panic_Latch,2019-01-21,238.36973571777344,239.9831,2020-03-30,239.9014892578125,BEAR,310,222271.92,221974.25,-297.67,-0.1339,False,14
SPY,C2_Panic_Latch,2020-04-14,260.2012023925781,260.2003,2020-05-14,261.2831115722656,BEAR,22,223974.25,224681.51,707.26,0.3158,False,1
SPY,C2_Panic_Latch,2020-05-15,262.48419189453125,262.5665,2020-06-12,278.92388916015625,BEAR,20,225681.51,239501.4,13819.89,6.1236,False,1
SPY,C2_Panic_Latch,2020-06-15,281.5278015136719,286.6763,2022-02-04,422.19049072265625,BEAR,429,259501.4,381787.85,122286.45,47.1236,False,20
SPY,C2_Panic_Latch,2022-03-23,418.8771362304688,418.8364,2022-05-25,375.0545349121094,BEAR,45,384787.85,344220.74,-40567.12,-10.5427,False,2
SPY,C2_Panic_Latch,2022-06-27,368.3519592285156,368.3821,2022-08-25,397.6615905761719,BEAR,43,347220.74,374443.64,27222.9,7.8402,False,2
SPY,C2_Panic_Latch,2022-08-26,384.2011413574219,384.167,2022-09-16,366.9810485839844,BEAR,15,375443.64,358289.42,-17154.22,-4.5691,False,1
SPY,C2_Panic_Latch,2022-10-06,355.2167358398437,355.2167,2022-10-10,342.6717224121094,BEAR,2,359289.42,346254.15,-13035.27,-3.6281,True,0
SPY,C2_Panic_Latch,2022-10-24,360.6133728027344,360.6737,2022-12-07,374.21484375,BEAR,32,348254.15,360967.87,12713.73,3.6507,False,2
SPY,C2_Panic_Latch,2022-12-08,377.14642333984375,377.8038,2023-10-20,407.2051696777344,BEAR,226,370967.87,399437.59,28469.72,7.6744,False,10
SPY,C3_Reentry_Stop,2014-04-21,152.20523071289062,153.7294,2015-06-30,171.62454223632812,BEAR,311,115000.0,128258.47,13258.47,11.5291,False,14
SPY,C3_Reentry_Stop,2015-07-16,177.00216674804688,176.8669,2015-09-11,164.02926635742188,BEAR,41,131258.47,121609.58,-9648.89,-7.3511,False,2
SPY,C3_Reentry_Stop,2015-11-10,174.7880096435547,174.7442,2016-01-05,169.7581787109375,BEAR,40,125609.58,121903.59,-3705.99,-2.9504,False,2
SPY,C3_Reentry_Stop,2016-03-14,170.7192840576172,177.572,2018-11-15,242.8201446533203,BEAR,698,155903.59,212976.66,57073.07,36.6079,False,32
SPY,C3_Reentry_Stop,2019-01-21,238.36973571777344,239.9355,2020-03-30,239.9014892578125,BEAR,310,228976.66,228715.33,-261.33,-0.1141,False,14
SPY,C3_Reentry_Stop,2020-06-03,286.2314758300781,286.2315,2020-06-12,278.92388916015625,BEAR,7,231715.33,225573.88,-6141.46,-2.6504,False,0
SPY,C3_Reentry_Stop,2020-06-16,286.94659423828125,292.1395,2022-02-04,422.19049072265625,BEAR,428,245573.88,354540.65,108966.77,44.3723,False,20
SPY,C3_Reentry_Stop,2022-03-23,418.8771362304688,418.8333,2022-05-25,375.0545349121094,BEAR,45,357540.65,319848.5,-37692.15,-10.5421,False,2
SPY,C3_Reentry_Stop,2022-06-27,368.3519592285156,368.3844,2022-08-25,397.6615905761719,BEAR,43,322848.5,348158.41,25309.91,7.8396,False,2
SPY,C3_Reentry_Stop,2022-08-26,384.2011413574219,384.1645,2022-09-16,366.9810485839844,BEAR,15,349158.41,333207.4,-15951.01,-4.5684,False,1
SPY,C3_Reentry_Stop,2022-10-14,340.3969421386719,340.5662,2022-12-07,374.21484375,BEAR,38,336207.4,369056.14,32848.74,9.7704,False,2
SPY,C3_Reentry_Stop,2022-12-13,382.6003723144531,382.6004,2022-12-20,363.86627197265625,STOP_LOSS_5PCT,5,369056.14,350634.43,-18421.71,-4.9916,True,0
SPY,C3_Reentry_Stop,2023-01-13,381.0392761230469,381.6694,2023-10-20,407.2051696777344,BEAR,200,360634.43,384378.29,23743.86,6.5839,False,9
SPY,C4_A_plus_B,2014-04-21,152.20523071289062,153.7294,2015-06-30,171.62454223632812,BEAR,311,115000.0,128258.47,13258.47,11.5291,False,14
SPY,C4_A_plus_B,2015-07-16,177.00216674804688,176.8669,2015-09-11,164.02926635742188,BEAR,41,131258.47,121609.58,-9648.89,-7.3511,False,2
SPY,C4_A_plus_B,2015-10-06,165.76193237304688,165.9416,2016-01-05,169.7581787109375,BEAR,65,125609.58,128370.11,2760.53,2.1977,False,3
SPY,C4_A_plus_B,2016-02-01,163.2581787109375,170.8103,2018-11-15,242.8201446533203,BEAR,728,162370.11,230591.0,68220.89,42.0157,False,33
SPY,C4_A_plus_B,2018-11-29,243.674057006836,243.5666,2019-01-04,225.78298950195312,BEAR,26,232591.0,215393.22,-17197.78,-7.394,False,2
SPY,C4_A_plus_B,2019-01-21,238.36973571777344,239.9327,2020-03-30,239.9014892578125,BEAR,310,229393.22,229134.15,-259.07,-0.1129,False,14
SPY,C4_A_plus_B,2020-04-14,260.2012023925781,260.2003,2020-05-14,261.2831115722656,BEAR,22,231134.15,231864.0,729.85,0.3158,False,1
SPY,C4_A_plus_B,2020-05-15,262.48419189453125,262.564,2020-06-12,278.92388916015625,BEAR,20,232864.0,247126.1,14262.11,6.1247,False,1
SPY,C4_A_plus_B,2020-06-15,281.5278015136719,286.5267,2022-02-04,422.19049072265625,BEAR,429,267126.1,393210.74,126084.63,47.2004,False,20
SPY,C4_A_plus_B,2022-03-18,419.5566101074219,419.5135,2022-05-25,375.0545349121094,BEAR,48,396210.74,353867.28,-42343.46,-10.6871,False,2
SPY,C4_A_plus_B,2022-06-27,368.3519592285156,368.3813,2022-08-25,397.6615905761719,BEAR,43,356867.28,384847.35,27980.06,7.8405,False,2
SPY,C4_A_plus_B,2022-08-26,384.2011413574219,384.168,2022-09-16,366.9810485839844,BEAR,15,385847.35,368216.9,-17630.45,-4.5693,False,1
SPY,C4_A_plus_B,2022-10-06,355.2167358398437,355.2167,2022-10-10,342.6717224121094,BEAR,2,369216.9,355821.45,-13395.45,-3.6281,True,0
SPY,C4_A_plus_B,2022-10-24,360.6133728027344,360.6721,2022-12-07,374.21484375,BEAR,32,357821.45,370886.1,13064.66,3.6512,False,2
SPY,C4_A_plus_B,2022-12-08,377.14642333984375,377.7867,2023-10-20,407.2051696777344,BEAR,226,380886.1,410135.61,29249.5,7.6793,False,10
SPY,C5_A_plus_C,2014-04-21,152.20523071289062,153.7294,2015-06-30,171.62454223632812,BEAR,311,115000.0,128258.47,13258.47,11.5291,False,14
SPY,C5_A_plus_C,2015-07-16,177.00216674804688,176.8669,2015-09-11,164.02926635742188,BEAR,41,131258.47,121609.58,-9648.89,-7.3511,False,2
SPY,C5_A_plus_C,2015-11-10,174.7880096435547,174.7442,2016-01-05,169.7581787109375,BEAR,40,125609.58,121903.59,-3705.99,-2.9504,False,2
SPY,C5_A_plus_C,2016-03-14,170.7192840576172,177.572,2018-11-15,242.8201446533203,BEAR,698,155903.59,212976.66,57073.07,36.6079,False,32
SPY,C5_A_plus_C,2019-01-21,238.36973571777344,239.9355,2020-03-30,239.9014892578125,BEAR,310,228976.66,228715.33,-261.33,-0.1141,False,14
SPY,C5_A_plus_C,2020-06-03,286.2314758300781,286.2315,2020-06-12,278.92388916015625,BEAR,7,231715.33,225573.88,-6141.46,-2.6504,False,0
SPY,C5_A_plus_C,2020-06-16,286.94659423828125,292.1395,2022-02-04,422.19049072265625,BEAR,428,245573.88,354540.65,108966.77,44.3723,False,20
SPY,C5_A_plus_C,2022-03-23,418.8771362304688,418.8333,2022-05-25,375.0545349121094,BEAR,45,357540.65,319848.5,-37692.15,-10.5421,False,2
SPY,C5_A_plus_C,2022-06-27,368.3519592285156,368.3844,2022-08-25,397.6615905761719,BEAR,43,322848.5,348158.41,25309.91,7.8396,False,2
SPY,C5_A_plus_C,2022-08-26,384.2011413574219,384.1645,2022-09-16,366.9810485839844,BEAR,15,349158.41,333207.4,-15951.01,-4.5684,False,1
SPY,C5_A_plus_C,2022-10-14,340.3969421386719,340.5662,2022-12-07,374.21484375,BEAR,38,336207.4,369056.14,32848.74,9.7704,False,2
SPY,C5_A_plus_C,2022-12-13,382.6003723144531,382.6004,2022-12-20,363.86627197265625,STOP_LOSS_5PCT,5,369056.14,350634.43,-18421.71,-4.9916,True,0
SPY,C5_A_plus_C,2023-01-13,381.0392761230469,381.6694,2023-10-20,407.2051696777344,BEAR,200,360634.43,384378.29,23743.86,6.5839,False,9
SPY,C6_B_plus_C,2014-04-21,152.20523071289062,153.7294,2015-06-30,171.62454223632812,BEAR,311,115000.0,128258.47,13258.47,11.5291,False,14
SPY,C6_B_plus_C,2015-07-16,177.00216674804688,176.8669,2015-09-11,164.02926635742188,BEAR,41,131258.47,121609.58,-9648.89,-7.3511,False,2
SPY,C6_B_plus_C,2015-11-10,174.7880096435547,174.7442,2016-01-05,169.7581787109375,BEAR,40,125609.58,121903.59,-3705.99,-2.9504,False,2
SPY,C6_B_plus_C,2016-03-14,170.7192840576172,177.572,2018-11-15,242.8201446533203,BEAR,698,155903.59,212976.66,57073.07,36.6079,False,32
SPY,C6_B_plus_C,2018-11-29,243.674057006836,243.5578,2019-01-04,225.78298950195312,BEAR,26,214976.66,199088.48,-15888.19,-7.3907,False,2
SPY,C6_B_plus_C,2019-01-21,238.36973571777344,240.0531,2020-03-30,239.9014892578125,BEAR,310,213088.48,212741.03,-347.44,-0.1631,False,14
SPY,C6_B_plus_C,2020-04-14,260.2012023925781,260.2003,2020-05-14,261.2831115722656,BEAR,22,214741.03,215419.17,678.14,0.3158,False,1
SPY,C6_B_plus_C,2020-05-19,267.70123291015625,267.7659,2020-06-12,278.92388916015625,BEAR,18,216419.17,225212.16,8792.98,4.0629,False,1
SPY,C6_B_plus_C,2020-06-16,286.94659423828125,292.1473,2022-02-04,422.19049072265625,BEAR,428,245212.16,354008.98,108796.82,44.3684,False,20
SPY,C6_B_plus_C,2022-03-23,418.8771362304688,418.8333,2022-05-25,375.0545349121094,BEAR,45,357008.98,319372.92,-37636.05,-10.542,False,2
SPY,C6_B_plus_C,2022-06-27,368.3519592285156,368.3845,2022-08-25,397.6615905761719,BEAR,43,322372.92,347645.5,25272.58,7.8395,False,2
SPY,C6_B_plus_C,2022-08-26,384.2011413574219,384.1644,2022-09-16,366.9810485839844,BEAR,15,348645.5,332717.98,-15927.53,-4.5684,False,1
SPY,C6_B_plus_C,2022-10-06,355.2167358398437,355.2167,2022-10-10,342.6717224121094,BEAR,2,333717.98,321610.45,-12107.52,-3.6281,True,0
SPY,C6_B_plus_C,2022-10-24,360.6133728027344,360.6783,2022-12-07,374.21484375,BEAR,32,323610.45,335420.24,11809.79,3.6494,False,2
SPY,C6_B_plus_C,2022-12-13,382.6003723144531,382.6004,2022-12-20,363.86627197265625,STOP_LOSS_5PCT,5,335420.24,318677.48,-16742.75,-4.9916,True,0
SPY,C6_B_plus_C,2023-01-02,365.6734313964844,366.7159,2023-10-20,407.2051696777344,BEAR,209,328677.48,364602.16,35924.68,10.9301,False,9
SPY,C7_Full_Candidate,2014-04-21,152.20523071289062,153.7294,2015-06-30,171.62454223632812,BEAR,311,115000.0,128258.47,13258.47,11.5291,False,14
SPY,C7_Full_Candidate,2015-07-16,177.00216674804688,176.8669,2015-09-11,164.02926635742188,BEAR,41,131258.47,121609.58,-9648.89,-7.3511,False,2
SPY,C7_Full_Candidate,2015-10-06,165.76193237304688,165.9416,2016-01-05,169.7581787109375,BEAR,65,125609.58,128370.11,2760.53,2.1977,False,3
SPY,C7_Full_Candidate,2016-02-01,163.2581787109375,163.2582,2016-02-12,157.3399658203125,STOP_LOSS_5PCT,9,129370.11,124555.74,-4814.37,-3.7214,False,0
SPY,C7_Full_Candidate,2016-02-17,162.60910034179688,170.4884,2018-11-15,242.8201446533203,BEAR,716,157555.74,224176.31,66620.57,42.2838,False,33
SPY,C7_Full_Candidate,2018-11-29,243.674057006836,243.5636,2019-01-04,225.78298950195312,BEAR,26,226176.31,209455.45,-16720.86,-7.3928,False,2
SPY,C7_Full_Candidate,2019-01-21,238.36973571777344,239.9745,2020-03-30,239.9014892578125,BEAR,310,223455.45,223164.19,-291.25,-0.1303,False,14
SPY,C7_Full_Candidate,2020-04-14,260.2012023925781,260.2003,2020-05-14,261.2831115722656,BEAR,22,225164.19,225875.21,711.02,0.3158,False,1
SPY,C7_Full_Candidate,2020-05-19,267.70123291015625,267.7629,2020-06-12,278.92388916015625,BEAR,18,226875.21,236095.65,9220.44,4.0641,False,1
SPY,C7_Full_Candidate,2020-06-16,286.94659423828125,291.9224,2022-02-04,422.19049072265625,BEAR,428,256095.65,370006.08,113910.43,44.4796,False,20
SPY,C7_Full_Candidate,2022-03-18,419.5566101074219,419.5108,2022-05-25,375.0545349121094,BEAR,48,373006.08,333144.66,-39861.42,-10.6865,False,2
SPY,C7_Full_Candidate,2022-06-27,368.3519592285156,368.3831,2022-08-25,397.6615905761719,BEAR,43,336144.66,362498.19,26353.53,7.8399,False,2
SPY,C7_Full_Candidate,2022-08-26,384.2011413574219,384.1659,2022-09-16,366.9810485839844,BEAR,15,363498.19,346890.78,-16607.41,-4.5688,False,1
SPY,C7_Full_Candidate,2022-10-06,355.2167358398437,355.2167,2022-10-10,342.6717224121094,BEAR,2,347890.78,335269.05,-12621.72,-3.6281,True,0
SPY,C7_Full_Candidate,2022-10-24,360.6133728027344,360.6757,2022-12-07,374.21484375,BEAR,32,337269.05,349579.84,12310.79,3.6501,False,2
SPY,C7_Full_Candidate,2022-12-13,382.6003723144531,382.6004,2022-12-20,363.86627197265625,STOP_LOSS_5PCT,5,349579.84,332130.3,-17449.54,-4.9916,True,0
SPY,C7_Full_Candidate,2023-01-02,365.6734313964844,366.6748,2023-10-20,407.2051696777344,BEAR,209,342130.3,379567.92,37437.62,10.9425,False,9
